movieId,tmdbId,id,title,overview,popularity,vote_average,vote_count,release_date,runtime,director,poster_path,genres,keywords,cast
1,862,862,Toy Story,"Led by Woody, Andy's toys live happily in his room until Andy's birthday brings Buzz Lightyear onto the scene. Afraid of losing his place in Andy's heart, Woody plots against Buzz. But when circumstances separate Buzz and Woody from their owner, the duo eventually learns to put aside their differences.",73.640445,7.7,5269,1995-10-30,81.0,,,"[""Animation"", ""Comedy"", ""Family""]","[""jealousy"", ""toy"", ""boy"", ""friendship"", ""friends"", ""rivalry"", ""boy next door"", ""new toy"", ""toy comes to life""]",[]
10,710,710,GoldenEye,James Bond must unmask the mysterious head of the Janus Syndicate and prevent the leader from utilizing the GoldenEye weapons system to inflict devastating revenge on Britain.,59.824565,6.6,1174,1995-11-16,130.0,,,"[""Adventure"", ""Action"", ""Thriller""]","[""cuba"", ""falsely accused"", ""secret identity"", ""computer virus"", ""secret base"", ""secret intelligence service"", ""kgb"", ""satellite"", ""special car"", ""cossack"", ""electromagnetic pulse"", ""time bomb"", ""st. petersburg russia"", ""ejection seat"", ""red army""]",[]
47,807,807,Se7en,"Two homicide detectives are on a desperate hunt for a serial killer whose crimes are based on the ""seven deadly sins"" in this dark and haunting film that takes viewers from the tortured remains of one victim to the next. The seasoned Det. Sommerset researches each sin in an effort to get inside the killer's mind, while his novice partner, Mills, scoffs at his efforts to unravel the case.",79.579532,8.1,5765,1995-09-22,127.0,,,"[""Crime"", ""Mystery"", ""Thriller""]","[""self-fulfilling prophecy"", ""detective"", ""s.w.a.t."", ""drug dealer"", ""evisceration"", ""lust and impulsiveness"", ""rage and hate"", ""pride and vanity"", ""immoderateness"", ""insomnia"", ""investigation"", ""pension"", ""police"", ""serial killer""]",[]
48,10530,10530,Pocahontas,"History comes gloriously to life in Disney's epic animated tale about love and adventure in the New World. Pocahontas is a Native American woman whose father has arranged for her to marry her village's best warrior. But a vision tells her change is coming, and soon she comes face to face with it in the form of Capt. John Smith.",47.845589,6.7,1457,1995-06-14,81.0,,,"[""Adventure"", ""Animation"", ""Drama"", ""Family""]","[""culture clash"", ""settler"", ""forbidden love"", ""colony"", ""musical"", ""gold rush"", ""princess"", ""romance"", ""native american"", ""animation"", ""virginia"", ""star crossed lovers"", ""reference to pizarro"", ""jamestown virginia"", ""pug dog"", ""cross cultural relationship"", ""musket"", ""animate tree"", ""indian chief"", ""based on folk tale"", ""17th century"", ""shamanism"", ""songs"", ""indians vs. settlers"", ""animal sidekick"", ""powhatan"", ""land claim""]",[]
50,629,629,The Usual Suspects,"Held in an L.A. interrogation room, Verbal Kint attempts to convince the feds that a mythic crime lord, Keyser Soze, not only exists, but was also responsible for drawing him and his four partners into a multi-million dollar heist that ended with an explosion in San Pedro harbor – leaving few survivors. Verbal lures his interrogators with an incredible story of the crime lord's almost supernatural prowess.",64.025031,8.1,3254,1995-07-19,106.0,,,"[""Drama"", ""Crime"", ""Thriller""]","[""law"", ""relatives"", ""theft"", ""criminal"", ""criminal mastermind"", ""hungarian"", ""sibling""]",[]
70,755,755,From Dusk Till Dawn,"Seth Gecko and his younger brother Richard are on the run after a bloody bank robbery in Texas. They escape across the border into Mexico and will be home-free the next morning, when they pay off the local kingpin. They just have to survive 'from dusk till dawn' at the rendezvous point, which turns out to be a Hell of a strip joint.",64.181668,6.9,1603,1996-01-19,108.0,,,"[""Horror"", ""Action"", ""Thriller"", ""Crime""]","[""dancing"", ""brother brother relationship"", ""sexual obsession"", ""showdown"", ""sheriff"", ""eroticism"", ""nudity"", ""bank robber"", ""vampire"", ""holy water"", ""siege"", ""stripper"", ""priest"", ""explosion"", ""extreme violence"", ""bank robbery"", ""preacher"", ""hostage situation"", ""crucifix"", ""recreational vehicle"", ""blood spurting"", ""convenience store"", ""female vampire"", ""mexican american border"", ""nightclub entertainer"", ""boa constrictor""]",[]
110,197,197,Braveheart,"Enraged at the slaughter of Murron, his new bride and childhood love, Scottish warrior William Wallace slays a platoon of the local English lord's soldiers. This leads the village to revolt and, eventually, the entire country to rise up against English rule.",60.722162,7.7,3336,1995-05-24,177.0,,,"[""Action"", ""Drama"", ""History"", ""War""]","[""individual"", ""scotland"", ""in love with enemy"", ""legend"", ""independence"", ""idealism"", ""revolt"", ""tyranny""]",[]
111,103,103,Taxi Driver,"A mentally unstable Vietnam War veteran works as a night-time taxi driver in New York City where the perceived decadence and sleaze feeds his urge for violent action, attempting to save a preadolescent prostitute in the process.",58.845025,8.0,2535,1976-02-07,114.0,,,"[""Crime"", ""Drama""]","[""vietnam veteran"", ""taxi"", ""obsession"", ""drug dealer"", ""night shift"", ""vigilante"", ""alienation"", ""misanthrope"", ""shot to death"", ""illegal prostitution"", ""loner""]",[]
150,568,568,Apollo 13,"The true story of technical troubles that scuttle the Apollo 13 lunar mission in 1971, risking the lives of astronaut Jim Lovell and his crew, with the failed journey turning into a thrilling saga of heroism. Drifting more than 200,000 miles from Earth, the astronauts work furiously with the ground crew to avert tragedy.",68.140214,7.3,1599,1995-06-30,140.0,,,"[""Drama""]","[""moon"", ""florida"", ""nasa"", ""spaceman"", ""race against time"", ""houston"", ""based on true story"", ""space"", ""rescue"", ""survival"", ""disaster"", ""explosion"", ""astronaut"", ""imax"", ""saturn v rocket"", ""courage"", ""hypothermia"", ""apollo program"", ""cape kennedy"", ""lunar mission"", ""spacecraft accident""]",[]
153,414,414,Batman Forever,"The Dark Knight of Gotham City confronts a dastardly duo: Two-Face and the Riddler. Formerly District Attorney Harvey Dent, Two-Face believes Batman caused the courtroom accident which left him disfigured on one side. And Edward Nygma, computer-genius and former employee of millionaire Bruce Wayne, is out to get the philanthropist; as The Riddler. Former circus acrobat Dick Grayson, his family killed by Two-Face, becomes Wayne's ward and Batman's new partner Robin.",48.205606,5.2,1498,1995-05-31,121.0,,,"[""Action"", ""Crime"", ""Fantasy""]","[""riddle"", ""dc comics"", ""rose"", ""gotham city"", ""partner"", ""superhero"", ""robin"", ""broken neck"", ""psychologist"", ""violence"", ""criminal"", ""district attorney"", ""millionaire"", ""falling down stairs"", ""tied up"", ""tommy gun"", ""beretta"", ""knocked out"", ""super powers"", ""disfigurement"", ""father figure""]",[]
165,1572,1572,Die Hard: With a Vengeance,"New York detective John McClane is back and kicking bad-guy butt in the third installment of this action-packed series, which finds him teaming with civilian Zeus Carver to prevent the loss of innocent lives. McClane thought he'd seen it all, until a genius named Simon engages McClane, his new ""partner"" -- and his beloved city -- in a deadly game that demands their concentration.",51.881077,6.9,2066,1995-05-19,128.0,,,"[""Action"", ""Thriller""]","[""bomb"", ""taxi"", ""riddle"", ""robbery"", ""detective"", ""helicopter"", ""gold"", ""subway"", ""ship"", ""fistfight"", ""police"", ""sequel"", ""deception"", ""shootout"", ""new york city"", ""explosion"", ""violence"", ""car chase"", ""fbi agent"", ""simon says"", ""flashback"", ""dump truck"", ""aqueduct"", ""action hero"", ""federal reserve bank""]",[]
253,628,628,Interview with the Vampire,"A vampire relates his epic life story of love, betrayal, loneliness, and dark hunger to an over-curious reporter.",50.163785,7.2,1516,1994-11-11,123.0,,,"[""Horror"", ""Romance""]","[""paris"", ""san francisco"", ""vampire"", ""plantation"", ""pity"", ""bite"", ""fang vamp""]",[]
260,11,11,Star Wars,Princess Leia is captured and held hostage by the evil Imperial forces in their effort to take over the galactic Empire. Venturesome Luke Skywalker and dashing captain Han Solo team together with the loveable robot duo R2-D2 and C-3PO to rescue the beautiful princess and restore peace and justice in the Empire.,126.393695,8.1,6624,1977-05-25,121.0,,,"[""Adventure"", ""Action"", ""Science Fiction""]","[""android"", ""galaxy"", ""hermit"", ""death star"", ""lightsaber"", ""jedi"", ""rescue mission"", ""empire"", ""rebellion"", ""planet"", ""smuggler"", ""the force"", ""space opera"", ""galactic war"", ""stormtrooper"", ""totalitarianism""]",[]
296,680,680,Pulp Fiction,"A burger-loving hit man, his philosophical partner, a drug-addled gangster's moll and a washed-up boxer converge in this sprawling, comedic crime caper. Their adventures unfurl in three stories that ingeniously trip back and forth in time.",121.463076,8.3,8428,1994-10-08,154.0,,,"[""Thriller"", ""Crime""]","[""transporter"", ""brothel"", ""drug dealer"", ""boxer"", ""massage"", ""stolen money"", ""crime boss"", ""dance contest"", ""junkyard"", ""kamikaze"", ""ambiguous ending"", ""briefcase"", ""redemption"", ""heirloom"", ""pulp fiction"", ""reference to al green"", ""theft"", ""brutality""]",[]
318,278,278,The Shawshank Redemption,"Framed in the 1940s for the double murder of his wife and her lover, upstanding banker Andy Dufresne begins a new life at the Shawshank prison, where he puts his accounting skills to work for an amoral warden. During his long stretch in prison, Dufresne comes to be admired by the other inmates -- including an older prisoner named Red -- for his integrity and unquenchable sense of hope.",136.747729,8.5,8205,1994-09-23,142.0,,,"[""Drama"", ""Crime""]","[""prison"", ""corruption"", ""police brutality"", ""prison cell"", ""delinquent"", ""parole board"", ""escape from prison"", ""wrongful imprisonment"", ""framed for murder"", ""1940s""]",[]
356,13,13,Forrest Gump,"A man with a low IQ has accomplished great things in his life and been present during significant historic events - in each case, far exceeding what anyone imagined he could do. Yet, despite all the things he has attained, his one true love eludes him. 'Forrest Gump' is the story of a man who rose above his challenges, and who proved that determination, courage, and love are more important than ability.",138.133331,8.2,7927,1994-07-06,142.0,,,"[""Comedy"", ""Drama"", ""Romance""]","[""vietnam veteran"", ""hippie"", ""mentally disabled"", ""running"", ""based on novel"", ""vietnam"", ""vietnam war"", ""friendship"", ""love"", ""family relationships"", ""bully"", ""mother son relationship"", ""military"", ""hugging"", ""shrimping"", ""wounded soldier"", ""flashback"", ""park bench"", ""amputee""]",[]
364,8587,8587,The Lion King,A young lion cub named Simba can't wait to be king. But his uncle craves the title for himself and will stop at nothing to get it.,90.457886,8.0,5376,1994-06-23,89.0,,,"[""Family"", ""Animation"", ""Drama""]","[""loss of parents"", ""wild boar"", ""uncle"", ""shaman"", ""redemption"", ""king"", ""scar"", ""hyena"", ""meerkat""]",[]
367,854,854,The Mask,"When timid bank clerk Stanley Ipkiss discovers a magical mask containing the spirit of the Norse god Loki, his entire life changes. While wearing the mask, Ipkiss becomes a supernatural playboy exuding charm and confidence which allows him to catch the eye of local nightclub singer Tina Carlyle. Unfortunately, under the mask's influence, Ipkiss also robs a bank, which angers junior crime lord Dorian Tyrell, whose goons get blamed for the heist.",85.30318,6.6,2472,1994-07-29,101.0,,,"[""Romance"", ""Comedy"", ""Crime"", ""Fantasy""]","[""dual identity"", ""bank"", ""mockery"", ""green"", ""balloon"", ""jail cell"", ""norse mythology""]",[]
377,1637,1637,Speed,"Los Angeles SWAT cop Jack Traven is up against bomb expert Howard Payne, who's after major ransom money. First it's a rigged elevator in a very tall building. Then it's a rigged bus--if it slows, it will blow, bad enough any day, but a nightmare in LA traffic. And that's still not the end.",49.526736,6.8,1783,1994-06-09,116.0,,,"[""Action"", ""Adventure"", ""Crime""]","[""bomb"", ""airport"", ""bus"", ""bus ride"", ""highway"", ""bomb planting""]",[]
457,5503,5503,The Fugitive,"Wrongfully accused of murdering his wife, Richard Kimble escapes from the law in an attempt to find her killer and clear his name. Pursuing him is a team of U.S. marshals led by Deputy Samuel Gerard, a determined detective who will not rest until Richard is captured. As Richard leads the team through a series of intricate chases, he discovers the secrets behind his wife's death and struggles to expose the killer before it is too late.",54.884297,7.2,1220,1993-08-06,130.0,,,"[""Adventure"", ""Action"", ""Thriller"", ""Crime"", ""Mystery""]","[""chicago"", ""showdown"", ""undercover"", ""surgeon"", ""death sentence"", ""doomed man"", ""lethal injection"", ""chase"", ""remake"", ""betrayal"", ""on the run"", ""train crash"", ""escape"", ""fugitive"", ""based on tv series"", ""u.s. marshal"", ""doctor"", ""explosion"", ""home invasion"", ""disguise"", ""one armed man"", ""framed for murder"", ""flashback"", ""corrupt cop"", ""manhunt"", ""bus accident"", ""storm drain""]",[]
527,424,424,Schindler's List,The true story of how businessman Oskar Schindler saved over a thousand Jewish lives from the Nazis while they worked as slaves in his factory during World War II.,104.469351,8.3,4329,1993-11-29,195.0,,,"[""Drama"", ""History"", ""War""]","[""factory"", ""concentration camp"", ""hero"", ""holocaust"", ""world war ii"", ""nazis"", ""defense industry"", ""biography"", ""the holocaust""]",[]
541,78,78,Blade Runner,"In the smog-choked dystopian Los Angeles of 2019, blade runner Rick Deckard is called out of retirement to terminate a quartet of replicants who have escaped to Earth seeking their creator for a way to extend their short life spans.",94.056131,7.9,3509,1982-06-25,117.0,,,"[""Science Fiction"", ""Drama"", ""Thriller""]","[""artificial intelligence"", ""man vs machine"", ""cyborg"", ""bounty hunter"", ""android"", ""dystopia"", ""genetics"", ""fugitive"", ""cyberpunk"", ""los angeles"", ""tech noir"", ""neo-noir""]",[]
588,812,812,Aladdin,"Princess Jasmine grows tired of being forced to remain in the palace and she sneaks out into the marketplace  in disguise where she meets street-urchin Aladdin and the two fall in love, although she may only marry a prince. After being thrown in jail, Aladdin and becomes embroiled in a plot to find a mysterious lamp with which the evil Jafar hopes to rule the land.",92.982009,7.4,3416,1992-11-25,90.0,,,"[""Animation"", ""Family"", ""Comedy"", ""Adventure"", ""Fantasy"", ""Romance""]","[""magic"", ""musical"", ""cartoon"", ""princess"", ""love"", ""comedy"", ""animation"", ""monkey"", ""arab"", ""aftercreditsstinger"", ""genie"", ""animal sidekick""]",[]
589,280,280,Terminator 2: Judgment Day,"Nearly 10 years have passed since Sarah Connor was targeted for termination by a cyborg from the future. Now her son, John, the future leader of the resistance, is the target for a newer, more deadly terminator. Once again, the resistance has managed to send a protector back to attempt to save John and his mother Sarah.",101.74155,7.7,4185,1991-07-01,137.0,,,"[""Action"", ""Thriller"", ""Science Fiction""]","[""cyborg"", ""shotgun"", ""post-apocalyptic"", ""dystopia"", ""moral ambiguity"", ""mental institution"", ""violence"", ""fictional war"", ""morphing"", ""nuclear weapons"", ""shape shifter"", ""savior"", ""catch phrase""]",[]
594,408,408,Snow White and the Seven Dwarfs,"A beautiful girl, Snow White, takes refuge in the forest in the house of seven dwarfs to hide from her stepmother, the wicked Queen. The Queen is jealous because she wants to be known as ""the fairest in the land,"" and Snow White's beauty surpasses her own.",80.171283,6.9,1914,1937-12-20,83.0,,,"[""Fantasy"", ""Animation"", ""Family""]","[""poison"", ""witch"", ""becoming an adult"", ""sadness"", ""queen"", ""attempted murder"", ""dying and death"", ""appearance"", ""princess"", ""candlelight vigil"", ""snow white""]",[]
648,954,954,Mission: Impossible,"When Ethan Hunt, the leader of a crack espionage team whose perilous operation has gone awry with no explanation, discovers that a mole has penetrated the CIA, he's surprised to learn that he's the No. 1 suspect. To clear his name, Hunt now must ferret out the real double agent and, in the process, even the score.",75.290998,6.7,2631,1996-05-22,110.0,,,"[""Adventure"", ""Action"", ""Thriller""]","[""paris"", ""london england"", ""spy"", ""cia"", ""terrorist"", ""secret identity"", ""undercover"", ""arms deal"", ""headquarter"", ""secret base"", ""secret mission"", ""prague"", ""embassy"", ""secret agent"", ""tgv"", ""computer"", ""mission"", ""based on tv series"", ""espionage"", ""agent""]",[]
733,9802,9802,The Rock,"A group of renegade marine commandos seizes a stockpile of chemical weapons and takes over Alcatraz, with 81 tourists as hostages. Their leader demands $100 million to be paid, as restitution to families of Marines who died in covert ops – or he will launch 15 rockets carrying deadly VX gas into the San Francisco Bay area.",51.469576,6.9,1456,1996-06-06,136.0,,,"[""Action"", ""Adventure"", ""Thriller""]","[""san francisco"", ""fbi"", ""gas attack"", ""alcatraz"", ""hostage situation"", ""fbi agent""]",[]
778,627,627,Trainspotting,"Renton, deeply immersed in the Edinburgh drug scene, tries to clean up and get out, despite the allure of the drugs and influence of friends.",63.513324,7.8,2655,1996-02-23,93.0,,,"[""Drama"", ""Crime""]","[""london england"", ""alcohol"", ""sex"", ""based on novel"", ""drug addiction"", ""drug dealer"", ""nightclub"", ""junkie"", ""heroin"", ""cold turkey"", ""modern society"", ""hallucination"", ""friendship"", ""surrealism"", ""dark comedy"", ""stealing"", ""monologue"", ""cult film"", ""recovering drug addict"", ""illegal drugs"", ""drug deal"", ""drug rehabilitation"", ""drug culture"", ""antihero""]",[]
780,602,602,Independence Day,"On July 2, a giant alien mothership enters orbit around Earth and deploys several dozen saucer-shaped 'destroyer' spacecraft that quickly lay waste to major cities around the planet. On July 3, the United States conducts a coordinated counterattack that fails. On July 4, a plan is devised to gain access to the interior of the alien mothership in space, in order to plant a nuclear missile.",60.442593,6.7,3260,1996-06-25,145.0,,,"[""Action"", ""Adventure"", ""Science Fiction""]","[""spacecraft"", ""patriotism"", ""countdown"", ""independence"", ""invasion"", ""war"", ""ufo"", ""extraterrestrial"", ""spaceship"", ""alien"", ""battle""]",[]
858,238,238,The Godfather,"Spanning the years 1945 to 1955, a chronicle of the fictional Italian-American Corleone crime family. When organized crime family patriarch, Vito Corleone barely survives an attempt on his life, his youngest son, Michael steps in to take care of the would-be killers, launching a campaign of bloody revenge.",143.659698,8.4,5893,1972-03-14,175.0,,,"[""Drama"", ""Crime""]","[""italy"", ""love at first sight"", ""loss of father"", ""patriarch"", ""organized crime"", ""mafia"", ""lawyer"", ""italian american"", ""crime family"", ""rise to power"", ""mob boss"", ""1940s""]",[]
919,630,630,The Wizard of Oz,"Young Dorothy finds herself in a magical world where she makes friends with a lion, a scarecrow and a tin man as they make their way along the yellow brick road to talk with the Wizard and ask for the things they miss most in their lives. The Wicked Witch of the West is the only thing that could stop them.",67.417542,7.4,1642,1939-08-15,102.0,,,"[""Adventure"", ""Family"", ""Fantasy""]","[""witch"", ""adolescence"", ""based on novel"", ""secret identity"", ""clock"", ""dream"", ""lion"", ""tornado"", ""scarecrow"", ""musical"", ""crow"", ""music"", ""kansas"", ""classic"", ""imaginary land"", ""cowardliness"", ""sepia color""]",[]
920,770,770,Gone with the Wind,An American classic in which a manipulative woman and a roguish man carry on a turbulent love affair in the American south during the Civil War and Reconstruction.,48.98255,7.7,970,1939-12-15,238.0,,,"[""Drama"", ""Romance"", ""War""]","[""life and death"", ""civil war"", ""southern usa"", ""loss of child"", ""marriage proposal"", ""atlanta"", ""luxury"", ""plantation"", ""typhus"", ""business woman"", ""marriage crisis""]",[]
924,62,62,2001: A Space Odyssey,"Humanity finds a mysterious object buried beneath the lunar surface and sets off to find its origins with the help of HAL 9000, the world's most advanced super computer.",86.201184,7.9,2998,1968-04-10,149.0,,,"[""Science Fiction"", ""Mystery"", ""Adventure""]","[""moon"", ""jupiter"", ""artificial intelligence"", ""man vs machine"", ""technology"", ""super computer"", ""human being"", ""space travel"", ""space mission"", ""moon base"", ""astronaut"", ""evolution"", ""monolith"", ""space station""]",[]
1028,433,433,Mary Poppins,"The movie combines a diverting story, songs, color and sequences of live action blended with the movements of animated figures. Mary Poppins is a kind of Super-nanny who flies in with her umbrella in response to the request of the Banks children and proceeds to put things right with the aid of her rather extraordinary magical powers before flying off again.",59.961523,7.4,1183,1964-08-27,139.0,,,"[""Comedy"", ""Family"", ""Fantasy""]","[""london england"", ""dancing"", ""parents kids relationship"", ""bank"", ""brother sister relationship"", ""famous score"", ""confidence"", ""nanny"", ""laughing"", ""magic"", ""chimney sweeper"", ""musical"", ""live action and animation""]",[]
1036,562,562,Die Hard,"NYPD cop, John McClane's plan to reconcile with his estranged wife is thrown for a serious loop when minutes after he arrives at her office, the entire building is overtaken by a group of terrorists. With little help from the LAPD, wisecracking McClane sets out to single-handedly rescue the hostages and bring the bad guys down.",66.169628,7.5,3948,1988-07-15,131.0,,,"[""Action"", ""Thriller""]","[""helicopter"", ""journalist"", ""based on novel"", ""terrorist"", ""skyscraper"", ""christmas party"", ""s.w.a.t."", ""hostage"", ""kidnapping"", ""vault"", ""fistfight"", ""murder"", ""heist"", ""shootout"", ""los angeles"", ""one man army"", ""explosion"", ""violence"", ""fbi agent"", ""walkie talkie"", ""christmas eve"", ""elevator shaft"", ""one night"", ""action hero""]",[]
1089,500,500,Reservoir Dogs,"A botched robbery indicates a police informant, and the pressure mounts in the aftermath at a warehouse. Crime begets violence as the survivors -- veteran Mr. White, newcomer Mr. Orange, psychopathic parolee Mr. Blonde, bickering weasel Mr. Pink and Nice Guy Eddie -- unravel.",66.925866,8.0,3697,1992-09-02,99.0,,,"[""Crime"", ""Thriller""]","[""traitor"", ""jewelry"", ""psychopath"", ""thief"", ""heist"", ""betrayal"", ""mystery"", ""escape"", ""gang"", ""plan gone wrong"", ""warehouse"", ""ensemble cast"", ""all male cast"", ""told in flashback"", ""heist gone wrong"", ""foreshadowing"", ""rendezvous"", ""iconic"", ""set in one room"", ""uneasy alliance"", ""rag tag group""]",[]
1090,792,792,Platoon,"As a young and naive recruit in Vietnam, Chris Taylor faces a moral crisis when confronted with the horrors of war and the duality of man.",49.802914,7.5,1205,1986-12-18,120.0,,,"[""Drama"", ""War"", ""Action""]","[""famous score"", ""hero"", ""mine"", ""vietnam war"", ""village"", ""gore"", ""jungle"", ""f word"", ""soldier"", ""battle"", ""combat"", ""1960s""]",[]
1097,601,601,E.T. the Extra-Terrestrial,"After a gentle alien becomes stranded on Earth, the being is discovered and befriended by a young boy named Elliott. Bringing the extraterrestrial into his suburban California house, Elliott introduces E.T., as the alien is dubbed, to his brother and his little sister, Gertie, and the children decide to keep its existence a secret. Soon, however, E.T. falls ill, resulting in government intervention and a dire situation for both Elliott and the alien.",56.105798,7.3,3269,1982-04-03,115.0,,,"[""Science Fiction"", ""Adventure"", ""Family"", ""Fantasy""]","[""farewell"", ""homesickness"", ""nasa"", ""extraterrestrial technology"", ""operation"", ""space marine"", ""loss of father"", ""hiding place"", ""riding a bicycle"", ""flying saucer"", ""prosecution"", ""halloween"", ""flowerpot"", ""finger"", ""single""]",[]
1101,744,744,Top Gun,"For Lieutenant Pete 'Maverick' Mitchell and his friend and Co-Pilot Nick 'Goose' Bradshaw being accepted into an elite training school for fighter pilots is a dream come true.  A tragedy, as well as personal demons, threaten Pete's dreams of becoming an Ace pilot.",58.900647,6.7,1698,1986-05-16,110.0,,,"[""Action"", ""Romance"", ""War""]","[""lovesickness"", ""loss of lover"", ""fighter pilot"", ""self-discovery"", ""pilot"", ""ejection seat"", ""dying and death"", ""officer"", ""training camp"", ""air force"", ""airplane"", ""dangerous"", ""battle assignment"", ""u.s. navy"", ""hostility"", ""secret love"", ""cowardliness"", ""pilot school""]",[]
1136,762,762,Monty Python and the Holy Grail,"King Arthur, accompanied by his squire, recruits his Knights of the Round Table, including Sir Bedevere the Wise, Sir Lancelot the Brave, Sir Robin the Not-Quite-So-Brave-As-Sir-Lancelot and Sir Galahad the Pure. On the way, Arthur battles the Black Knight who, despite having had all his limbs chopped off, insists he can still fight. They reach Camelot, but Arthur decides not  to enter, as ""it is a silly place"".",64.782984,7.8,1708,1975-03-13,91.0,,,"[""Adventure"", ""Comedy"", ""Fantasy""]","[""holy grail"", ""monk"", ""scotland yard"", ""swordplay"", ""camelot"", ""round table"", ""chapter"", ""aggression by animal"", ""knight"", ""king arthur"", ""wedding reception"", ""midnight movie"", ""monty python"", ""knights of the round table"", ""anarchic comedy""]",[]
1193,510,510,One Flew Over the Cuckoo's Nest,"While serving time for insanity at a state mental hospital, implacable rabble-rouser, Randle Patrick McMurphy inspires his fellow patients to rebel against the authoritarian rule of head nurse, Mildred Ratched.",127.525581,8.2,2919,1975-11-18,133.0,,,"[""Drama""]","[""individual"", ""rebel"", ""self-destruction"", ""wheelchair"", ""lunatic asylum"", ""dying and death"", ""rage and hate"", ""freedom"", ""insanity"", ""basic rights and human rights"", ""psychiatrist""]",[]
1196,1891,1891,The Empire Strikes Back,"The epic saga continues as Luke Skywalker, in hopes of defeating the evil Galactic Empire, learns the ways of the Jedi from aging master Yoda. But Darth Vader is more determined than ever to capture Luke. Meanwhile, rebel leader Princess Leia, cocky Han Solo, Chewbacca, and droids C-3PO and R2-D2 are thrown into various stages of capture, betrayal and despair.",78.51783,8.2,5879,1980-05-17,124.0,,,"[""Adventure"", ""Action"", ""Science Fiction""]","[""rebel"", ""android"", ""asteroid"", ""space battle"", ""snow storm"", ""space colony"", ""spaceship"", ""lightsaber"", ""jedi"", ""good vs evil"", ""rebellion"", ""the force"", ""space opera"", ""stormtrooper"", ""wookie"", ""jedi master"", ""jedi training"", ""droid""]",[]
1198,85,85,Raiders of the Lost Ark,"When Dr. Indiana Jones – the tweed-suited professor who just happens to be a celebrated archaeologist – is hired by the government to locate the legendary Ark of the Covenant, he finds himself up against the entire Nazi regime.",68.159596,7.7,3854,1981-06-12,115.0,,,"[""Adventure"", ""Action""]","[""saving the world"", ""riddle"", ""nepal"", ""himalaya"", ""cairo"", ""moses"", ""egypt"", ""whip"", ""treasure"", ""medallion"", ""leather jacket"", ""nazis"", ""hat"", ""mediterranean"", ""ark of the covenant"", ""ten commandments"", ""treasure hunt"", ""excavation"", ""swastika"", ""archaeologist"", ""indiana jones"", ""archeology\u00a0""]",[]
1200,679,679,Aliens,"When Ripley's lifepod is found by a salvage crew over 50 years later, she finds that terra-formers are on the very planet they found the alien species. When the company sends a family of colonists out to investigate her story, all contact is lost with the planet and colonists. They enlist Ripley and the colonial marines to return and search for answers.",67.66094,7.7,3220,1986-07-18,137.0,,,"[""Horror"", ""Action"", ""Thriller"", ""Science Fiction""]","[""android"", ""extraterrestrial technology"", ""space marine"", ""spaceman"", ""cryogenics"", ""vacuum"", ""space colony"", ""warrior woman"", ""settler"", ""space travel"", ""colony"", ""alien"", ""xenomorph""]",[]
1201,429,429,"The Good, the Bad and the Ugly","While the Civil War rages between the Union and the Confederacy, three men – a quiet loner, a ruthless hit man and a Mexican bandit – comb the American Southwest in search of a strongbox containing $200,000 in stolen gold.",88.377076,8.1,2311,1966-12-23,161.0,,,"[""Western""]","[""bounty hunter"", ""refugee"", ""gold"", ""anti hero"", ""gallows"", ""hitman"", ""army"", ""outlaw"", ""shootout"", ""moral ambiguity"", ""spaghetti western""]",[]
1203,389,389,12 Angry Men,"The defense and the prosecution have rested and the jury is filing into the jury room to decide if a young Spanish-American is guilty or innocent of murdering his father. What begins as an open and shut case soon becomes a mini-drama of each of the jurors' prejudices and preconceptions about the trial, the accused, and each other.",59.259204,8.2,2078,1957-03-25,96.0,,,"[""Drama""]","[""judge"", ""jurors"", ""sultriness"", ""death penalty"", ""father murder"", ""puerto rican"", ""anonymity"", ""court case"", ""heat"", ""group"", ""class"", ""innocence"", ""court"", ""courtroom""]",[]
1208,28,28,Apocalypse Now,"At the height of the Vietnam war, Captain Benjamin Willard is sent on a dangerous mission that, officially, ""does not exist, nor will it ever exist."" His goal is to locate - and eliminate - a mysterious Green Beret Colonel named Walter Kurtz, who has been leading his personal army on illegal guerrilla missions into enemy territory.",49.973462,8.0,2055,1979-08-15,153.0,,,"[""Drama"", ""War""]","[""guerrilla"", ""river"", ""vietnam"", ""vietcong"", ""cambodia"", ""army"", ""insanity"", ""tribe"", ""green beret"", ""jungle"", ""apocalypse"", ""death"", ""napalm""]",[]
1209,335,335,Once Upon a Time in the West,This classic western masterpiece is an epic film about a widow whose land and life are in danger as the railroad is getting closer and closer to taking them over. A mysterious harmonica player joins forces with a desperado to protect the woman and her land.,49.333137,8.1,1128,1968-12-21,175.0,,,"[""Western""]","[""showdown"", ""bounty"", ""bounty hunter"", ""loss of brother"", ""sadness"", ""blackmail"", ""harmonica"", ""anti hero"", ""auction"", ""dying and death"", ""peasant"", ""insanity"", ""spaghetti western""]",[]
1213,769,769,GoodFellas,"The true story of Henry Hill, a half-Irish, half-Sicilian Brooklyn kid who is adopted by neighbourhood gangsters at an early age and climbs the ranks of a Mafia family under the guidance of Jimmy Conway.",63.654244,8.2,3128,1990-09-12,145.0,,,"[""Drama"", ""Crime""]","[""prison"", ""based on novel"", ""florida"", ""1970s"", ""mass murder"", ""irish-american"", ""drug traffic"", ""biography"", ""based on true story"", ""murder"", ""organized crime"", ""gore"", ""mafia"", ""gangster"", ""new york city"", ""extreme violence"", ""violence"", ""brooklyn new york city"", ""crime epic"", ""tampa""]",[]
1214,348,348,Alien,"During its return to the earth, commercial spaceship Nostromo intercepts a distress signal from a distant planet. When a three-member team of the crew discovers a chamber containing thousands of eggs on the planet, a creature inside one of the eggs attacks an explorer. The entire crew is unaware of the impending nightmare set to descend upon them when the alien parasite planted inside its unfortunate host is birthed.",94.184658,7.9,4470,1979-05-25,117.0,,,"[""Horror"", ""Action"", ""Thriller"", ""Science Fiction""]","[""android"", ""countdown"", ""space marine"", ""space suit"", ""beheading"", ""dystopia"", ""biology"", ""cowardice"", ""spaceship"", ""space"", ""alien"", ""female protagonist"", ""outer space"", ""parasite"", ""h. r. giger"", ""xenomorph""]",[]
1219,539,539,Psycho,"When larcenous real estate clerk Marion Crane goes on the lam with a wad of cash and hopes of starting a new life, she ends up at the notorious Bates Motel, where manager Norman Bates cares for his housebound mother. The place seems quirky, but fine… until Marion decides to take a shower.",93.067866,8.2,2320,1960-06-16,109.0,,,"[""Drama"", ""Horror"", ""Thriller""]","[""hotel"", ""clerk"", ""arizona"", ""shower"", ""rain"", ""motel"", ""money"", ""secretary"", ""corpse"", ""murderer"", ""theft"", ""private detective"", ""proto-slasher""]",[]
1221,240,240,The Godfather: Part II,"In the continuing saga of the Corleone crime family, a young Vito Corleone grows up in Sicily and in 1910s New York. In the 1950s, Michael Corleone attempts to expand the family business into Las Vegas, Hollywood and Cuba.",105.792936,8.3,3338,1974-12-20,200.0,,,"[""Drama"", ""Crime""]","[""italo-american"", ""cuba"", ""vororte"", ""melancholy"", ""praise"", ""revenge"", ""mafia"", ""lawyer"", ""blood"", ""corrupt politician"", ""bloody body of child"", ""man punches woman""]",[]
1227,311,311,Once Upon a Time in America,"A former Prohibition-era Jewish gangster returns to the Lower East Side of Manhattan over thirty years later, where he once again must confront the ghosts and regrets of his old life.",49.336397,8.2,1069,1984-02-16,229.0,,,"[""Drama"", ""Crime""]","[""life and death"", ""corruption"", ""street gang"", ""rape"", ""sadistic"", ""lovesickness"", ""sexual abuse"", ""money laundering"", ""opium""]",[]
1240,218,218,The Terminator,"In the post-apocalyptic future, reigning tyrannical supercomputers teleport a cyborg assassin known as the ""Terminator"" back to 1984 to kill Sarah Connor, whose unborn son is destined to lead insurgents against 21st century mechanical hegemony. Meanwhile, the human-resistance movement dispatches a lone warrior to safeguard Sarah. Can he stop the virtually indestructible killing machine?",74.234793,7.3,4128,1984-10-26,108.0,,,"[""Action"", ""Thriller"", ""Science Fiction""]","[""saving the world"", ""artificial intelligence"", ""rebel"", ""cyborg"", ""shotgun"", ""killer robot"", ""sun glasses"", ""dystopia"", ""car chase"", ""laser gun"", ""urban setting"", ""future war""]",[]
1246,207,207,Dead Poets Society,"At an elite, old-fashioned boarding school in New England, a passionate English teacher inspires his students to rebel against convention and seize the potential of every day, courting the disdain of the stern headmaster.",55.458584,8.1,2705,1989-06-02,129.0,,,"[""Drama""]","[""individual"", ""philosophy"", ""poetry"", ""shakespeare"", ""professor"", ""literature"", ""friendship"", ""filmes focados em um professor""]",[]
1258,694,694,The Shining,"Jack Torrance accepts a caretaker job at the Overlook Hotel, where he, along with his wife Wendy and their son Danny, must live isolated from the rest of the world for the winter. But they aren't prepared for the madness that lurks within.",78.699993,8.1,3757,1980-05-22,144.0,,,"[""Horror"", ""Thriller""]","[""hotel"", ""isolation"", ""hotelier"", ""colorado"", ""maze"", ""bartender"", ""ax"", ""delusion"", ""loneliness"", ""caretaker"", ""vision"", ""snow"", ""writer"", ""alcoholic"", ""snowed in"", ""off season""]",[]
1259,235,235,Stand by Me,"After the death of a friend, a writer recounts a boyhood journey to find the body of a missing boy.",51.109279,7.8,1522,1986-08-22,89.0,,,"[""Crime"", ""Drama""]","[""based on novel"", ""friendship"", ""coming of age"", ""railroad track"", ""story within the story"", ""\u00a0flipping coin"", ""campfire story"", ""reference to superman"", ""normandy beach"", ""child"", ""1950s"", ""boys""]",[]
1265,137,137,Groundhog Day,"A narcissistic TV weatherman, along with his attractive-but-distant producer and mawkish cameraman, is sent to report on Groundhog Day in the small town of Punxsutawney, where he finds himself repeating the same day over and over.",52.744331,7.4,2301,1993-02-11,101.0,,,"[""Romance"", ""Fantasy"", ""Drama"", ""Comedy""]","[""deja vu"", ""groundhog"", ""weather forecast"", ""telecaster"", ""pennsylvania"", ""alarm clock"", ""winter"", ""time warp"", ""time loop"", ""cult film"", ""existentialism"", ""groundhog day""]",[]
1270,105,105,Back to the Future,"Eighties teenager Marty McFly is accidentally sent back in time to 1955, inadvertently disrupting his parents' first meeting and attracting his mother's romantic interest. Marty must repair the damage to history by rekindling his parents' romance and - with the help of his eccentric inventor friend Doc Brown - return to 1985.",76.603233,8.0,6079,1985-07-03,116.0,,,"[""Adventure"", ""Comedy"", ""Science Fiction"", ""Family""]","[""clock tower"", ""car race"", ""terrorist"", ""delorean"", ""lightning"", ""guitar"", ""plutonium"", ""sports car"", ""inventor"", ""journey in the past"", ""time travel"", ""race against time"", ""partner"", ""misfit"", ""mad scientist"", ""fish out of water"", ""teenage love"", ""destiny"", ""hidden identity"", ""odd couple"", ""escapade"", ""disorder"", ""chases and races"", ""love and romance"", ""teenage life"", ""misfit partners"", ""changing the past or future"", ""getting home"", ""inventions and discoveries""]",[]
1291,89,89,Indiana Jones and the Last Crusade,"When Dr. Henry Jones Sr. suddenly goes missing while pursuing the Holy Grail, eminent archaeologist Indiana must team up with Marcus Brody, Sallah and Elsa Schneider to follow in his father's footsteps and stop the Nazis from recovering the power of eternal life.",80.972475,7.6,3152,1989-05-24,127.0,,,"[""Adventure"", ""Action""]","[""saving the world"", ""venice"", ""holy grail"", ""library"", ""riddle"", ""father son relationship"", ""whip"", ""treasure"", ""nazis"", ""entrapment"", ""crusader"", ""treasure hunt"", ""escape"", ""panzer"", ""order of the templars"", ""archaeologist"", ""indiana jones"", ""archeology\u00a0""]",[]
1370,1573,1573,Die Hard 2,"John McClane is an off-duty cop gripped with a feeling of déjà vu when on a snowy Christmas Eve in the nation's capital, terrorists seize a major international airport, holding thousands of holiday travelers hostage. Renegade military commandos led by a murderous rogue officer plot to rescue a drug lord from justice and are prepared for every contingency except one: McClane's smart-mouthed heroics.",57.69847,6.6,1896,1990-07-02,124.0,,,"[""Action"", ""Thriller""]","[""ambush"", ""helicopter"", ""journalist"", ""based on novel"", ""airport"", ""hand grenade"", ""fistfight"", ""cop"", ""sequel"", ""snow"", ""dulles international airport"", ""shootout"", ""officer involved shooting"", ""terrorism"", ""explosion"", ""church"", ""violence"", ""sabotage"", ""walkie talkie"", ""swat team"", ""air traffic control"", ""commando unit"", ""snowmobile""]",[]
1377,364,364,Batman Returns,"Having defeated the Joker, Batman now faces the Penguin - a warped and deformed individual who is intent on being accepted into Gotham society. Crooked businessman Max Schreck is coerced into helping him become Mayor of Gotham and they both attempt to expose Batman in a different light. Selina Kyle, Max's secretary, is thrown from the top of a building and is transformed into Catwoman - a mysterious figure who has the same personality disorder as Batman. Batman must attempt to clear his name, all the time deciding just what must be done with the Catwoman.",59.113174,6.6,1673,1992-06-19,126.0,,,"[""Action"", ""Fantasy""]","[""holiday"", ""corruption"", ""double life"", ""dc comics"", ""crime fighter"", ""hallucination"", ""christmas tree"", ""gotham city"", ""vigilante"", ""superhero"", ""violence"", ""dark hero"", ""fictional city"", ""super villain"", ""super powers"", ""deformed"", ""bird cage"", ""evil circus"", ""christmas holiday""]",[]
1380,621,621,Grease,"Australian good girl Sandy and greaser Danny fell in love over the summer. But when they unexpectedly discover they're now in the same high school, will they be able to rekindle their romance despite their eccentric friends?",67.608041,7.2,1581,1978-07-07,110.0,,,"[""Romance""]","[""flying car"", ""street gang"", ""running"", ""graduation"", ""musical"", ""rivalry"", ""gossip"", ""makeover"", ""based on stage musical"", ""automobile racing"", ""nostalgic"", ""greaser"", ""wolf whistle"", ""school dance"", ""animated credits"", ""pep rally"", ""wrong side of the tracks"", ""mooning"", ""school principal""]",[]
1387,578,578,Jaws,"An insatiable great white shark terrorizes the townspeople of Amity Island, The police chief, an oceanographer and a grizzled shark hunter seek to destroy the bloodthirsty beast.",50.152327,7.5,2542,1975-06-18,124.0,,,"[""Horror"", ""Thriller"", ""Adventure""]","[""fishing"", ""atlantic ocean"", ""bathing"", ""shipwreck"", ""police chief"", ""ferry boat"", ""dying and death"", ""dolly zoom"", ""shark"", ""great white shark"", ""animal horror""]",[]
1527,18,18,The Fifth Element,"In 2257, a taxi driver is unintentionally given the task of saving a young girl who is part of the key that will ensure the survival of humanity.",109.528572,7.3,3885,1997-05-07,126.0,,,"[""Adventure"", ""Fantasy"", ""Action"", ""Thriller"", ""Science Fiction""]","[""clone"", ""taxi"", ""cyborg"", ""egypt"", ""future"", ""stowaway"", ""space travel"", ""race against time"", ""arms dealer"", ""love"", ""alien"", ""priest"", ""end of the world"", ""good vs evil"", ""shootout"", ""police chase"", ""cab driver"", ""new york city"", ""space opera"", ""military"", ""opera singer"", ""resort hotel"", ""ancient astronaut"", ""archeologist"", ""ancient evil"", ""cruise liner""]",[]
1562,415,415,Batman & Robin,"Along with crime-fighting partner Robin and new recruit Batgirl, Batman battles the dual threat of frosty genius Mr. Freeze and homicidal horticulturalist Poison Ivy. Freeze plans to put Gotham City on ice, while Ivy tries to drive a wedge between the dynamic duo.",50.073575,4.2,1418,1997-06-20,125.0,,,"[""Action"", ""Crime"", ""Fantasy""]","[""double life"", ""dc comics"", ""dual identity"", ""crime fighter"", ""fictional place"", ""gotham city"", ""superhero"", ""credit card"", ""super powers""]",[]
1580,607,607,Men in Black,"Men in Black follows the exploits of agents Kay and Jay, members of a top-secret organization established to monitor and police alien activity on Earth. The two Men in Black find themselves in the middle of the deadly plot by an intergalactic terrorist who has arrived on Earth to assassinate two ambassadors from opposing galaxies. In order to prevent worlds from colliding, the MiB must track down the terrorist and prevent the destruction of Earth. It's just another typical day for the Men in Black.",104.121555,6.9,4412,1997-07-02,98.0,,,"[""Action"", ""Adventure"", ""Comedy"", ""Science Fiction""]","[""secret identity"", ""sun glasses"", ""undercover"", ""space marine"", ""illegal immigration"", ""deportation"", ""new identity"", ""giant cockroach"", ""cannon"", ""flying saucer"", ""stay permit"", ""alien"", ""fictional government agency""]",[]
1584,686,686,Contact,"Contact is a science fiction film about an encounter with alien intelligence. Based on the novel by Carl Sagan the film starred Jodie Foster as the one chosen scientist who must make some difficult decisions between her beliefs, the truth, and reality.",55.249434,7.2,1308,1997-07-11,150.0,,,"[""Drama"", ""Science Fiction"", ""Mystery""]","[""based on novel"", ""nasa"", ""new mexico"", ""extraterrestrial technology"", ""prime number"", ""star"", ""radio wave"", ""wormhole"", ""fanatic"", ""spirituality"", ""religion"", ""scientist"", ""sabotage"", ""ham radio"", ""alien contact"", ""mechanical engineering"", ""observatory"", ""eccentric man"", ""radio telescope""]",[]
1625,2649,2649,The Game,"In honor of his birthday, San Francisco banker Nicholas Van Orton, a financial genius and a coldhearted loner, receives an unusual present from his younger brother, Conrad -- a gift certificate to play a unique kind of game. In nearly a nanosecond, Nicholas finds himself consumed by a dangerous set of ever-changing rules, unable to distinguish where the charade ends and reality begins.",62.925175,7.5,1506,1997-09-12,129.0,,,"[""Drama"", ""Thriller"", ""Mystery""]","[""brother brother relationship"", ""birthday"", ""danger of life"", ""birthday party"", ""surprising""]",[]
1653,782,782,Gattaca,"Science fiction drama about a future society in the era of indefinite eugenics where humans are set on a life course depending on their DNA. The young Vincent Freeman is born with a condition that would prevent him from space travel, yet he is determined to infiltrate the GATTACA space program.",70.398356,7.5,1808,1997-09-07,106.0,,,"[""Thriller"", ""Science Fiction"", ""Mystery"", ""Romance""]","[""paraplegic"", ""suicide attempt"", ""cheating"", ""dna"", ""spaceman"", ""new identity"", ""heart disease"", ""false identity"", ""blood sample"", ""biotechnology"", ""space mission"", ""dystopia"", ""investigation"", ""genetics"", ""hostility"", ""exercise"", ""eugenics"", ""dystopic future""]",[]
1676,563,563,Starship Troopers,"Set in the future, the story follows a young soldier named Johnny Rico and his exploits in the Mobile Infantry. Rico's military career progresses from recruit to non-commissioned officer and finally to officer against the backdrop of an interstellar war between mankind and an arachnoid species known as ""the Bugs"".",58.782359,6.7,1560,1997-11-06,129.0,,,"[""Adventure"", ""Action"", ""Thriller"", ""Science Fiction""]","[""moon"", ""asteroid"", ""space marine"", ""intelligence"", ""buenos aires"", ""space battle"", ""dystopia"", ""army"", ""satire"", ""spaceship"", ""soldier"", ""drill instructor"", ""military""]",[]
1682,37165,37165,The Truman Show,"Truman Burbank is the star of ""The Truman Show"", a 24-hour-a-day ""reality"" TV show that broadcasts every aspect of his life -- live and in color -- without his knowledge. His entire life has been an unending soap opera for consumption by the rest of the world. And everyone he knows -- including his wife and his best friend -- is really an actor, paid to be part of his life.",56.488027,7.8,4537,1998-06-04,103.0,,,"[""Comedy"", ""Drama""]","[""claustrophobia"", ""hidden camera"", ""dystopia"", ""reality show"", ""make believe"", ""pretend""]",[]
1721,597,597,Titanic,"84 years later, a 101-year-old woman named Rose DeWitt Bukater tells the story to her granddaughter Lizzy Calvert, Brock Lovett, Lewis Bodine, Bobby Buell and Anatoly Mikailavich on the Keldysh about her life set in April 10th 1912, on a ship called Titanic when young Rose boards the departing ship with the upper-class passengers and her mother, Ruth DeWitt Bukater, and her fiancé, Caledon Hockley. Meanwhile, a drifter and artist named Jack Dawson and his best friend Fabrizio De Rossi win third-class tickets to the ship in a game. And she explains the whole story from departure until the death of Titanic on its first and last voyage April 15th, 1912 at 2:20 in the morning.",100.025899,7.5,7562,1997-11-18,194.0,,,"[""Drama"", ""Romance"", ""Thriller""]","[""shipwreck"", ""iceberg"", ""ship"", ""panic"", ""titanic"", ""ocean liner"", ""epic"", ""rich woman - poor man"", ""love"", ""disaster"", ""tragic love"", ""class differences"", ""imax"", ""star crossed lovers"", ""steerage"", ""salvage"", ""rich snob"", ""3d"", ""1910s""]",[]
1732,115,115,The Big Lebowski,"Jeffrey ""The Dude"" Lebowski, a Los Angeles slacker who only wants to bowl and drink white Russians, is mistaken for another Jeffrey Lebowski, a wheelchair-bound millionaire, and finds himself dragged into a strange series of events involving nihilists, adult film producers, ferrets, errant toes, and large sums of money.",49.230089,7.8,2926,1998-03-06,117.0,,,"[""Comedy"", ""Crime""]","[""white russian"", ""dude"", ""bowling"", ""vietnam veteran"", ""carpet"", ""nihilism"", ""heart attack"", ""kidnapping"", ""lsd"", ""marijuana"", ""los angeles"", ""millionaire"", ""cowboy"", ""ashes"", ""impregnation"", ""bowling team"", ""unemployed"", ""bowling ball"", ""weeds""]",[]
1907,10674,10674,Mulan,"A tomboyish girl disguises herself as a young man so she can fight with the Imperial Chinese Army against the invading Huns. With help from wise-cracking dragon Mushu, Mulan just might save her country -- and win the heart of handsome Captain Li Shang.",67.427755,7.6,2008,1998-06-18,88.0,,,"[""Animation"", ""Family"", ""Adventure""]","[""homeland"", ""musical"", ""training"", ""daughter"", ""cricket"", ""princess"", ""dragon"", ""luck""]",[]
1917,95,95,Armageddon,"When an asteroid threatens to collide with Earth, NASA honcho Dan Truman determines the only way to stop it is to drill into its surface and detonate a nuclear bomb. This leads him to renowned driller Harry Stamper, who agrees to helm the dangerous space mission provided he can bring along his own hotshot crew. Among them is the cocksure A.J. who Harry thinks isn't good enough for his daughter, until the mission proves otherwise.",58.485967,6.4,2482,1998-07-01,151.0,,,"[""Action"", ""Thriller"", ""Science Fiction"", ""Adventure""]","[""saving the world"", ""paris"", ""moon"", ""cataclysm"", ""asteroid"", ""self sacrifice"", ""nasa"", ""space marine"", ""loss of father"", ""daughter"", ""space"", ""wedding"", ""astronaut"", ""eiffel tower paris"", ""duringcreditsstinger"", ""disaster movie"", ""space centre""]",[]
1923,544,544,There's Something About Mary,"Having never fully recovered from a prom date that became a total disaster, a man finally gets a chance to reunite with his old prom date, only to run up against other suitors including the sleazy detective he hired to find her.",57.110486,6.5,1590,1998-07-15,119.0,,,"[""Romance"", ""Comedy""]","[""surgeon"", ""stalker"", ""romantic comedy"", ""dream girl"", ""taboo"", ""screwball comedy"", ""frisbee"", ""troubadour"", ""gross out comedy"", ""intellectual disability""]",[]
1954,1366,1366,Rocky,"When world heavyweight boxing champion, Apollo Creed wants to give an unknown fighter a shot at the title as a publicity stunt, his handlers choose palooka Rocky Balboa, an uneducated collector for a Philadelphia loan shark. Rocky teams up with trainer  Mickey Goldmill to make the most of this once in a lifetime break.",72.19808,7.5,1791,1976-11-21,119.0,,,"[""Drama""]","[""underdog"", ""philadelphia"", ""transporter"", ""italo-american"", ""fight"", ""love of one's life"", ""publicity"", ""boxer"", ""independence"", ""boxing match"", ""training"", ""lovers"", ""surprise"", ""world champion"", ""amateur"", ""victory""]",[]
1961,380,380,Rain Man,Selfish yuppie Charlie Babbitt's father left a fortune to his savant brother Raymond and a pittance to Charlie; they travel cross-country.,49.510658,7.6,1709,1988-12-11,133.0,,,"[""Drama""]","[""individual"", ""mentally disabled"", ""autism"", ""loss of father"", ""yuppie"", ""car dealer"", ""egocentrism"", ""travel"", ""convertible"", ""psychiatrist"", ""duringcreditsstinger"", ""savant""]",[]
2023,242,242,The Godfather: Part III,"In the midst of trying to legitimize his business dealings in 1979 New York and Italy, aging mafia don, Michael Corleone seeks forgiveness for his sins while taking a young protege under his wing.",59.194915,7.1,1546,1990-12-24,162.0,,,"[""Crime"", ""Drama"", ""Thriller""]","[""italy"", ""christianity"", ""new york"", ""assassination"", ""italo-american"", ""vatican"", ""pope"", ""confession"", ""helicopter"", ""daughter"", ""lawyer""]",[]
2028,857,857,Saving Private Ryan,"As U.S. troops storm the beaches of Normandy, three brothers lie dead on the battlefield, with a fourth trapped behind enemy lines. Ranger captain John Miller and seven men are tasked with penetrating German-held territory and bringing the boy home.",76.041867,7.9,5048,1998-07-24,169.0,,,"[""Drama"", ""History"", ""War""]","[""war crimes"", ""self sacrifice"", ""war veteran"", ""world war ii"", ""war ship"", ""airplane"", ""bravery"", ""normandy"", ""parachute"", ""troops"", ""waffen ss"", ""omaha beach"", ""army"", ""cowardice"", ""american flag"", ""war memorial"", ""deserted town"", ""military"", ""1940s""]",[]
2115,87,87,Indiana Jones and the Temple of Doom,"After arriving in India, Indiana Jones is asked by a desperate village to find a mystical stone. He agrees – and stumbles upon a secret cult plotting a terrible plan in the catacombs of an ancient palace.",66.976776,7.1,2781,1984-05-23,118.0,,,"[""Adventure"", ""Action""]","[""riddle"", ""treasure"", ""heart"", ""skeleton"", ""treasure hunt"", ""torture"", ""violence"", ""monkey"", ""cult film"", ""archaeologist"", ""thuggee"", ""conveyor belt"", ""mine car"", ""rope bridge"", ""belching"", ""child driving a car"", ""eating brains"", ""splits"", ""indiana jones"", ""archeology\u00a0""]",[]
2161,34584,34584,The NeverEnding Story,"While hiding from bullies in his school's attic, a young boy discovers the extraordinary land of Fantasia, through a magical book called The Neverending Story. The book tells the tale of Atreyu, a young warrior who, with the help of a luck dragon named Falkor, must save Fantasia from the destruction of The Nothing.",47.862016,7.0,1002,1984-04-05,102.0,,,"[""Drama"", ""Family"", ""Fantasy"", ""Adventure""]","[""based on novel"", ""fictional place"", ""wolf"", ""mythology"", ""magic"", ""horse"", ""book"", ""fairy tale"", ""bully"", ""school"", ""talking animal"", ""reading"", ""book store"", ""fantasy world"", ""giant"", ""gnome"", ""quest""]",[]
2174,4011,4011,Beetlejuice,"Thanks to an untimely demise via drowning, a young couple end up as poltergeists in their New England farmhouse, where they fail to meet the challenge of scaring away the insufferable new owners, who want to make drastic changes. In desperation, the undead newlyweds turn to an expert frightmeister, but he's got a diabolical agenda of his own.",58.553213,7.1,1444,1988-02-29,92.0,,,"[""Fantasy"", ""Comedy""]","[""minister"", ""giant snake"", ""skeleton"", ""calypso"", ""arts"", ""afterlife"", ""child bride"", ""possession"", ""surrealism"", ""teenage girl"", ""ghost""]",[]
2288,1091,1091,The Thing,Scientists in the Antarctic are confronted by a shape-shifting alien that assumes the appearance of the people that it kills.,52.731379,7.8,1588,1982-06-25,109.0,,,"[""Horror"", ""Mystery"", ""Science Fiction""]","[""ice"", ""space marine"", ""paranoia"", ""snow storm"", ""norwegian"", ""research station"", ""remake"", ""alien"", ""antarctica"", ""shape shifting alien"", ""sled dogs""]",[]
2329,73,73,American History X,"Derek Vineyard is paroled after serving 3 years in prison for killing two thugs who tried to break into/steal his truck. Through his brother, Danny Vineyard's narration, we learn that before going to prison, Derek was a skinhead and the leader of a violent white supremacist gang that committed acts of racial crime throughout L.A. and his actions greatly influenced Danny. Reformed and fresh out of prison, Derek severs contact with the gang and becomes determined to keep Danny from going down the same violent path as he did.",73.567232,8.2,3016,1998-10-30,119.0,,,"[""Drama""]","[""usa"", ""neo-nazi"", ""prison"", ""skinhead"", ""brother brother relationship"", ""rape"", ""fascism"", ""brother"", ""basketball"", ""jail"", ""school"", ""swastika"", ""los angeles"", ""family"", ""hate"", ""neo nazism"", ""xenophobia"", ""interracial friendship"", ""nazism"", ""prison rape""]",[]
2355,9487,9487,A Bug's Life,"On behalf of ""oppressed bugs everywhere,"" an inventive ant named Flik hires a troupe of warrior bugs to defend his bustling colony from a horde of freeloading grasshoppers led by the evil-minded Hopper.",87.350802,6.8,2303,1998-11-25,95.0,,,"[""Adventure"", ""Animation"", ""Comedy"", ""Family""]","[""winter"", ""fight"", ""ant"", ""invention"", ""collector"", ""ant-hill"", ""kids and family"", ""grass"", ""duringcreditsstinger""]",[]
2403,1368,1368,First Blood,"When former Green Beret John Rambo is harassed by local law enforcement and arrested for vagrancy, the Vietnam vet snaps, runs for the hills and rat-a-tat-tats his way into the action-movie hall of fame. Hounded by a relentless sheriff, Rambo employs heavy-handed guerilla tactics to shake the cops off his tail.",63.071046,7.2,1488,1982-10-22,93.0,,,"[""Action"", ""Adventure"", ""Thriller"", ""War""]","[""prison"", ""vietnam veteran"", ""falsely accused"", ""police brutality"", ""sheriff"", ""guerrilla"", ""submachine gun"", ""gun"", ""destroy"", ""self-defense"", ""vietnam"", ""vietnam war"", ""prosecution"", ""dying and death"", ""village and town"", ""police operation"", ""attempt to escape"", ""matter of life and death"", ""survivor"", ""tramp"", ""national guard"", ""weapon"", ""firearm"", ""police"", ""escape""]",[]
2571,603,603,The Matrix,"Set in the 22nd century, The Matrix tells the story of a computer hacker who joins a group of underground insurgents fighting the vast and powerful computers who now rule the earth.",104.309993,7.9,8907,1999-03-30,136.0,,,"[""Action"", ""Science Fiction""]","[""saving the world"", ""artificial intelligence"", ""man vs machine"", ""philosophy"", ""prophecy"", ""martial arts"", ""self sacrifice"", ""fight"", ""insurgence"", ""virtual reality"", ""dystopia"", ""truth"", ""cyberpunk"", ""woman director"", ""messiah"", ""gnosticism""]",[]
2572,4951,4951,10 Things I Hate About You,"Bianca, a tenth grader, has never gone on a date, but she isn't allowed to go out with boys until her older sister Kat gets a boyfriend. The problem is, Kat rubs nearly everyone the wrong way. But Bianca and the guy she has her eye on, Joey, are eager, so Joey fixes Kat up with Patrick, a new kid in town just bitter enough for Kat.",54.550275,7.3,1701,1999-03-30,97.0,,,"[""Comedy"", ""Romance"", ""Drama""]","[""shakespeare"", ""sister"", ""high school"", ""cannabis"", ""deception"", ""teen movie"", ""shrew"", ""archery"", ""feel-good ending"", ""opposites attract"", ""duringcreditsstinger"", ""teenage romance"", ""play adaptation"", ""overprotective father""]",[]
2628,1893,1893,Star Wars: Episode I - The Phantom Menace,"Anakin Skywalker, a young slave strong with the Force, is discovered on Tatooine. Meanwhile, the evil Sith have returned, enacting their plot for revenge against the Jedi.",54.035265,6.3,4432,1999-05-19,136.0,,,"[""Adventure"", ""Action"", ""Science Fiction""]","[""prophecy"", ""senate"", ""queen"", ""taskmaster"", ""galaxy"", ""apprentice"", ""taxes"", ""space opera""]",[]
2640,1924,1924,Superman,"Mild-mannered Clark Kent works as a reporter at the Daily Planet alongside his crush, Lois Lane − who's in love with Superman. Clark must summon his superhero alter ego when the nefarious Lex Luthor launches a plan to take over the world.",48.507081,6.9,1022,1978-12-13,143.0,,,"[""Action"", ""Adventure"", ""Fantasy"", ""Science Fiction""]","[""saving the world"", ""journalist"", ""dc comics"", ""crime fighter"", ""nuclear missile"", ""galaxy"", ""superhero"", ""based on comic book"", ""criminal"", ""sabotage"", ""north pole"", ""midwest"", ""kryptonite"", ""super powers"", ""superhuman strength"", ""aftercreditsstinger"", ""save the day""]",[]
2706,2105,2105,American Pie,"At a high-school party, four friends find that losing their collective virginity isn't as easy as they had thought. But they still believe that they need to do so before college. To motivate themselves, they enter a pact to all ""score."" by their senior prom.",60.767168,6.4,2296,1999-07-09,95.0,,,"[""Comedy"", ""Romance""]","[""graduation"", ""innocence"", ""coming of age"", ""teenager"", ""high school student"", ""pie"", ""teen comedy"", ""teenage sexuality"", ""exchange student"", ""sitting on a toilet"", ""voyeurism"", ""virginity"", ""laxative"", ""prom night""]",[]
2761,10386,10386,The Iron Giant,"In the small town of Rockwell, Maine in October 1957, a giant metal machine befriends a nine-year-old boy and ultimately finds its humanity by unselfishly saving people from their own fears and prejudices.",61.245957,7.6,1436,1999-08-06,86.0,,,"[""Adventure"", ""Animation"", ""Family"", ""Fantasy"", ""Science Fiction""]","[""cold war"", ""friendship"", ""giant robot"", ""sitting on a toilet"", ""fear of unknown"", ""1950s"", ""laxative""]",[]
2762,745,745,The Sixth Sense,"A psychological thriller about an eight year old boy named Cole Sear who believes he can see into the world of the dead. A child psychologist named Malcolm Crowe comes to Cole to help him deal with his problem, learning that he really can see ghosts of dead people.",73.085576,7.7,3147,1999-08-06,107.0,,,"[""Mystery"", ""Thriller"", ""Drama""]","[""child abuse"", ""sense of guilt"", ""loss of child"", ""confidence"", ""psychology"", ""dying and death"", ""marriage crisis"", ""afterlife"", ""single"", ""paranormal phenomena"", ""cowardliness"", ""child"", ""spiritism""]",[]
2858,14,14,American Beauty,"Lester Burnham, a depressed suburban father in a mid-life crisis, decides to turn his hectic life around after developing an infatuation with his daughter's attractive friend.",80.878605,7.9,3313,1999-09-15,122.0,,,"[""Drama""]","[""male nudity"", ""female nudity"", ""adultery"", ""midlife crisis"", ""coming out"", ""first time"", ""camcorder"", ""virgin"", ""nudity"", ""film maker"", ""estate agent"", ""satire"", ""loneliness"", ""dark comedy"", ""suburbia"", ""coming of age"", ""marijuana"", ""exercise"", ""parent child relationship"", ""bittersweet"", ""affair""]",[]
2947,658,658,Goldfinger,"Special agent 007 (Sean Connery) comes face to face with one of the most notorious villains of all time, and now he must outwit and outgun the powerful tycoon to prevent him from cashing in on a devious scheme to raid Fort Knox -- and obliterate the world's economy.",47.812466,7.2,987,1964-09-17,110.0,,,"[""Adventure"", ""Action"", ""Thriller""]","[""secret organization"", ""secret intelligence service"", ""nuclear radiation"", ""fort knox"", ""aston martin"", ""secret lab"", ""kentucky"", ""gas attack"", ""airplane"", ""british secret service"", ""duringcreditsstinger""]",[]
2949,646,646,Dr. No,"In the film that launched the James Bond saga, Agent 007 battles mysterious Dr. No, a scientific genius bent on destroying the U.S. space program. As the countdown to disaster begins, Bond must go to Jamaica, where he encounters beautiful Honey Ryder, to confront a megalomaniacal villain in his massive island headquarters.",48.901542,6.9,940,1962-10-04,110.0,,,"[""Adventure"", ""Action"", ""Thriller""]","[""london england"", ""england"", ""assassination"", ""spy"", ""casino"", ""exotic island"", ""card game"", ""space marine"", ""intelligence"", ""jamaica"", ""secret base"", ""secret mission"", ""baccarat"", ""secret organization"", ""secret intelligence service"", ""nuclear radiation"", ""villain"", ""secret agent"", ""atomic reactor""]",[]
2953,772,772,Home Alone 2: Lost in New York,"Instead of flying to Florida with his folks, Kevin ends up alone in New York, where he gets a hotel room with his dad's credit card—despite problems from a clerk and meddling bellboy. But when Kevin runs into his old nemeses, the Wet Bandits, he's determined to foil their plans to rob a toy store on Christmas eve.",81.487685,6.3,2395,1992-11-19,120.0,,,"[""Comedy"", ""Family"", ""Adventure"", ""Crime""]","[""holiday"", ""new york"", ""new york city"", ""christmas""]",[]
2959,550,550,Fight Club,"A ticking-time-bomb insomniac and a slippery soap salesman channel primal male aggression into a shocking new form of therapy. Their concept catches on, with underground ""fight clubs"" forming in every town, until an eccentric gets in the way and ignites an out-of-control spiral toward oblivion.",146.757391,8.3,9413,1999-10-15,139.0,,,"[""Drama""]","[""support group"", ""dual identity"", ""nihilism"", ""rage and hate"", ""insomnia"", ""dystopia"", ""violence""]",[]
3000,128,128,Princess Mononoke,"Ashitaka, a prince of the disappearing Ainu tribe, is cursed by a demonized boar god and must journey to the west to find a cure. Along the way, he encounters San, a young human woman fighting to protect the forest, and Lady Eboshi, who is trying to destroy it. Ashitaka must find a way to bring balance to this conflict.",60.732738,8.2,1983,1997-07-12,134.0,,,"[""Adventure"", ""Fantasy"", ""Animation""]","[""fight"", ""wolf"", ""village and town"", ""iron"", ""pan"", ""wild boar"", ""territory"", ""friendship"", ""princess"", ""good vs evil"", ""anime""]",[]
3114,863,863,Toy Story 2,"Andy heads off to Cowboy Camp, leaving his toys to their own devices. Things shift into high gear when an obsessive toy collector named Al McWhiggen, owner of Al's Toy Barn kidnaps Woody. Andy's toys mount a daring rescue mission, Buzz Lightyear meets his match and Woody has to decide where he and his heart truly belong.",73.575118,7.3,3806,1999-10-30,92.0,,,"[""Animation"", ""Comedy"", ""Family""]","[""museum"", ""prosecution"", ""identity crisis"", ""airplane"", ""flea market"", ""collector"", ""teamwork"", ""friendship"", ""rescue team"", ""garage sale"", ""duringcreditsstinger"", ""toy comes to life"", ""personification"", ""inanimate objects coming to life""]",[]
3147,497,497,The Green Mile,"A supernatural tale set on death row in a Southern prison, where gentle giant John Coffey possesses the mysterious power to heal people's ailments. When the cellblock's head guard, Paul Edgecomb, recognizes Coffey's miraculous gift, he tries desperately to help stave off the condemned man's execution.",103.698022,8.2,4048,1999-12-10,189.0,,,"[""Fantasy"", ""Drama"", ""Crime""]","[""southern usa"", ""black people"", ""mentally disabled"", ""based on novel"", ""heal"", ""death row"", ""jail guard"", ""great depression"", ""prison guard"", ""electric chair"", ""magic realism"", ""healing"", ""death row inmate"", ""1930s""]",[]
3471,840,840,Close Encounters of the Third Kind,"After an encounter with UFOs, a line worker feels undeniably drawn to an isolated area in the wilderness where something spectacular is about to happen.",52.456505,7.2,1098,1977-11-16,135.0,,,"[""Science Fiction"", ""Drama""]","[""indiana"", ""obsession"", ""extraterrestrial technology"", ""evacuation"", ""blackout"", ""flying saucer"", ""secret base"", ""light"", ""contact"", ""beguilement"", ""exchange"", ""ufo"", ""alien"", ""vision"", ""missing person"", ""mother ship"", ""escapade"", ""obsessive quest"", ""life turned upside down""]",[]
3527,106,106,Predator,"Dutch and his group of commandos are hired by the CIA to rescue downed airmen from guerillas in a Central American jungle. The mission goes well but as they return they find that something is hunting them. Nearly invisible, it blends in with the forest, taking trophies from the bodies of its victims as it goes along. Occasionally seeing through its eyes, the audience sees it is an intelligent alien hunter, hunting them for sport, killing them off one at a time.",50.009408,7.3,2093,1987-06-11,107.0,,,"[""Science Fiction"", ""Action"", ""Adventure"", ""Thriller""]","[""central and south america"", ""predator"", ""alien"", ""stalking"", ""invisible"", ""commando"", ""3d""]",[]
3578,98,98,Gladiator,"In the year 180, the death of emperor Marcus Aurelius throws the Roman Empire into chaos. Maximus is one of the Roman army's most capable and trusted generals and a key advisor to the emperor. As Marcus' devious son Commodus ascends to the throne, Maximus is set to be executed. He escapes, but is captured by slave traders. Renamed Spaniard and forced to become a gladiator, Maximus must battle to the death with other men for the amusement of paying audiences. His battle skills serve him well, and he becomes one of the most famous and admired men to fight in the Colosseum. Determined to avenge himself against the man who took away his freedom and laid waste to his family, Maximus believes that he can use his fame and skill in the ring to avenge the loss of his family and former glory. As the gladiator begins to challenge his rule, Commodus decides to put his own fighting mettle to the test by squaring off with Maximus in a battle to the death.",95.301296,7.9,5439,2000-05-01,155.0,,,"[""Action"", ""Drama"", ""Adventure""]","[""rome"", ""gladiator"", ""arena"", ""senate"", ""roman empire"", ""emperor"", ""slavery"", ""battlefield"", ""blood"", ""ancient world"", ""father daughter relationship"", ""combat"", ""mother son relationship"", ""dream sequence"", ""chariot"", ""philosopher"", ""barbarian horde"", ""2nd century"", ""successor""]",[]
3623,955,955,Mission: Impossible II,"With computer genius Luther Stickell at his side and a beautiful thief on his mind, agent Ethan Hunt races across Australia and Spain to stop a former IMF agent from unleashing a genetically engineered biological weapon called Chimera. This mission, should Hunt choose to accept it, plunges him into the center of an international crisis of terrifying magnitude.",54.931334,5.9,1928,2000-05-24,123.0,,,"[""Adventure"", ""Action"", ""Thriller""]","[""terror"", ""spain"", ""cia"", ""helicopter"", ""secret identity"", ""skyscraper"", ""undercover"", ""island"", ""ex-lover"", ""secret mission"", ""dying and death"", ""secret agent"", ""computer"", ""duel"", ""lethal virus"", ""violence"", ""rescue team"", ""agent"", ""car"", ""research laboratory""]",[]
3717,9679,9679,Gone in Sixty Seconds,"Upon learning that he has to come out of retirement to steal 50 cars in one night to save his brother Kip's life, former car thief Randall ""Memphis"" Raines enlists help from a few ""boost happy"" pals to accomplish a seemingly impossible feat. From countless car chases to relentless cops, the high-octane excitement builds as Randall swerves around more than a few roadblocks to keep Kip alive.",52.995628,6.1,1485,2000-06-09,118.0,,,"[""Action"", ""Crime"", ""Thriller""]","[""brother brother relationship"", ""detective"", ""car race"", ""car thief"", ""blackmail"", ""brother"", ""remake"", ""heist"", ""betrayal"", ""organized crime"", ""shootout"", ""police chase"", ""explosion"", ""violence"", ""lock pick"", ""car chase"", ""stakeout"", ""illegal drugs"", ""car movie"", ""stolen cars"", ""ford mustang"", ""blacklight""]",[]
4011,107,107,Snatch,"The second film from British director Guy Ritchie. Snatch tells an obscure story similar to his first fast-paced crazy character-colliding filled film “Lock, Stock and Two Smoking Barrels.” There are two overlapping stories here – one is the search for a stolen diamond, and the other about a boxing promoter who’s having trouble with a psychotic gangster.",53.595686,7.7,2912,2000-09-01,103.0,,,"[""Thriller"", ""Crime""]","[""gypsy"", ""bare knuckle boxing"", ""slang"", ""trailer park"", ""pig"", ""sport"", ""receiving of stolen goods"", ""cockney accent"", ""diamond"", ""pikey""]",[]
4016,11688,11688,The Emperor's New Groove,"Kuzco is a self-centered emperor who summons Pacha from a village and to tell him that his home will be destroyed to make room for Kuzco's new summer home. Kuzco's advisor, Yzma, tries to poison Kuzco and accidentally turns him into a llama, who accidentally ends up in Pacha's village. Pacha offers to help Kuzco if he doesn't destroy his house, and so they form an unlikely partnership.",51.113717,7.2,1490,2000-12-09,78.0,,,"[""Adventure"", ""Animation"", ""Comedy"", ""Family"", ""Fantasy""]","[""central and south america"", ""birthday"", ""emperor"", ""palace"", ""kingdom"", ""berater"", ""llama""]",[]
4022,8358,8358,Cast Away,"Chuck, a top international manager for FedEx, and Kelly, a Ph.D. student, are in love and heading towards marriage. Then Chuck's plane to Malaysia ditches at sea during a terrible storm. He's the only survivor, and he washes up on a tiny island with nothing but some flotsam and jetsam from the aircraft's cargo.",57.739713,7.5,3218,2000-12-22,143.0,,,"[""Adventure"", ""Drama""]","[""exotic island"", ""suicide attempt"", ""volleyball"", ""loneliness"", ""airplane crash"", ""deserted island"", ""tropical island"", ""survival skills""]",[]
4226,77,77,Memento,"Suffering short-term memory loss after a head injury, Leonard Shelby embarks on a grim quest to find the lowlife who murdered his wife in this gritty, complex thriller that packs more knots than a hangman's noose. To carry out his plan, Shelby snaps Polaroids of people and places, jotting down contextual notes on the backs of photos to aid in his search and jog his memory. He even tattoos his own body in a desperate bid to remember.",60.715151,8.1,4028,2000-10-11,113.0,,,"[""Mystery"", ""Thriller""]","[""individual"", ""insulin"", ""tattoo"", ""waitress"", ""amnesia"", ""motel"", ""insurance salesman"", ""revenge"", ""memory loss"", ""polaroid"", ""flashback"", ""neo-noir""]",[]
4262,111,111,Scarface,"After getting a green card in exchange for assassinating a Cuban government official, Tony Montana stakes a claim on the drug trade in Miami. Viciously murdering anyone who stands in his way, Tony eventually becomes the biggest drug lord in the state, controlling nearly all the cocaine that comes through Miami. But increased pressure from the police, wars with Colombian drug cartels and his own drug-fueled paranoia serve to fuel the flames of his eventual downfall.",70.105981,8.0,2948,1983-12-08,170.0,,,"[""Action"", ""Crime"", ""Drama"", ""Thriller""]","[""miami"", ""corruption"", ""capitalism"", ""cuba"", ""prohibition"", ""brother sister relationship"", ""loss of sister"", ""cocaine"", ""cult film"", ""bitterness""]",[]
4306,808,808,Shrek,"It ain't easy bein' green -- especially if you're a likable (albeit smelly) ogre named Shrek. On a mission to retrieve a gorgeous princess from the clutches of a fire-breathing dragon, Shrek teams up with an unlikely compatriot -- a wisecracking donkey.",67.298732,7.3,4056,2001-05-16,90.0,,,"[""Adventure"", ""Animation"", ""Comedy"", ""Family"", ""Fantasy""]","[""magic"", ""liberation"", ""lordship"", ""castle"", ""robin hood"", ""enchantment"", ""fairy-tale figure"", ""princess"", ""parody"", ""woman director"", ""ogre""]",[]
4308,824,824,Moulin Rouge!,"A celebration of love and creative inspiration takes place in the infamous, gaudy and glamorous Parisian nightclub, at the cusp of the 20th century. A young poet, who is plunged into the heady world of Moulin Rouge, begins a passionate affair with the club's most notorious and beautiful star.",57.374341,7.4,1300,2001-03-09,127.0,,,"[""Drama"", ""Music"", ""Romance""]","[""duke"", ""musical"", ""writer's block"", ""music"", ""terminal illness"", ""writer"", ""no opening credits"", ""moulin rouge"", ""bohemian"", ""toulouse lautrec"", ""red curtain"", ""cancan dance"", ""la traviata"", ""orpheus and eurydice"", ""dance hall""]",[]
4366,10865,10865,Atlantis: The Lost Empire,"The world's most highly qualified crew of archaeologists and explorers is led by historian Milo Thatch as they board the incredible 1,000-foot submarine Ulysses and head deep into the mysteries of the sea.",51.548589,6.7,1224,2001-06-02,95.0,,,"[""Animation"", ""Family"", ""Adventure"", ""Science Fiction""]","[""sea"", ""atlantis"", ""animation"", ""underwater"", ""sea monster""]",[]
4643,869,869,Planet of the Apes,"After a spectacular crash-landing on an uncharted planet, brash astronaut Leo Davidson finds himself trapped in a savage world where talking apes dominate the human race. Desperate to find a way home, Leo must evade the invincible gorilla army led by Ruthless General Thade.",51.188633,5.6,1243,2001-07-25,119.0,,,"[""Thriller"", ""Science Fiction"", ""Action"", ""Adventure""]","[""gorilla"", ""space marine"", ""space suit"", ""revolution"", ""chimp"", ""slavery"", ""space travel"", ""time travel"", ""dystopia"", ""alien planet"", ""ape"", ""human subjugation""]",[]
4776,2034,2034,Training Day,"On his first day on the job as a narcotics officer, a rookie cop works with a rogue detective who isn't what he appears.",52.081131,7.3,1634,2001-10-05,122.0,,,"[""Action"", ""Crime"", ""Drama"", ""Thriller""]","[""police brutality"", ""war on drugs"", ""drug traffic"", ""drug dealer"", ""los angeles"", ""gang member"", ""mexican american"", ""barrio"", ""cholo""]",[]
4878,141,141,Donnie Darko,"After narrowly escaping a bizarre accident, a troubled teenager is plagued by visions of a large bunny rabbit that manipulates him to commit a series of crimes.",61.210016,7.7,3452,2001-01-18,113.0,,,"[""Fantasy"", ""Drama"", ""Mystery""]","[""parents kids relationship"", ""airplane"", ""time travel"", ""school presentation"", ""school performance"", ""suburbia"", ""vision"", ""morality"", ""teenager""]",[]
4886,585,585,"Monsters, Inc.","James Sullivan and Mike Wazowski are monsters, they earn their living scaring children and are the best in the business... even though they're more afraid of the children than they are of them. When a child accidentally enters their world, James and Mike suddenly find that kids are not to be afraid of and they uncover a conspiracy that could threaten all children across the world.",106.815545,7.5,5996,2001-11-01,92.0,,,"[""Animation"", ""Comedy"", ""Family""]","[""monster"", ""infant"", ""energy supply"", ""company"", ""rivalry"", ""hijinks"", ""best friend"", ""scream"", ""conveyor belt"", ""energy company"", ""friend""]",[]
4896,671,671,Harry Potter and the Philosopher's Stone,"Harry Potter has lived under the stairs at his aunt and uncle's house his whole life. But on his 11th birthday, he learns he's a powerful wizard -- with a place waiting for him at the Hogwarts School of Witchcraft and Wizardry. As he learns to harness his newfound powers with the help of the school's kindly headmaster, Harry uncovers the truth about his parents' deaths -- and about the villain who's to blame.",109.984351,7.5,7006,2001-11-16,152.0,,,"[""Adventure"", ""Fantasy"", ""Family""]","[""witch"", ""christmas party"", ""magic"", ""cutting the cord"", ""halloween"", ""child hero"", ""broom"", ""chosen one"", ""frog"", ""fantasy world"", ""based on young adult novel""]",[]
4963,161,161,Ocean's Eleven,"Less than 24 hours into his parole, charismatic thief Danny Ocean is already rolling out his next plan: In one night, Danny's hand-picked crew of specialists will attempt to steal more than $150 million from three Las Vegas casinos. But to score the cash, Danny risks his chances of reconciling with ex-wife, Tess.",60.929352,7.2,3783,2001-12-07,116.0,,,"[""Thriller"", ""Crime""]","[""prison"", ""pickpocket"", ""strip club"", ""con artist"", ""atlantic city"", ""cockney accent"", ""las vegas"", ""card dealer"", ""explosives expert"", ""black and white scene"", ""male"", ""salt lake city utah""]",[]
4973,194,194,Amélie,"At a tiny Parisian café, the adorable yet painfully shy Amélie (Audrey Tautou) accidentally discovers a gift for helping others. Soon Amelie is spending her days as a matchmaker, guardian angel, and all-around do-gooder. But when she bumps into a handsome stranger, will she find the courage to become the star of her very own love story?",73.720244,7.8,3310,2001-04-25,122.0,,,"[""Comedy"", ""Romance""]","[""paris"", ""love triangle"", ""ghost train"", ""sex-shop"", ""shyness"", ""montmartre"", ""daughter"", ""garden gnome"", ""journey round the world"", ""photography""]",[]
4993,120,120,The Lord of the Rings: The Fellowship of the Ring,"Young hobbit Frodo Baggins, after inheriting a mysterious ring from his uncle Bilbo, must leave his home in order to keep it from falling into the hands of its evil creator. Along the way, a fellowship is formed to protect the ringbearer and make sure that the ring arrives at its final destination: Mt. Doom, the only place where it can be destroyed.",138.049577,8.0,8705,2001-12-18,178.0,,,"[""Adventure"", ""Fantasy"", ""Action""]","[""elves"", ""dwarves"", ""orcs"", ""middle-earth (tolkien)"", ""hobbit"", ""based on novel"", ""mountains"", ""fireworks"", ""castle"", ""volcano"", ""password"", ""death of a friend"", ""uncle"", ""mirror"", ""wizard"", ""sword and sorcery""]",[]
4995,453,453,A Beautiful Mind,"At Princeton University, John Nash struggles to make a worthwhile contribution to serve as his legacy to the world of mathematics. He finally makes a revolutionary breakthrough that will eventually earn him the Nobel Prize. After graduate school he turns to teaching, becoming romantically involved with his student Alicia. Meanwhile the government asks his help with breaking Soviet codes, which soon gets him involved in a terrifying conspiracy plot. Nash grows more and more paranoid until a discovery that turns his entire world upside down. Now it is only with Alicia's help that he will be able to recover his mental strength and regain his status as the great mathematician we know him as today..",59.248437,7.7,3009,2001-12-11,135.0,,,"[""Drama"", ""Romance""]","[""individual"", ""schizophrenia"", ""massachusetts"", ""love of one's life"", ""intelligence"", ""mathematician"", ""market economy"", ""economic theory"", ""princeton university"", ""nobel prize"", ""mathematical theorem"", ""m.i.t."", ""mathematics"", ""delusion""]",[]
5218,425,425,Ice Age,"With the impending ice age almost upon them, a mismatched trio of prehistoric critters – Manny the woolly mammoth, Diego the saber-toothed tiger and Sid the giant sloth – find an orphaned infant and decide to return it to its human parents. Along the way, the unlikely allies become friends but, when enemies attack, their quest takes on far nobler aims.",99.561972,7.1,3857,2002-03-10,81.0,,,"[""Animation"", ""Comedy"", ""Family"", ""Adventure""]","[""human evolution"", ""parents kids relationship"", ""squirrel"", ""ice"", ""loss of child"", ""mammoth"", ""sloth"", ""dying and death"", ""stone age"", ""prehistoric"", ""saber-toothed tiger"", ""cavemen"", ""prehistoric creature"", ""prehistoric adventure"", ""prehistoric times"", ""prehistoric man""]",[]
5254,36586,36586,Blade II,"A rare mutation has occurred within the vampire community - The Reaper. A vampire so consumed with an insatiable bloodlust that they prey on vampires as well as humans, transforming victims who are unlucky enough to survive into Reapers themselves. Blade is asked by the Vampire Nation for his help in preventing a nightmare plague that would wipe out both humans and vampires.",67.169587,6.2,1528,2002-03-22,117.0,,,"[""Fantasy"", ""Horror"", ""Action"", ""Thriller""]","[""katana"", ""mutation"", ""vampire"", ""silver"", ""superhero"", ""tragic villain"", ""broken neck"", ""lasersight"", ""violence"", ""exploding body"", ""blade"", ""subjective camera"", ""torso cut in half"", ""reaper"", ""broken wrist"", ""razor blade"", ""shot through a door"", ""sword duel"", ""burnt face""]",[]
5266,4547,4547,Panic Room,"Trapped in their New York brownstone's panic room, a hidden chamber built as a sanctuary in the event of break-ins, newly divorced Meg Altman and her young daughter Sarah play a deadly game of cat-and-mouse with three intruders - Burnham, Raoul and Junior - during a brutal home invasion. But the room itself is the focal point because what the intruders really want is inside it.",53.043124,6.5,1267,2002-03-29,111.0,,,"[""Crime"", ""Drama"", ""Thriller""]","[""burglar"", ""bunker"", ""housebreaking"", ""safe"", ""money""]",[]
5349,557,557,Spider-Man,"After being bitten by a genetically altered spider, nerdy high school student Peter Parker is endowed with amazing powers.",82.502566,6.8,5265,2002-05-01,121.0,,,"[""Fantasy"", ""Action""]","[""loss of lover"", ""spider"", ""thanksgiving"", ""bad boss"", ""hostility"", ""marvel comic"", ""superhero"", ""pokies"", ""evil"", ""reference to superman"", ""goblin""]",[]
5418,2501,2501,The Bourne Identity,"Wounded to the brink of death and suffering from amnesia, Jason Bourne is rescued at sea by a fisherman. With nothing to go on but a Swiss bank account number, he starts to reconstruct his life, but finds that many people he encounters want him dead. However, Bourne realizes that he has the combat and mental skills of a world-class spy – but who does he work for?",86.476817,7.3,3583,2002-06-14,119.0,,,"[""Action"", ""Drama"", ""Mystery"", ""Thriller""]","[""paris"", ""barcelona spain"", ""assassin"", ""based on novel"", ""secret identity"", ""amnesia"", ""sniper"", ""passport"", ""mission of murder"", ""lovers"", ""escape"", ""shootout"", ""foot chase"", ""cell phone"", ""car chase"", ""multiple identities"", ""surveillance camera"", ""hamburg germany"", ""fishing boat"", ""langley virginia"", ""safe deposit box"", ""flashback"", ""hand to hand combat""]",[]
5444,11544,11544,Lilo & Stitch,"A lonely Hawaiian girl named Lilo is being raised by her older sister, Nani, after their parents die -- under the watch of social worker Cobra Bubbles. When Lilo adopts a funny-looking dog and names him ""Stitch,"" she doesn't realize her new best friend is a wacky alien created by mad scientist Dr. Jumba.",55.659988,7.1,1314,2002-06-21,85.0,,,"[""Animation"", ""Family""]","[""sister sister relationship"", ""extraterrestrial technology"", ""hawaii"", ""adoption"", ""mutation"", ""alien life-form"", ""alien phenomenons"", ""animation"", ""dog"", ""dead parents""]",[]
5445,180,180,Minority Report,"John Anderton is a top 'Precrime' cop in the late-21st century, when technology can predict crimes before they're committed. But Anderton becomes the quarry when another investigator targets him for a murder charge.",65.948959,7.1,2608,2002-06-20,145.0,,,"[""Action"", ""Thriller"", ""Science Fiction"", ""Mystery""]","[""self-fulfilling prophecy"", ""washington d.c."", ""evidence"", ""future"", ""hologram"", ""dystopia"", ""murder"", ""neo-noir"", ""future noir""]",[]
5459,608,608,Men in Black II,"Kay and Jay reunite to provide our best, last and only line of defense against a sinister seductress who levels the toughest challenge yet to the MIB's untarnished mission statement – protecting Earth from the scum of the universe. It's been four years since the alien-seeking agents averted an intergalactic disaster of epic proportions. Now it's a race against the clock as Jay must convince Kay – who not only has absolutely no memory of his time spent with the MIB, but is also the only living person left with the expertise to save the galaxy – to reunite with the MIB before the earth submits to ultimate destruction.",91.332849,6.0,3114,2002-07-03,88.0,,,"[""Action"", ""Adventure"", ""Comedy"", ""Science Fiction""]","[""saving the world"", ""secret identity"", ""sun glasses"", ""undercover"", ""space marine"", ""illegal immigration"", ""deportation"", ""new identity"", ""flying saucer"", ""light"", ""firearm"", ""alien"", ""fictional government agency""]",[]
5464,4147,4147,Road to Perdition,"Mike Sullivan works as a hit man for crime boss John Rooney. Sullivan views Rooney as a father figure, however after his son is witness to a killing, Mike Sullivan finds himself on the run in attempt to save the life of his son and at the same time looking for revenge on those who wronged him.",49.078546,7.3,1077,2002-07-12,117.0,,,"[""Thriller"", ""Crime"", ""Drama""]","[""based on graphic novel"", ""homework"", ""shot in the chin"", ""soft boiled egg"", ""learning to drive"", ""spoiled son"", ""scarred face"", ""thompson sub machine gun"", ""frost on a window"", ""cauterizing a wound"", ""liberty half dollar""]",[]
5618,129,129,Spirited Away,A ten year old girl who wanders away from her parents along a path that leads to a world ruled by strange and unusual monster-like animals. Her parents have been changed into pigs along with others inside a bathhouse full of these creatures. Will she ever see the world how it once was?,118.968562,8.3,3840,2001-07-20,125.0,,,"[""Fantasy"", ""Adventure"", ""Animation"", ""Family""]","[""witch"", ""parents kids relationship"", ""magic"", ""twilight"", ""darkness"", ""village and town"", ""bath house"", ""pig"", ""ghost world"", ""biology"", ""train"", ""amusement park"", ""yokai"", ""japanese mythology"", ""anime""]",[]
5816,672,672,Harry Potter and the Chamber of Secrets,"Ignoring threats to his life, Harry returns to Hogwarts to investigate – aided by Ron and Hermione – a mysterious series of attacks.",132.397737,7.4,5815,2002-11-13,161.0,,,"[""Adventure"", ""Fantasy"", ""Family""]","[""flying car"", ""witch"", ""magic"", ""cutting the cord"", ""child hero"", ""broom"", ""sorcerer's apprentice"", ""school of witchcraft"", ""giant snake"", ""black magic"", ""aftercreditsstinger""]",[]
5872,36669,36669,Die Another Day,"Bond takes on a North Korean leader who undergoes DNA replacement procedures that allow him to assume different identities. American agent, Jinx Johnson assists Bond in his attempt to thwart the villain's plans to exploit a satellite that is powered by solar energy.",54.159392,5.8,1092,2002-11-17,133.0,,,"[""Adventure"", ""Action"", ""Thriller""]","[""laser"", ""british secret service"", ""secret service agent"", ""space based weapon""]",[]
5952,121,121,The Lord of the Rings: The Two Towers,"Frodo and Sam are trekking to Mordor to destroy the One Ring of Power while Gimli, Legolas and Aragorn search for the orc-captured Merry and Pippin. All along, nefarious wizard Saruman awaits the Fellowship members at the Orthanc Tower in Isengard.",106.914973,8.0,7487,2002-12-18,179.0,,,"[""Adventure"", ""Fantasy"", ""Action""]","[""elves"", ""orcs"", ""middle-earth (tolkien)"", ""hobbit"", ""based on novel"", ""explosive"", ""cave"", ""fort"", ""army"", ""mission"", ""attack"", ""guide"", ""wizard"", ""ring"", ""sword and sorcery""]",[]
5989,640,640,Catch Me If You Can,"A true story about Frank Abagnale Jr. who, before his 19th birthday, successfully conned millions of dollars worth of checks as a Pan Am pilot, doctor, and legal prosecutor. An FBI agent makes it his mission to put him behind bars. But Frank not only eludes capture, he revels in the pursuit.",73.944049,7.7,3795,2002-12-25,141.0,,,"[""Drama"", ""Crime""]","[""con man"", ""biography"", ""fbi agent"", ""overhead camera shot"", ""attempted jailbreak"", ""engagement party"", ""mislaid trust"", ""bank fraud"", ""inspired by a true story""]",[]
5995,423,423,The Pianist,The Pianist is a film adapted from the biography of Wladyslaw Szpilman. A Jewish-Polish pianist who during the second world war lived and hid miraculously in Warsaw after having gone through a terrible tragedy. A film from Roman Polanski.,50.587541,8.0,1864,2002-09-24,150.0,,,"[""Drama"", ""War""]","[""individual"", ""resistance"", ""radio station"", ""war crimes"", ""loss of family"", ""child murderer"", ""hunger"", ""world war ii"", ""prisoners of war"", ""homeland"", ""deportation"", ""hiding place"", ""ghetto riot"", ""jew persecution"", ""liberation"", ""warsaw ghetto"", ""polish resistance"", ""nazis"", ""biography"", ""classical music"", ""panzer"", ""pianist""]",[]
6365,604,604,The Matrix Reloaded,"Six months after the events depicted in The Matrix, Neo has proved to be a good omen for the free humans, as more and more humans are being freed from the matrix and brought to Zion, the one and only stronghold of the Resistance.  Neo himself has discovered his superpowers including super speed, ability to see the codes of the things inside the matrix and a certain degree of pre-cognition. But a nasty piece of news hits the human resistance: 250,000 machine sentinels are digging to Zion and would reach them in 72 hours. As Zion prepares for the ultimate war, Neo, Morpheus and Trinity are advised by the Oracle to find the Keymaker who would help them reach the Source.  Meanwhile Neo's recurrent dreams depicting Trinity's death have got him worried and as if it was not enough, Agent Smith has somehow escaped deletion, has become more powerful than before and has fixed Neo as his next target.",70.78591,6.7,3443,2003-05-15,138.0,,,"[""Adventure"", ""Action"", ""Thriller"", ""Science Fiction""]","[""saving the world"", ""artificial intelligence"", ""man vs machine"", ""martial arts"", ""kung fu"", ""underground world"", ""dream"", ""hero"", ""fight"", ""computer virus"", ""key"", ""future"", ""plato"", ""precognition"", ""rave"", ""dying and death"", ""virtual reality"", ""dystopia"", ""computer"", ""faith"", ""world religion"", ""truth"", ""mission"", ""cyberpunk"", ""woman director"", ""gnosticism""]",[]
6373,310,310,Bruce Almighty,"Bruce Nolan toils as a ""human interest"" television reporter in Buffalo, N.Y. Despite his high ratings and the love of his beautiful girlfriend, Grace, Bruce remains unfulfilled. At the end of the worst day in his life, he angrily ridicules God -- and the Almighty responds, endowing Bruce with all of His divine powers.",109.684788,6.4,3012,2003-05-23,101.0,,,"[""Fantasy"", ""Comedy""]","[""christianity"", ""moon"", ""responsability"", ""moses"", ""street gang"", ""lovesickness"", ""journalism"", ""new love"", ""faith"", ""prayer"", ""god"", ""car crash""]",[]
6377,12,12,Finding Nemo,"Nemo, an adventurous young clownfish, is unexpectedly taken from his Great Barrier Reef home to a dentist's office aquarium. It's up to his worrisome father Marlin and a friendly but forgetful fish Dory to bring Nemo home -- meeting vegetarian sharks, surfer dude turtles, hypnotic jellyfish, hungry seagulls, and more along the way.",85.688789,7.6,6122,2003-05-30,100.0,,,"[""Animation"", ""Family""]","[""father son relationship"", ""harbor"", ""underwater"", ""fish tank"", ""great barrier reef"", ""missing child"", ""aftercreditsstinger"", ""duringcreditsstinger"", ""short term memory loss"", ""clownfish"", ""father son reunion"", ""protective father""]",[]
6378,9654,9654,The Italian Job,"Charlie Croker pulled off the crime of a lifetime. The one thing that he didn't plan on was being double-crossed. Along with a drop-dead gorgeous safecracker, Croker and his team take off to re-steal the loot and end up in a pulse-pounding, pedal-to-the-metal chase that careens up, down, above and below the streets of Los Angeles.",62.766854,6.6,1919,2003-05-30,110.0,,,"[""Action"", ""Crime""]","[""venice"", ""california"", ""train station"", ""helicopter"", ""austria"", ""mountains"", ""gold"", ""subway"", ""hacker"", ""chase"", ""safe"", ""remake"", ""caper"", ""revenge"", ""murder"", ""heist"", ""double crossed"", ""fast cars"", ""boat chase"", ""los angeles"", ""explosion"", ""convict"", ""father daughter relationship"", ""car chase"", ""tv news"", ""hollywood sign"", ""television repair"", ""mini cooper""]",[]
6537,296,296,Terminator 3: Rise of the Machines,"It's been 10 years since John Connor saved Earth from Judgment Day, and he's now living under the radar, steering clear of using anything Skynet can trace. That is, until he encounters T-X, a robotic assassin ordered to finish what T-1000 started. Good thing Connor's former nemesis, the Terminator, is back to aid the now-adult Connor … just like he promised.",69.405188,5.9,2143,2003-07-02,109.0,,,"[""Action"", ""Thriller"", ""Science Fiction""]","[""saving the world"", ""artificial intelligence"", ""man vs machine"", ""cyborg"", ""killer robot"", ""sun glasses"", ""leather jacket"", ""nanotechnology"", ""rocket launcher"", ""firemen"", ""veterinarian"", ""fire engine"", ""dystopia"", ""psychiatrist""]",[]
6539,22,22,Pirates of the Caribbean: The Curse of the Black Pearl,"Jack Sparrow, a freewheeling 17th-century pirate who roams the Caribbean Sea, butts heads with a rival pirate bent on pillaging the village of Port Royal. When the governor's daughter is kidnapped, Sparrow decides to help the girl's love save her. But their seafaring mission is hardly simple.",271.972889,7.5,6985,2003-07-09,143.0,,,"[""Adventure"", ""Fantasy"", ""Action""]","[""exotic island"", ""blacksmith"", ""east india trading company"", ""gold"", ""marriage proposal"", ""mutiny"", ""jamaica"", ""skeleton"", ""daughter"", ""governor"", ""wooden eye"", ""gold coin"", ""pirate"", ""alcoholic"", ""swashbuckler"", ""caribbean"", ""aftercreditsstinger"", ""pirate ship"", ""capuchin monkey"", ""tortuga""]",[]
6564,1996,1996,Lara Croft Tomb Raider: The Cradle of Life,"Lara Croft ventures to an underwater temple in search of the mythological Pandora's Box but, after securing it, it is promptly stolen by the villainous leader of a Chinese crime syndicate. Lara must recover the box before the syndicate's evil mastermind uses it to construct a weapon of catastrophic capabilities.",56.811056,5.5,1418,2003-07-21,117.0,,,"[""Action"", ""Adventure"", ""Fantasy"", ""Thriller""]","[""riddle"", ""treasure"", ""medallion"", ""kenia"", ""alexander the great"", ""pandora's box"", ""chinese mafia"", ""treasure hunt"", ""hong kong"", ""archaeologist"", ""based on video game"", ""archeology\u00a0""]",[]
6754,277,277,Underworld,"Vampires and werewolves have waged a nocturnal war against each other for centuries. But all bets are off when a female vampire warrior named Selene, who's famous for her strength and werewolf-hunting prowess, becomes smitten with a peace-loving male werewolf, Michael, who wants to end the war.",81.829237,6.6,2512,2003-09-19,121.0,,,"[""Fantasy"", ""Action"", ""Thriller""]","[""budapest"", ""subway"", ""love of one's life"", ""vampire"", ""bite"", ""descendant"", ""hostility"", ""shootout"", ""werewolf"", ""blunt"", ""fang vamp""]",[]
6874,24,24,Kill Bill: Vol. 1,"An assassin is shot at the altar by her ruthless employer, Bill and other members of their assassination circle – but 'The Bride' lives to plot her vengeance. Setting out for some payback, she makes a death list and hunts down those who wronged her, saving Bill for last.",79.754966,7.7,4949,2003-10-10,111.0,,,"[""Action"", ""Crime""]","[""japan"", ""coma"", ""martial arts"", ""kung fu"", ""underworld"", ""yakuza"", ""sword"", ""bride"", ""revenge"", ""gore"", ""female yakuza"", ""blood"", ""wedding"", ""samurai sword"", ""part animation""]",[]
6934,605,605,The Matrix Revolutions,The human city of Zion defends itself against the massive invasion of the machines as Neo fights to end the war at another front while also opposing the rogue Agent Smith.,73.313918,6.4,3096,2003-11-05,129.0,,,"[""Adventure"", ""Action"", ""Thriller"", ""Science Fiction""]","[""saving the world"", ""artificial intelligence"", ""man vs machine"", ""flying"", ""philosophy"", ""fortune teller"", ""kung fu"", ""underground world"", ""killer robot"", ""temple"", ""subway"", ""dream"", ""sun"", ""hero"", ""fight"", ""sunlight"", ""computer virus"", ""key"", ""future"", ""precognition"", ""super computer"", ""machine town"", ""ying yang"", ""dying and death"", ""virtual reality"", ""dystopia"", ""computer"", ""faith"", ""world religion"", ""truth"", ""rescue"", ""mission"", ""cyberpunk"", ""woman director"", ""yin yang"", ""gnosticism""]",[]
7143,616,616,The Last Samurai,"Nathan Algren is an American hired to instruct the Japanese army in the ways of modern warfare, which finds him learning to respect the samurai and the honorable principles that rule them. Pressed to destroy the samurai's way of life in the name of modernization and open trade, Algren decides to become an ultimate warrior himself and to fight for their right to exist.",52.341226,7.3,1895,2003-12-05,154.0,,,"[""Drama"", ""Action"", ""War"", ""History""]","[""japan"", ""war crimes"", ""sense of guilt"", ""swordplay"", ""general"", ""samurai"", ""war veteran"", ""katana"", ""sword"", ""arms deal"", ""homeland"", ""emperor"", ""language barrier"", ""self-discovery"", ""mountain village"", ""foreign legion"", ""mercenary"", ""campaign"", ""commercial agreement"", ""insurgence"", ""leader"", ""war strategy"", ""gettysburg"", ""loss of husband"", ""slaughter"", ""soldier"", ""alcoholic"", ""u.s. soldier"", ""japanese army"", ""19th century"", ""war trauma""]",[]
7153,122,122,The Lord of the Rings: The Return of the King,"Aragorn is revealed as the heir to the ancient kings as he, Gandalf and the other members of the broken fellowship struggle to save Gondor from Sauron's forces. Meanwhile, Frodo and Sam bring the ring closer to the heart of Mordor, the dark lord's realm.",123.630332,8.1,8064,2003-12-01,201.0,,,"[""Adventure"", ""Fantasy"", ""Action""]","[""elves"", ""orcs"", ""middle-earth (tolkien)"", ""based on novel"", ""suspicion"", ""bravery"", ""war"", ""honor"", ""troll"", ""brutality"", ""violence"", ""ghost"", ""end of trilogy"", ""quest"", ""sword and sorcery""]",[]
7254,1954,1954,The Butterfly Effect,"A young man struggles to access sublimated childhood memories. He finds a technique that allows him to travel back into the past, to occupy his childhood body and change history. However, he soon finds that every change he makes has unexpected consequences.",73.307513,7.3,2060,2004-01-22,113.0,,,"[""Science Fiction"", ""Thriller""]","[""amnesia"", ""chaos theory"", ""blackout"", ""time travel"", ""flashback""]",[]
7293,1824,1824,50 First Dates,"Henry is a player skilled at seducing women. But when this veterinarian meets Lucy, a girl with a quirky problem when it comes to total recall, he realizes it's possible to fall in love all over again…and again, and again. That's because the delightful Lucy has no short-term memory, so Henry must woo her day after day until he finally sweeps her off her feet.",61.437586,6.6,2105,2004-02-13,99.0,,,"[""Comedy"", ""Romance""]","[""deja vu"", ""amnesia"", ""hawaii"", ""ladykiller"", ""romantic comedy""]",[]
7361,38,38,Eternal Sunshine of the Spotless Mind,"Joel Barish, heartbroken that his girlfriend underwent a procedure to erase him from her memory, decides to do the same. However, as he watches his memories of her fade away, he realises that he still loves her, and may be too late to correct his mistake.",56.481487,7.9,3652,2004-03-19,108.0,,,"[""Science Fiction"", ""Drama"", ""Romance""]","[""deja vu"", ""regret"", ""jealousy"", ""amnesia"", ""dream"", ""operation"", ""relationship problems"", ""love"", ""memory"", ""brainwashing"", ""relationship"", ""heartbreak"", ""nonlinear timeline"", ""love story"", ""bittersweet""]",[]
7438,393,393,Kill Bill: Vol. 2,"The Bride unwaveringly continues on her roaring rampage of revenge against the band of assassins who had tried to kill her and her unborn child. She visits each of her former associates one-by-one, checking off the victims on her Death List Five until there's nothing left to do … but kill Bill.",50.622607,7.6,3948,2004-04-16,136.0,,,"[""Action"", ""Crime"", ""Thriller""]","[""brother brother relationship"", ""swordplay"", ""katana"", ""mother role"", ""rage and hate"", ""daughter"", ""right and justice"", ""single"", ""aftercreditsstinger"", ""duringcreditsstinger""]",[]
7458,652,652,Troy,"In year 1250 B.C. during the late Bronze age, two emerging nations begin to clash. Paris, the Trojan prince, convinces Helen, Queen of Sparta, to leave her husband Menelaus, and sail with him back to Troy. After Menelaus finds out that his wife was taken by the Trojans, he asks his brother Agamemnom to help him get her back. Agamemnon sees this as an opportunity for power. So they set off with 1,000 ships holding 50,000 Greeks to Troy. With the help of Achilles, the Greeks are able to fight the never before defeated Trojans.",66.803149,6.9,2759,2004-05-13,163.0,,,"[""Adventure"", ""Drama"", ""War""]","[""brother brother relationship"", ""adultery"", ""mythology"", ""beauty"", ""trojan war"", ""bravery"", ""wall"", ""fraud"", ""hostility"", ""epic"", ""sword fight"", ""battlefield"", ""ancient world"", ""pyre"", ""ancient greece"", ""trojan horse"", ""trojan"", ""bronze age"", ""sparta greece"", ""helen of troy"", ""homer's iliad""]",[]
8368,673,673,Harry Potter and the Prisoner of Azkaban,"Harry, Ron and Hermione return to Hogwarts for another magic-filled year. Harry comes face to face with danger yet again, this time in the form of escaped convict, Sirius Black – and turns to sympathetic Professor Lupin for help.",79.679601,7.7,5877,2004-05-31,141.0,,,"[""Adventure"", ""Fantasy"", ""Family""]","[""flying"", ""traitor"", ""magic"", ""cutting the cord"", ""child hero"", ""broom"", ""sorcerer's apprentice"", ""school of witchcraft"", ""griffon"", ""black magic"", ""time travel"", ""best friend"", ""werewolf"", ""dark"", ""muggle"", ""aftercreditsstinger""]",[]
8529,594,594,The Terminal,"Viktor Navorski is a man without a country; his plane took off just as a coup d'etat exploded in his homeland, leaving it in shambles, and now he's stranded at Kennedy Airport, where he's holding a passport that nobody recognizes. While quarantined in the transit lounge until authorities can figure out what to do with him, Viktor simply goes on living – and courts romance with a beautiful flight attendant.",57.753914,7.0,1910,2004-06-17,128.0,,,"[""Comedy"", ""Drama""]","[""new york"", ""airport"", ""marriage proposal"", ""translation"", ""craftsman"", ""stewardess"", ""illegal immigration"", ""language barrier"", ""jfk international airport"", ""immigration law"", ""fast food restaurant"", ""security camera"", ""jazz musician"", ""saxophonist"", ""autograph"", ""passport"", ""eastern europe"", ""friendship""]",[]
8533,11036,11036,The Notebook,"An epic love story centered around an older man who reads aloud to a woman with Alzheimer's. From a faded notebook, the old man's words bring to life the story about a couple who is separated by World War II, and is then passionately reunited, seven years later, after they have taken different paths.",55.109138,7.7,3067,2004-06-25,123.0,,,"[""Romance"", ""Drama""]","[""poem"", ""river"", ""sadness"", ""fight"", ""love of one's life"", ""dementia"", ""class"", ""secret love"", ""tears"", ""candle"", ""mailbox""]",[]
8644,2048,2048,"I, Robot","In 2035, where robots are common-place and abide by the three laws of robotics, a techno-phobic cop investigates an apparent suicide. Suspecting that a robot may be responsible for the death, his investigation leads him to believe that humanity may be in danger.",95.914473,6.7,3793,2004-07-15,115.0,,,"[""Action"", ""Science Fiction""]","[""suicide"", ""artificial intelligence"", ""man vs machine"", ""chicago"", ""based on novel"", ""hero"", ""future"", ""law"", ""dystopia"", ""police"", ""murder"", ""robot"", ""3d"", ""humanoid robot""]",[]
8665,2502,2502,The Bourne Supremacy,"When a CIA operation to purchase classified Russian documents is blown by a rival agent, who then shows up in the sleepy seaside village where Bourne and Marie have been living. The pair run for their lives and Bourne, who promised retaliation should anyone from his former life attempt contact, is forced to once again take up his life as a trained assassin to survive.",53.213931,7.2,2825,2004-07-23,108.0,,,"[""Action"", ""Drama"", ""Thriller""]","[""berlin"", ""assassin"", ""based on novel"", ""amnesia"", ""sniper"", ""lie"", ""sequel"", ""suspense"", ""on the run"", ""shootout"", ""espionage"", ""violence"", ""foot chase"", ""car chase"", ""exploding house"", ""though guy"", ""one against many"", ""rail car"", ""dark past"", ""moscow"", ""hand to hand combat""]",[]
8874,747,747,Shaun of the Dead,"Shaun lives a supremely uneventful life, which revolves around his girlfriend, his mother, and, above all, his local pub. This gentle routine is threatened when the dead return to life and make strenuous attempts to snack on ordinary Londoners.",49.12486,7.5,2420,2004-04-09,99.0,,,"[""Horror"", ""Comedy""]","[""record collection"", ""flower"", ""cheese"", ""pub"", ""surrey"", ""romantic comedy"", ""zombie"", ""english"", ""tv show in film"", ""cricket bat"", ""broken bottle"", ""survival horror"", ""british pub"", ""english pub"", ""you've got red on you""]",[]
8957,176,176,Saw,"Obsessed with teaching his victims the value of life, a deranged, sadistic serial killer abducts the morally wayward. Once captured, they must face impossible choices in a horrific game of survival. The victims must fight to win their lives back, or die trying...",63.655973,7.2,2184,2004-10-01,103.0,,,"[""Horror"", ""Mystery"", ""Crime""]","[""shotgun"", ""based on short film"", ""sadist"", ""pistol"", ""chained"", ""bludgeoning"", ""game of death""]",[]
8961,9806,9806,The Incredibles,"Bob Parr has given up his superhero days to log in time as an insurance adjuster and raise his three children with his formerly heroic wife in suburbia. But when he receives a mysterious assignment, it's time to get back into costume.",77.817571,7.4,5152,2004-11-05,115.0,,,"[""Action"", ""Adventure"", ""Animation"", ""Family""]","[""secret identity"", ""secret"", ""hero"", ""island"", ""wretch"", ""supernatural powers"", ""weapon"", ""lawsuit"", ""superhero""]",[]
8972,2059,2059,National Treasure,"Modern treasure hunters, led by archaeologist Ben Gates, search for a chest of riches rumored to have been stashed away by George Washington, Thomas Jefferson and Benjamin Franklin during the Revolutionary War. The chest's whereabouts may lie in secret clues embedded in the Constitution and the Declaration of Independence, and Gates is in a race to find the gold before his enemies do.",58.849256,6.4,1926,2004-11-19,131.0,,,"[""Adventure"", ""Action"", ""Thriller"", ""Mystery""]","[""riddle"", ""treasure"", ""treasure hunt"", ""archaeologist"", ""archeology\u00a0""]",[]
8984,163,163,Ocean's Twelve,"Danny Ocean reunites with his old flame and the rest of his merry band of thieves in carrying out three huge heists in Rome, Paris and Amsterdam – but a Europol agent is hot on their heels.",76.840712,6.4,2124,2004-12-09,125.0,,,"[""Thriller"", ""Crime""]","[""sequel"", ""faberg\u00e9 egg"", ""dutch eastindian company"", ""second"", ""part"", ""golden egg"", ""goon""]",[]
8985,36648,36648,Blade: Trinity,"For years, Blade has fought against the vampires in the cover of the night. But now, after falling into the crosshairs of the FBI, he is forced out into the daylight, where he is driven to join forces with a clan of human vampire hunters he never knew existed - The Nightstalkers. Together with Abigail and Hannibal, two deftly trained Nightstalkers, Blade follows a trail of blood to the ancient creature that is also hunting him, the original vampire, Dracula.",49.660055,5.7,1252,2004-12-08,123.0,,,"[""Science Fiction"", ""Action"", ""Horror"", ""Thriller"", ""Adventure"", ""Fantasy""]","[""fbi"", ""dracula"", ""fistfight"", ""vampire hunter"", ""superhero"", ""based on comic book"", ""martial arts master"", ""motorcycle"", ""katana sword"", ""blade"", ""loss of friend"", ""super villain"", ""vampire slayer"", ""fast motion scene"", ""female vampire""]",[]
27773,670,670,Oldboy,"With no clue how he came to be imprisoned, drugged and tortured for 15 years, a desperate businessman seeks revenge on his captors.",56.76349,8.0,1945,2003-01-01,120.0,,,"[""Drama"", ""Thriller"", ""Mystery"", ""Action""]","[""sushi restaurant"", ""rage and hate"", ""notebook"", ""daughter"", ""hostility"", ""sin"", ""revenge"", ""loneliness"", ""urination"", ""anger"", ""catholic"", ""incest"", ""south hypnosis""]",[]
30707,70,70,Million Dollar Baby,"Despondent over a painful estrangement from his daughter, trainer Frankie Dunn isn't prepared for boxer Maggie Fitzgerald to enter his life. But Maggie's determined to go pro and to convince Dunn and his cohort to help her.",70.456012,7.7,2439,2004-12-15,132.0,,,"[""Drama""]","[""transporter"", ""suicide attempt"", ""strong woman"", ""boxer"", ""dying and death"", ""stroke of fate"", ""training"", ""advancement"", ""sport"", ""female protagonist"", ""boxing trainer"", ""determination""]",[]
30793,118,118,Charlie and the Chocolate Factory,"A young boy wins a tour through the most magnificent chocolate factory in the world, led by the world's most unusual candy maker.",53.905592,6.7,3624,2005-07-13,115.0,,,"[""Adventure"", ""Comedy"", ""Family"", ""Fantasy""]","[""london england"", ""father son relationship"", ""chocolate"", ""factory worker"", ""based on novel"", ""parents kids relationship"", ""candy"", ""overweight child"", ""grandfather grandson relationship"", ""teacher""]",[]
31658,4935,4935,Howl's Moving Castle,"When Sophie, a shy young woman, is cursed with an old body by a spiteful witch, her only chance of breaking the spell lies with a self-indulgent yet insecure young wizard and his companions in his legged, walking home.",49.549984,8.2,1991,2004-11-19,119.0,,,"[""Fantasy"", ""Animation"", ""Adventure""]","[""flying"", ""witch"", ""rain"", ""castle"", ""scarecrow"", ""body exchange"", ""hatter"", ""bakery"", ""demon"", ""anime""]",[]
32587,187,187,Sin City,"Welcome to Sin City. This town beckons to the tough, the corrupt, the brokenhearted. Some call it dark… Hard-boiled. Then there are those who call it home — Crooked cops, sexy dames, desperate vigilantes. Some are seeking revenge, others lust after redemption, and then there are those hoping for a little of both. A universe of unlikely and reluctant heroes still trying to do the right thing in a city that refuses to care.",66.003433,7.2,2691,2005-04-01,124.0,,,"[""Action"", ""Thriller"", ""Crime""]","[""dystopia"", ""based on comic book"", ""held captive"", ""based on graphic novel"", ""black and white and color"", ""black and white scene"", ""black and white to color"", ""mysterious killer"", ""doing the right thing"", ""mercedes"", ""silhouette"", ""neo-noir""]",[]
33004,7453,7453,The Hitchhiker's Guide to the Galaxy,"Mere seconds before the Earth is to be demolished by an alien construction crew, Arthur Dent is swept off the planet by his friend Ford Prefect, a researcher penning a new edition of ""The Hitchhiker's Guide to the Galaxy.""",51.742065,6.6,1315,2005-01-15,109.0,,,"[""Adventure"", ""Comedy"", ""Family"", ""Science Fiction""]","[""bureaucracy"", ""england"", ""dolphin"", ""android"", ""based on novel"", ""chase"", ""space travel"", ""galaxy"", ""spaceship"", ""alien"", ""stop motion"", ""survival"", ""hitchhiker"", ""robot"", ""alien invasion"", ""everyman"", ""hyperspace"", ""meaning of life"", ""based on radio show"", ""alien attack"", ""bathrobe"", ""destruction of earth"", ""intergalactic travel"", ""islington england"", ""talking robot""]",[]
33615,953,953,Madagascar,"Zoo animals leave the comforts of man-made habitats for exotic adventure in this animated family film. After escaping from the zoo, four friends -- a lion, a hippo, a zebra and a giraffe -- are sent back to Africa. When their ship capsizes, stranding them on Madagascar, an island populated by crazy critters, the pals must adapt to jungle life and their new roles as wild animals.",48.110909,6.6,3237,2005-05-25,86.0,,,"[""Family"", ""Animation""]","[""lion"", ""hippopotamus"", ""giraffe"", ""penguin"", ""zebra""]",[]
33794,272,272,Batman Begins,"Driven by tragedy, billionaire Bruce Wayne dedicates his life to uncovering and defeating the corruption that plagues his home, Gotham City.  Unable to work within the system, he instead creates a new identity, a symbol of fear for the criminal underworld - The Batman.",115.040024,7.5,7359,2005-06-10,140.0,,,"[""Action"", ""Crime"", ""Drama""]","[""himalaya"", ""martial arts"", ""dc comics"", ""crime fighter"", ""secret identity"", ""undercover"", ""hero"", ""loss of father"", ""society"", ""gotham city"", ""vigilante"", ""superhero"", ""based on comic book"", ""rivalry"", ""tragic hero"", ""ninja"", ""good vs evil"", ""crime"", ""super powers"", ""haunted by the past"", ""evil doctor"", ""escapade"", ""master villain"", ""fighting crime"", ""unfulfillment"", ""love and romance"", ""unfulfilled love""]",[]
34048,74,74,War of the Worlds,"Ray Ferrier is a divorced dockworker and less-than-perfect father. Soon after his ex-wife and her new husband drop of his teenage son and young daughter for a rare weekend visit, a strange and powerful lightning storm touches down.",48.572726,6.2,2322,2005-06-28,116.0,,,"[""Adventure"", ""Thriller"", ""Science Fiction""]","[""post traumatic stress  disorder"", ""new jersey"", ""airplane"", ""dystopia"", ""daughter"", ""apocalypse"", ""alien invasion"", ""human subjugation""]",[]
40339,9982,9982,Chicken Little,"When the sky really is falling and sanity has flown the coop, who will rise to save the day? Together with his hysterical band of misfit friends, Chicken Little must hatch a plan to save the planet from alien invasion and prove that the world's biggest hero is a little chicken.",47.973995,5.6,944,2005-11-04,81.0,,,"[""Animation"", ""Family"", ""Comedy""]","[""fish"", ""small town"", ""space marine"", ""chicken"", ""alien"", ""best friend"", ""alien invasion"", ""animal"", ""duringcreditsstinger"", ""3d""]",[]
40815,674,674,Harry Potter and the Goblet of Fire,"Harry starts his fourth year at Hogwarts, competes in the treacherous Triwizard Tournament and faces the evil Lord Voldemort. Ron and Hermione help Harry manage the pressure – but Voldemort lurks, awaiting his chance to destroy Harry and all that he stands for.",101.250416,7.5,5608,2005-11-05,157.0,,,"[""Adventure"", ""Fantasy"", ""Family""]","[""magic"", ""dying and death"", ""broom"", ""sorcerer's apprentice"", ""school of witchcraft"", ""chosen one"", ""black magic"", ""boarding school"", ""vision"", ""tournament"", ""teenager"", ""wizard"", ""teenage hero"", ""based on young adult novel""]",[]
41566,411,411,"The Chronicles of Narnia: The Lion, the Witch and the Wardrobe","Siblings Lucy, Edmund, Susan and Peter step through a magical wardrobe and find the land of Narnia. There, the they discover a charming, once peaceful kingdom that has been plunged into eternal winter by the evil White Witch, Jadis. Aided by the wise and magnificent lion, Aslan, the children lead Narnia into a spectacular, climactic battle to be free of the Witch's glacial powers forever.",67.391328,6.7,2629,2005-12-07,143.0,,,"[""Adventure"", ""Family"", ""Fantasy""]","[""saving the world"", ""witch"", ""based on novel"", ""brother sister relationship"", ""self sacrifice"", ""winter"", ""cupboard"", ""beaver"", ""lion"", ""fairy-tale figure"", ""battle"", ""narnia"", ""fantasy world"", ""duringcreditsstinger""]",[]
41569,254,254,King Kong,"In 1933 New York, an overly ambitious movie producer coerces his cast and hired ship crew to travel to mysterious Skull Island, where they encounter Kong, a giant ape who is immediately smitten with the leading lady.",61.22601,6.6,2337,2005-12-14,187.0,,,"[""Adventure"", ""Drama"", ""Action""]","[""film business"", ""screenplay"", ""show business"", ""film making"", ""film producer"", ""exotic island"", ""monster"", ""indigenous"", ""ship"", ""dinosaur""]",[]
42738,834,834,Underworld: Evolution,"As the war between the vampires and the Lycans rages on, Selene, a former member of the Death Dealers (an elite vampire special forces unit that hunts werewolves), and Michael, the werewolf hybrid, work together in an effort to unlock the secrets of their respective bloodlines.",49.020045,6.4,1528,2006-01-12,106.0,,,"[""Fantasy"", ""Action"", ""Science Fiction"", ""Thriller""]","[""budapest"", ""key"", ""vampire"", ""light"", ""werewolf"", ""evolution"", ""fang vamp""]",[]
44022,950,950,Ice Age: The Meltdown,"Diego, Manny and Sid return in this sequel to the hit animated movie Ice Age. This time around, the deep freeze is over, and the ice-covered earth is starting to melt, which will destroy the trio's cherished valley. The impending disaster prompts them to reunite and warn all the other beasts about the desperate situation.",85.115058,6.5,2951,2006-03-23,91.0,,,"[""Animation"", ""Family"", ""Comedy"", ""Adventure""]","[""mammoth"", ""sloth"", ""ice age"", ""barrier ice"", ""ice melting"", ""iceberg"", ""flooding"", ""adventure"", ""lovers"", ""deluge"", ""saber-toothed tiger""]",[]
44191,752,752,V for Vendetta,"In a world in which Great Britain has become a fascist state, a masked vigilante known only as 'V' conducts guerrilla warfare against the oppressive British government. When 'V' rescues a young woman from the secret police, he finds in her an ally with whom he can continue his fight to free the people of Britain.",84.630969,7.7,4442,2006-03-15,132.0,,,"[""Action"", ""Thriller"", ""Fantasy""]","[""detective"", ""vatican"", ""fascism"", ""satanism"", ""fascist"", ""dystopia"", ""government"", ""chancellor"", ""revenge"", ""personification of satan"", ""torture"", ""hatred"", ""masked vigilante"", ""catholicism"", ""catholic priest"", ""catholic guilt"", ""jesuit"", ""vengeful spirit"", ""activist"", ""irish catholic"", ""vengeful"", ""jesuit priest"", ""gnosticism"", ""occultism""]",[]
45186,956,956,Mission: Impossible III,"Retired from active duty to train new IMF agents, Ethan Hunt is called back into action to confront sadistic arms dealer, Owen Davian. Hunt must try to protect his girlfriend while working with his new team to complete the mission.",63.079003,6.5,2028,2006-05-03,126.0,,,"[""Adventure"", ""Action"", ""Thriller""]","[""berlin"", ""cia"", ""vatican"", ""white house"", ""secret identity"", ""secret"", ""explosive"", ""mobile phone"", ""map"", ""traitor"", ""mask"", ""honeymoon"", ""shanghai"", ""pretended murder"", ""secret mission"", ""letter"", ""funeral"", ""covered investigation"", ""to shoot dead"", ""secret agent"", ""video"", ""stamp"", ""hard drive"", ""e-mail"", ""decipherment"", ""suitcase"", ""computer"", ""revenge"", ""murder"", ""mission"", ""hospital"", ""duel"", ""disguise"", ""celebration"", ""good and bad"", ""research laboratory"", ""blast""]",[]
45517,920,920,Cars,"Lightning McQueen, a hotshot rookie race car driven to succeed, discovers that life is about the journey, not the finish line, when he finds himself unexpectedly detoured in the sleepy Route 66 town of Radiator Springs. On route across the country to the big Piston Cup Championship in California to compete against two seasoned pros, McQueen gets to know the town's offbeat characters.",82.643036,6.6,3877,2006-06-08,117.0,,,"[""Animation"", ""Adventure"", ""Comedy"", ""Family""]","[""car race"", ""car journey"", ""village and town"", ""auto"", ""route 66"", ""wrecker"", ""porsche"", ""retirement"", ""media"", ""friendship"", ""sport"", ""anthropomorphism"", ""los angeles"", ""road movie"", ""aftercreditsstinger"", ""duringcreditsstinger""]",[]
45720,350,350,The Devil Wears Prada,The Devil Wears Prada is about a young journalist who moves to New York to work in the fashion industry. Her boss however is extremely demanding and cruel and won’t let her succeed if she doesn’t fit into the high class elegant look of their magazine when all she really wants to be a good journalist.,83.893257,7.0,3088,2006-06-30,109.0,,,"[""Comedy"", ""Drama"", ""Romance""]","[""paris"", ""journalist"", ""journalism"", ""world of fasion"", ""fashion journal"", ""assistant"", ""job entrant"", ""job interview"", ""editor-in-chief""]",[]
45722,58,58,Pirates of the Caribbean: Dead Man's Chest,"Captain Jack Sparrow works his way out of a blood debt with the ghostly Davey Jones, he also attempts to avoid eternal damnation.",145.847379,7.0,5246,2006-06-20,151.0,,,"[""Adventure"", ""Fantasy"", ""Action""]","[""witch"", ""fortune teller"", ""bondage"", ""exotic island"", ""monster"", ""captain"", ""card game"", ""east india trading company"", ""compass"", ""ship"", ""daughter"", ""pirate"", ""swashbuckler"", ""aftercreditsstinger""]",[]
46530,1452,1452,Superman Returns,"Superman returns to discover his 5-year absence has allowed Lex Luthor to walk free, and that those he was closest too felt abandoned and have moved on. Luthor plots his ultimate revenge that could see millions killed and change the face of the planet forever, as well as ridding himself of the Man of Steel.",57.925623,5.4,1400,2006-06-28,154.0,,,"[""Adventure"", ""Fantasy"", ""Action"", ""Science Fiction""]","[""saving the world"", ""dc comics"", ""invulnerability"", ""sequel"", ""superhero"", ""based on comic book"", ""kryptonite"", ""super powers"", ""superhuman strength"", ""lex luthor""]",[]
46972,1593,1593,Night at the Museum,"Chaos reigns at the natural history museum when night watchman Larry Daley accidentally stirs up an ancient curse, awakening Attila the Hun, an army of gladiators, a Tyrannosaurus rex and other exhibits. Larry tries desperately to keep the museum under control, but he's fighting a losing battle until President Teddy Roosevelt comes to the rescue.",48.780039,6.3,2862,2006-10-20,108.0,,,"[""Action"", ""Adventure"", ""Comedy"", ""Family"", ""Fantasy""]","[""museum"", ""skeleton"", ""night shift"", ""chaos"", ""genghis khan"", ""maya civilization"", ""natural history"", ""theodore roosevelt"", ""dinosaur"", ""based on children's book"", ""magical object"", ""security guard"", ""duringcreditsstinger"", ""inanimate objects coming to life""]",[]
47099,1402,1402,The Pursuit of Happyness,"The true story of Christopher Gardner, who invests heavily in a device known as a 'Bone Density Scanner', only to find himself struggle to sell the product as it's just marginally better than the current technology, and much more expensive. His wife leaves him,  he loses his house, bank account and credit cards and, now forced to live out in the streets with his young son,  he's desperate to find a steady job. He takes on a job as a stockbroker but, before he can receive pay, he needs to go through 6 months of training, and must sell his devices.",80.581367,7.7,2525,2006-12-14,117.0,,,"[""Drama""]","[""san francisco"", ""single parent"", ""homeless person"", ""bus"", ""worker"", ""homelessness"", ""work"", ""church service"", ""bad luck"", ""biography"", ""salesman"", ""stockbroker""]",[]
47200,1948,1948,Crank,Professional assassin Chev Chelios learns his rival has injected him with a poison that will kill him if his heart rate drops.,47.992817,6.6,1151,2006-08-31,88.0,,,"[""Action"", ""Thriller"", ""Crime""]","[""poison"", ""helicopter"", ""assassin"", ""nudity"", ""hitman"", ""adrenalin"", ""fistfight"", ""swimming pool"", ""revenge"", ""shootout"", ""motorcycle"", ""drug"", ""cell phone"", ""car chase"", ""though guy"", ""pharmacy"", ""defibrillation"", ""hospital gown"", ""emergency room"", ""aftercreditsstinger"", ""sweatshop"", ""run"", ""epinephrine""]",[]
48394,1417,1417,Pan's Labyrinth,"Living with her tyrannical stepfather in a new home with her pregnant mother, 10-year-old Ofelia feels alone until she explores a decaying labyrinth guarded by a mysterious faun who claims to know her destiny. If she wishes to return to her real father, Ofelia must complete three terrifying tasks.",90.809408,7.6,3041,2006-05-27,118.0,,,"[""Fantasy"", ""Drama"", ""War""]","[""spain"", ""resistance"", ""servant"", ""anti hero"", ""fairy"", ""fairy tale"", ""franco regime"", ""army"", ""princess"", ""love"", ""woods"", ""king"", ""hiding"", ""labyrinth"", ""mythological""]",[]
48516,1422,1422,The Departed,"To take down South Boston's Irish Mafia, the police send in one of their own to infiltrate the underworld, not realizing the syndicate has done likewise. While an undercover cop curries favor with the mob kingpin, a career criminal rises through the police ranks. But both sides soon discover there's a mole among them.",63.429157,7.9,4339,2006-10-05,151.0,,,"[""Drama"", ""Thriller"", ""Crime""]","[""undercover"", ""boston"", ""police"", ""friends"", ""mafia"", ""undercover cop"", ""mobster"", ""mole"", ""state police"", ""police training"", ""realtor""]",[]
48780,1124,1124,The Prestige,"A mysterious story of two magicians whose intense rivalry leads them on a life-long battle for supremacy -- full of obsession, deceit and jealousy with dangerous and deadly consequences.",74.440708,8.0,4391,2006-10-19,130.0,,,"[""Drama"", ""Mystery"", ""Thriller""]","[""competition"", ""secret"", ""obsession"", ""magic"", ""dying and death"", ""class society"", ""illusion"", ""tricks"", ""hostility"", ""class"", ""rivalry""]",[]
49272,36557,36557,Casino Royale,"Le Chiffre, a banker to the world's terrorists, is scheduled to participate in a high-stakes poker game in Montenegro, where he intends to use his winnings to establish his financial grip on the terrorist market. M sends Bond – on his maiden mission as a 00 Agent – to attend this game and prevent Le Chiffre from winning. With the help of Vesper Lynd and Felix Leiter, Bond enters the most important poker game in his already dangerous career.",88.935165,7.3,3855,2006-11-14,144.0,,,"[""Adventure"", ""Action"", ""Thriller""]","[""italy"", ""poker"", ""casino"", ""terrorist"", ""banker"", ""money"", ""free running"", ""torture"", ""british secret service"", ""montenegro""]",[]
49530,1372,1372,Blood Diamond,"An ex-mercenary turned smuggler. A Mende fisherman. Amid the explosive civil war overtaking 1999 Sierra Leone, these men join for two desperate missions: recovering a rare pink diamond of immense value and rescuing the fisherman's son conscripted as a child soldier into the brutal rebel forces ripping a swath of torture and bloodshed countrywide.",52.792678,7.3,2281,2006-12-07,143.0,,,"[""Drama"", ""Thriller"", ""Action""]","[""rebel"", ""journalist"", ""journalism"", ""loss of family"", ""slavery"", ""mercenary"", ""diamond mine"", ""sierra leone"", ""bootlegger"", ""fisherman"", ""special unit"", ""smuggling"", ""genocide in rwanda"", ""oppression""]",[]
50872,2062,2062,Ratatouille,"A rat named Remy dreams of becoming a great French chef despite his family's wishes and the obvious problem of being a rat in a decidedly rodent-phobic profession. When fate places Remy in the sewers of Paris, he finds himself ideally situated beneath a restaurant made famous by his culinary hero, Auguste Gusteau. Despite the apparent dangers of being an unlikely - and certainly unwanted - visitor in the kitchen of a fine French restaurant, Remy's passion for cooking soon sets into motion a hilarious and exciting rat race that turns the culinary world of Paris upside down.",65.677399,7.5,4369,2007-06-22,111.0,,,"[""Animation"", ""Comedy"", ""Family"", ""Fantasy""]","[""paris"", ""brother brother relationship"", ""expensive restaurant"", ""river"", ""cook"", ""mouse"", ""confidence"", ""roof"", ""window"", ""leaving one's family"", ""work"", ""restaurant critic"", ""kitchen"", ""spice"", ""court"", ""cookbook"", ""family"", ""chef"", ""rat""]",[]
51540,1949,1949,Zodiac,"The true story of the investigation of 'The Zodiac Killer',  a serial killer who terrified the San Francisco Bay Area, taunting police with his ciphers and letters. The case becomes an obsession for four men as their lives and careers are built and destroyed by the endless trail of clues.",51.970905,7.3,2023,2007-03-02,157.0,,,"[""Crime"", ""Drama"", ""Mystery"", ""Thriller""]","[""california"", ""san francisco"", ""killing"", ""journalist"", ""newspaper"", ""mass murder"", ""planned murder"", ""embassy"", ""victim"", ""threat to death"", ""victim of murder"", ""code"", ""police"", ""murder"", ""serial killer"", ""reporter""]",[]
51662,1271,1271,300,"Based on Frank Miller's graphic novel, ""300"" is very loosely based the 480 B.C. Battle of Thermopylae, where the King of Sparta led his army against the advancing Persians; the battle is said to have inspired all of Greece to band together against the Persians, and helped usher in the world's first democracy.",65.197968,7.0,4997,2006-12-09,117.0,,,"[""Action"", ""Adventure"", ""War""]","[""evisceration"", ""javelin"", ""shield"", ""army"", ""fall from height"", ""ancient world"", ""s.a.t."", ""minions""]",[]
52328,1272,1272,Sunshine,"Fifty years into the future, the sun is dying, and Earth is threatened by arctic temperatures. A team of astronauts is sent to revive the Sun — but the mission fails. Seven years later, a new team is sent to finish the mission as mankind’s last hope.",51.502884,7.0,1182,2007-04-05,107.0,,,"[""Science Fiction"", ""Thriller""]","[""saving the world"", ""bomb"", ""sun"", ""space marine"", ""sunlight"", ""solar energy"", ""space mission"", ""earth"", ""expiration""]",[]
52722,559,559,Spider-Man 3,"The seemingly invincible Spider-Man goes up against an all-new crop of villain – including the shape-shifting Sandman. While Spider-Man’s superpowers are altered by an alien organism, his alter ego, Peter Parker, deals with nemesis Eddie Brock and also gets caught up in a love triangle.",115.699814,5.9,3576,2007-05-01,139.0,,,"[""Fantasy"", ""Action"", ""Adventure""]","[""dual identity"", ""amnesia"", ""sandstorm"", ""love of one's life"", ""forgiveness"", ""spider"", ""wretch"", ""death of a friend"", ""egomania"", ""sand"", ""narcism"", ""hostility"", ""marvel comic"", ""sequel"", ""superhero"", ""revenge""]",[]
53125,285,285,Pirates of the Caribbean: At World's End,"Captain Barbossa, long believed to be dead, has come back to life and is headed to the edge of the Earth with Will Turner and Elizabeth Swann. But nothing is quite as it seems.",139.082615,6.9,4500,2007-05-19,169.0,,,"[""Adventure"", ""Fantasy"", ""Action""]","[""ocean"", ""drug abuse"", ""exotic island"", ""east india trading company"", ""love of one's life"", ""traitor"", ""shipwreck"", ""strong woman"", ""ship"", ""alliance"", ""calypso"", ""afterlife"", ""fighter"", ""pirate"", ""swashbuckler"", ""aftercreditsstinger""]",[]
53464,1979,1979,Fantastic 4: Rise of the Silver Surfer,"The Fantastic Four return to the big screen as a new and all powerful enemy threatens the Earth. The seemingly unstoppable 'Silver Surfer', but all is not what it seems and there are old and new enemies that pose a greater threat than the intrepid superheroes realize.",60.810723,5.4,2589,2007-06-13,92.0,,,"[""Adventure"", ""Fantasy"", ""Action"", ""Thriller""]","[""fire"", ""helicopter"", ""surfboard"", ""mask"", ""satellite"", ""airplane"", ""transformation"", ""forest"", ""resurrection"", ""marvel comic"", ""sequel"", ""superhero"", ""based on comic book"", ""outer space"", ""wedding"", ""explosion"", ""scientist"", ""interrogation"", ""double cross"", ""fantastic four"", ""military"", ""earth in peril"", ""superhuman strength"", ""duringcreditsstinger"", ""invisibility"", ""silver surfer"", ""forcefield"", ""elasticity"", ""absorbing power""]",[]
53972,1571,1571,Live Free or Die Hard,"John McClane is back and badder than ever, and this time he's working for Homeland Security. He calls on the services of a young hacker in his bid to stop a ring of Internet terrorists intent on taking control of America's computer infrastructure.",48.93337,6.4,2089,2007-06-20,128.0,,,"[""Action"", ""Thriller""]","[""usa"", ""washington d.c."", ""helicopter"", ""hostage"", ""fbi"", ""kidnapping"", ""hacker"", ""satellite"", ""transport of prisoners"", ""traffic jam"", ""fistfight"", ""ex-cop"", ""sequel"", ""suspense"", ""shootout"", ""explosion"", ""violence"", ""cell phone"", ""car chase"", ""police car"", ""walkie talkie"", ""based on article"", ""cyber terrorism"", ""action hero"", ""power plant""]",[]
54001,675,675,Harry Potter and the Order of the Phoenix,"Returning for his fifth year of study at Hogwarts, Harry is stunned to find that his warnings about the return of Lord Voldemort have been ignored. Left with no choice, Harry takes matters into his own hands, training a small group of students – dubbed 'Dumbledore's Army' – to defend themselves against the dark arts.",78.144395,7.4,5494,2007-06-28,138.0,,,"[""Adventure"", ""Fantasy"", ""Family"", ""Mystery""]","[""prophecy"", ""witch"", ""loss of lover"", ""magic"", ""cutting the cord"", ""child hero"", ""dying and death"", ""broom"", ""sorcerer's apprentice"", ""school of witchcraft"", ""black magic"", ""death of a friend"", ""sorcery"", ""occultism""]",[]
54259,2270,2270,Stardust,"In a countryside town bordering on a magical land, a young man makes a promise to his beloved that he'll retrieve a fallen star by venturing into the magical realm. His journey takes him into a world beyond his wildest dreams and reveals his true identity.",48.032734,7.1,1184,2007-08-09,127.0,,,"[""Adventure"", ""Fantasy"", ""Romance"", ""Family""]","[""witch"", ""based on novel"", ""new love"", ""prince"", ""beauty"", ""star"", ""kingdom"", ""wall"", ""falling star"", ""royalty"", ""unrequited love"", ""good vs evil"", ""fratricide""]",[]
54997,5176,5176,3:10 to Yuma,"In Arizona in the late 1800's, infamous outlaw Ben Wade and his vicious gang of thieves and murderers have plagued the Southern Railroad. When Wade is captured, Civil War veteran Dan Evans, struggling to survive on his drought-plagued ranch, volunteers to deliver him alive to the ""3:10 to Yuma"", a train that will take the killer to trial.",48.801089,6.9,1188,2007-09-06,122.0,,,"[""Western""]","[""saloon"", ""hero"", ""liberation of prisoners"", ""transport of prisoners"", ""wilderness"", ""dying and death"", ""race against time"", ""railway car"", ""stetson"", ""rivalry"", ""gang"", ""gunfight"", ""crime"", ""family"", ""psychological"", ""dishonesty"", ""heroic mission"", ""righting the wronged"", ""chases and races"", ""parents and children"", ""mind and soul""]",[]
55820,6977,6977,No Country for Old Men,"Llewelyn Moss stumbles upon dead bodies, $2 million and a hoard of heroin in a Texas desert, but methodical killer Anton Chigurh comes looking for it, with local sheriff Ed Tom Bell hot on his trail. The roles of prey and predator blur as the violent pursuit of money and justice collide.",53.645267,7.7,3003,2007-11-08,122.0,,,"[""Crime"", ""Drama"", ""Thriller""]","[""texas"", ""drug traffic"", ""hitman"", ""united states\u2013mexico barrier"", ""suspense""]",[]
56174,6479,6479,I Am Legend,"Robert Neville is a scientist who was unable to stop the spread of the terrible virus that was incurable and man-made. Immune, Neville is now the last human survivor in what is left of New York City and perhaps the world. For three years, Neville has faithfully sent out daily radio messages, desperate to find any other survivors who might be out there. But he is not alone.",70.867401,6.9,4853,2007-12-14,101.0,,,"[""Drama"", ""Horror"", ""Action"", ""Thriller"", ""Science Fiction""]","[""saving the world"", ""lost civilisation"", ""post-apocalyptic"", ""dystopia"", ""matter of life and death"", ""alone"", ""helplessness"", ""virus"", ""pandemic""]",[]
57640,11253,11253,Hellboy II: The Golden Army,"In this continuation to the adventure of the demon superhero, an evil elf breaks an ancient pact between humans and creatures, as he declares war against humanity. He is on a mission to release The Golden Army, a deadly group of fighting machines that can destroy the human race. As Hell on Earth is ready to erupt, Hellboy and his crew set out to defeat the evil prince.",58.57976,6.5,1527,2008-07-11,120.0,,,"[""Adventure"", ""Fantasy"", ""Science Fiction""]","[""auction"", ""northern ireland"", ""resignation"", ""superhero"", ""rebellion"", ""violence"", ""spear"", ""cut arm"", ""split screen"", ""superhero team"", ""arm ripped off"", ""super villain"", ""remorse"", ""self exile"", ""vanishing figure"", ""father son conflict""]",[]
58559,155,155,The Dark Knight,"Batman raises the stakes in his war on crime. With the help of Lt. Jim Gordon and District Attorney Harvey Dent, Batman sets out to dismantle the remaining criminal organizations that plague the streets. The partnership proves to be effective, but they soon find themselves prey to a reign of chaos unleashed by a rising criminal mastermind known to the terrified citizens of Gotham as the Joker.",187.322927,8.2,12002,2008-07-16,152.0,,,"[""Drama"", ""Action"", ""Crime"", ""Thriller""]","[""dc comics"", ""crime fighter"", ""secret identity"", ""scarecrow"", ""sadism"", ""chaos"", ""gotham city"", ""vigilante"", ""joker"", ""superhero"", ""based on comic book"", ""tragic hero"", ""organized crime"", ""criminal mastermind"", ""district attorney"", ""imax"", ""super villain"", ""super powers"", ""batman""]",[]
58998,9870,9870,Forgetting Sarah Marshall,"When Sarah Marshall dumps aspiring musician Peter Bretter for rock star Aldous Snow, Peter's world comes crashing down. His best friend suggests that Peter should get away from everything and to fly off to Hawaii to escape all his problems. After arriving in Hawaii and meeting the beautiful Rachel Jansen, Peter is shocked to see not only Aldous Snow in Hawaii, but also Sarah Marshall.",50.670253,6.4,1172,2008-04-17,111.0,,,"[""Comedy"", ""Romance"", ""Drama""]","[""hawaii"", ""one-night stand"", ""beauty""]",[]
59315,1726,1726,Iron Man,"After being held captive in an Afghan cave, billionaire engineer Tony Stark creates a unique weaponized suit of armor to fight evil.",120.725053,7.4,8776,2008-04-30,126.0,,,"[""Action"", ""Science Fiction"", ""Adventure""]","[""middle east"", ""arms dealer"", ""malibu"", ""marvel comic"", ""superhero"", ""based on comic book"", ""tony stark"", ""iron man"", ""aftercreditsstinger"", ""marvel cinematic universe"", ""counter terrorism"", ""agent coulson""]",[]
59369,8681,8681,Taken,"While vacationing with a friend in Paris, an American girl is kidnapped by a gang of human traffickers intent on selling her into forced prostitution. Working against the clock, her ex-spy father must pull out all the stops to save her. But with his best years possibly behind him, the job may be more than he can handle.",80.879032,7.2,4369,2008-02-18,93.0,,,"[""Action"", ""Thriller""]","[""paris"", ""kidnapping"", ""human trafficking"", ""rescue"", ""prostitution"", ""albanian"", ""missing daughter"", ""ex cia agent""]",[]
59501,2454,2454,The Chronicles of Narnia: Prince Caspian,"One year after their incredible adventures in the Lion, the Witch and the Wardrobe, Peter, Edmund, Lucy and Susan Pevensie return to Narnia to aid a young prince whose life has been threatened by the evil King Miraz. Now, with the help of a colorful cast of new characters, including Trufflehunter the badger and Nikabrik the dwarf, the Pevensie clan embarks on an incredible quest to ensure that Narnia is returned to its rightful heir.",53.978602,6.3,1630,2008-05-15,150.0,,,"[""Adventure"", ""Family"", ""Fantasy""]","[""based on novel"", ""fictional place"", ""brother sister relationship"", ""lion"", ""human being"", ""wretch"", ""leap in time"", ""matter of life and death"", ""faith"", ""uncle"", ""narnia"", ""fantasy world""]",[]
59615,217,217,Indiana Jones and the Kingdom of the Crystal Skull,"Set during the Cold War, the Soviets – led by sword-wielding Irina Spalko – are in search of a crystal skull which has supernatural powers related to a mystical Lost City of Gold. After being captured and then escaping from them, Indy is coerced to head to Peru at the behest of a young man whose friend – and Indy's colleague – Professor Oxley has been captured for his knowledge of the skull's whereabouts.",75.674458,5.7,2495,2008-05-21,122.0,,,"[""Adventure"", ""Action""]","[""saving the world"", ""riddle"", ""whip"", ""treasure"", ""mexico city"", ""leather jacket"", ""machinegun"", ""alien phenomenons"", ""maya civilization"", ""peru"", ""treasure hunt"", ""nuclear explosion"", ""refrigerator"", ""archaeologist"", ""indiana jones"", ""archeology\u00a0""]",[]
59784,9502,9502,Kung Fu Panda,"When the Valley of Peace is threatened, lazy Po the panda discovers his destiny as the ""chosen one"" and trains to become a kung fu hero, but transforming the unsleek slacker into a brave warrior won't be easy. It's up to Master Shifu and the Furious Five -- Tigress, Crane, Mantis, Viper and Monkey -- to give it a try.",84.689648,6.9,3145,2008-06-04,90.0,,,"[""Adventure"", ""Animation"", ""Family"", ""Comedy""]","[""china"", ""martial arts"", ""kung fu"", ""mentor"", ""snake"", ""restaurant"", ""shop"", ""strong woman"", ""bravery"", ""tiger"", ""turtle"", ""panda"", ""sensei"", ""anthropomorphism"", ""fighting"", ""ancient china"", ""monkey"", ""master"", ""destiny"", ""evil"", ""aftercreditsstinger"", ""monkey warrior"", ""noodle""]",[]
60040,1724,1724,The Incredible Hulk,"Scientist Bruce Banner scours the planet for an antidote to the unbridled force of rage within him: the Hulk. But when the military masterminds who dream of exploiting his powers force him back to civilization, he finds himself coming face to face with a new, deadly foe.",62.898336,6.1,3021,2008-06-12,114.0,,,"[""Science Fiction"", ""Action"", ""Adventure""]","[""new york"", ""rio de janeiro"", ""marvel comic"", ""superhero"", ""based on comic book"", ""on the run"", ""fugitive"", ""super soldier"", ""tony stark"", ""virginia"", ""military"", ""hulk"", ""marvel cinematic universe"", ""angry"", ""bruce banner""]",[]
60069,10681,10681,WALL·E,"WALL·E is the last robot left on an Earth that has been overrun with garbage and all humans have fled to outer space. For 700 years he has continued to try and clean up the mess, but has developed some rather interesting human-like qualities. When a ship arrives with a sleek new type of robot, WALL·E thinks he's finally found a friend and stows away on the ship when it leaves.",66.390712,7.8,6296,2008-06-22,98.0,,,"[""Animation"", ""Family""]","[""romantic comedy""]",[]
60072,8909,8909,Wanted,"Doormat Wesley Gibson discovers that his recently murdered father – who Wesley never knew – belonged to a secret guild of assassins. After a leather-clad sexpot drafts Wesley into the society, he hones his innate killing skills and turns avenger.",73.82289,6.4,2528,2008-06-19,110.0,,,"[""Action"", ""Thriller"", ""Crime""]","[""assassin"", ""loss of father"", ""secret society"", ""mission of murder"", ""revenge""]",[]
60074,8960,8960,Hancock,"Hancock is a down-and-out superhero who's forced to employ a PR expert to help repair his image when the public grows weary of all the damage he's inflicted during his lifesaving heroics. The agent's idea of imprisoning the antihero to make the world miss him proves successful, but will Hancock stick to his new sense of purpose or slip back into old habits?",56.758411,6.2,2961,2008-07-01,92.0,,,"[""Fantasy"", ""Action""]","[""flying"", ""alcohol"", ""love of one's life"", ""forbidden love"", ""lovers"", ""affection"", ""advertising expert"", ""alcoholism"", ""invulnerability"", ""superhero"", ""pokies"", ""duringcreditsstinger""]",[]
60514,88751,88751,Journey to the Center of the Earth,"On a quest to find out what happened to his missing brother, a scientist, his nephew and their mountain guide discover a fantastic and dangerous lost world in the center of the earth.",53.090422,5.8,1309,2008-07-10,93.0,,,"[""Action"", ""Science Fiction"", ""Adventure"", ""Comedy"", ""Family""]","[""volcano"", ""prehistoric"", ""dinosaur"", ""prehistoric creature"", ""3d""]",[]
60684,13183,13183,Watchmen,"In a gritty and alternate 1985 the glory days of costumed vigilantes have been brought to a close by a government crackdown, but after one of the masked veterans is brutally murdered an investigation into the killer is initiated. The reunited heroes set out to prevent their own destruction, but in doing so uncover a sinister plot that puts all of humanity in grave danger.",64.798873,7.0,2811,2009-03-05,163.0,,,"[""Action"", ""Mystery"", ""Science Fiction""]","[""dc comics"", ""secret identity"", ""mass murder"", ""retirement"", ""based on comic book"", ""conspiracy"", ""nuclear war"", ""doomsday"", ""soviet"", ""masked vigilante"", ""doomsday clock"", ""red square"", ""death of superhero"", ""american president"", ""1980s""]",[]
60937,1735,1735,The Mummy: Tomb of the Dragon Emperor,"Archaeologist Rick O'Connell travels to China, pitting him against an emperor from the 2,000-year-old Han dynasty who's returned from the dead to pursue a quest for world domination. This time, O'Connell enlists the help of his wife and son to quash the so-called 'Dragon Emperor' and his abuse of supernatural power.",60.034162,5.2,1387,2008-07-01,112.0,,,"[""Adventure"", ""Action"", ""Fantasy""]",[],[]
63082,12405,12405,Slumdog Millionaire,"Jamal Malik is an impoverished Indian teen who becomes a contestant on the Hindi version of ‘Who Wants to Be a Millionaire?’ but, after he wins, he is suspected of cheating.",59.258969,7.6,2827,2008-05-12,120.0,,,"[""Drama"", ""Romance""]","[""slum"", ""indian lead"", ""cheating"", ""suspicion"", ""game show"", ""orphan"", ""duringcreditsstinger""]",[]
63113,10764,10764,Quantum of Solace,"Quantum of Solace continues the adventures of James Bond after Casino Royale. Betrayed by Vesper, the woman he loved, 007 fights the urge to make his latest mission personal. Pursuing his determination to uncover the truth, Bond and M interrogate Mr. White, who reveals that the organization that blackmailed Vesper is far more complex and dangerous than anyone had imagined.",107.928811,6.1,2965,2008-10-30,106.0,,,"[""Adventure"", ""Action"", ""Thriller"", ""Crime""]","[""killing"", ""undercover"", ""secret agent"", ""british secret service""]",[]
63992,8966,8966,Twilight,"When Bella Swan moves to a small town in the Pacific Northwest to live with her father, she starts school and meets the reclusive Edward Cullen, a mysterious classmate who reveals himself to be a 108-year-old vampire. Despite Edward's repeated cautions, Bella can't help but fall in love with him, a fatal move that endangers her own life when a coven of bloodsuckers try to challenge the Cullen clan.",127.084938,5.8,3561,2008-11-20,122.0,,,"[""Adventure"", ""Fantasy"", ""Drama"", ""Romance""]","[""soulmates"", ""vampire"", ""forbidden love"", ""immortality"", ""trust"", ""desire"", ""duringcreditsstinger"", ""woman director"", ""interspecies romance"", ""based on young adult novel"", ""fang vamp""]",[]
64614,13223,13223,Gran Torino,"Walt Kowalski is a widower who holds onto his prejudices despite the changes in his Michigan neighborhood and the world around him. Kowalski is a grumpy, tough-minded, unhappy old man who can't get along with either his kids or his neighbors. He is a Korean War veteran whose prize possession is a 1972 Gran Torino he keeps in mint condition. When his neighbor Thao, a young Hmong teenager under pressure from his gang member cousin, tries to steal his Gran Torino, Kowalski sets out to reform the youth. Drawn against his will into the life of Thao's family, Kowalski is soon taking steps to protect them from the gangs that infest their neighborhood.",50.7453,7.8,3086,2008-12-09,116.0,,,"[""Drama""]","[""rape"", ""war veteran"", ""immigration"", ""priest"", ""gang"", ""old man"", ""teenager"", ""gangster"", ""detroit"", ""widower"", ""car"", ""hmong""]",[]
64957,4922,4922,The Curious Case of Benjamin Button,"Tells the story of Benjamin Button, a man who starts aging backwards with bizarre consequences.",60.269279,7.3,3292,2008-11-24,166.0,,,"[""Fantasy"", ""Drama"", ""Thriller"", ""Mystery"", ""Romance""]","[""diary"", ""navy"", ""funeral"", ""tea"", ""travel"", ""hospital""]",[]
65682,12437,12437,Underworld: Rise of the Lycans,"A prequel to the first two Underworld films, this fantasy explains the origins of the feud between the Vampires and the Lycans. Aided by his secret love, Sonja, courageous Lucian leads the Lycans in battle against brutal Vampire king Viktor. Determined to break the king's enslavement of his people, Lucian faces off against the Death Dealer army in a bid for Lycan independence.",51.927471,6.2,1428,2009-01-22,92.0,,,"[""Fantasy"", ""Action"", ""Adventure"", ""Science Fiction"", ""Thriller""]","[""prison"", ""underworld"", ""slavery"", ""castle"", ""vampire"", ""war"", ""werewolf"", ""battle"", ""slave"", ""dungeon"", ""fang vamp""]",[]
66097,14836,14836,Coraline,"When Coraline moves to an old house, she feels bored and neglected by her parents. She finds a hidden door with a bricked up passage. During the night, she crosses the passage and finds a parallel world where everybody has buttons instead of eyes, with caring parents and all her dreams coming true. When the Other Mother invites Coraline to stay in her world forever, the girl refuses and finds that the alternate reality where she is trapped is only a trick to lure her.",51.146047,7.3,1386,2009-02-05,100.0,,,"[""Animation"", ""Family""]","[""dream"", ""eye"", ""stuffed animal"", ""parallel world"", ""button"", ""new home"", ""secret door"", ""aftercreditsstinger"", ""duringcreditsstinger""]",[]
68135,16996,16996,17 Again,"On the brink of a midlife crisis, 30-something Mike O'Donnell wishes he could have a ""do-over."" And that's exactly what he gets when he wakes up one morning to find he's 17 years old again. With his adult mind stuck inside the body of a teenager, Mike actually has the chance to reverse some decisions he wishes he'd never made. But maybe they weren't so bad after all.",52.571674,6.1,1350,2009-03-11,102.0,,,"[""Comedy""]","[""high school"", ""bullying"", ""high school sports"", ""fake identity"", ""adult as a child"", ""do over""]",[]
68157,16869,16869,Inglourious Basterds,"In Nazi-occupied France during World War II, a group of Jewish-American soldiers known as ""The Basterds"" are chosen specifically to spread fear throughout the Third Reich by scalping and brutally killing Nazis. The Basterds, lead by Lt. Aldo Raine soon cross paths with a French-Jewish teenage girl who runs a movie theater in Paris which is targeted by the soldiers.",72.595961,7.9,6430,2009-08-18,153.0,,,"[""Drama"", ""Action"", ""Thriller"", ""War""]","[""paris"", ""guerrilla"", ""cinema"", ""self sacrifice"", ""dynamite"", ""mexican standoff"", ""world war ii"", ""jew persecution"", ""jew"", ""nazis"", ""masochism"", ""sadism"", ""scalp"", ""winston churchill"", ""knife in hand"", ""anti semitism"", ""gore"", ""swastika"", ""blood bath"", ""german occupation of france"", ""violence"", ""gun violence""]",[]
68358,13475,13475,Star Trek,"The fate of the galaxy rests in the hands of bitter rivals. One, James Kirk, is a delinquent, thrill-seeking Iowa farm boy. The other, Spock, a Vulcan, was raised in a logic-based society that rejects all emotion. As fiery instinct clashes with calm reason, their unlikely but powerful partnership is the only thing capable of leading their crew through unimaginable danger, boldly going where no one has gone before. The human adventure has begun again.",73.616808,7.4,4518,2009-05-06,127.0,,,"[""Science Fiction"", ""Action"", ""Adventure""]","[""spacecraft"", ""teleportation"", ""space mission"", ""parachute"", ""time travel"", ""black hole"", ""supernova"", ""prequel"", ""warp speed"", ""futuristic"", ""warp engine"", ""romulans"", ""outer space"", ""vulcan"", ""alternate reality"", ""space opera"", ""reboot""]",[]
68554,13448,13448,Angels & Demons,"Harvard symbologist Robert Langdon investigates a mysterious symbol seared into the chest of a murdered physicist. He discovers evidence of the unimaginable, the rebirth of an ancient secret brotherhood known as the Illuminati, the most powerful underground organization ever to walk the earth.",67.447636,6.5,2129,2009-05-13,138.0,,,"[""Thriller"", ""Mystery""]","[""rome"", ""vatican"", ""based on novel"", ""symbolism"", ""christian"", ""illuminati"", ""quantum mechanics"", ""prequel"", ""anti matter"", ""conspiracy"", ""investigator"", ""catholicism"", ""cern""]",[]
68791,534,534,Terminator Salvation,"All grown up in post-apocalyptic 2018, John Connor must lead the resistance of humans against the increasingly dominating militaristic robots. But when Marcus Wright appears, his existence confuses the mission as Connor tries to determine whether Wright has come from the future or the past -- and whether he's friend or foe.",71.862892,5.9,2463,2009-05-20,115.0,,,"[""Action"", ""Science Fiction"", ""Thriller""]","[""saving the world"", ""artificial intelligence"", ""prophecy"", ""san francisco"", ""cyborg"", ""killer robot"", ""gas station"", ""post-apocalyptic"", ""dystopia"", ""army"", ""firearm"", ""wartime"", ""los angeles""]",[]
68793,18360,18360,Night at the Museum: Battle of the Smithsonian,"Hapless museum night watchman Larry Daley must help his living, breathing exhibit friends out of a pickle now that they've been transferred to the archives at the Smithsonian Institution. Larry's (mis)adventures this time include close encounters with Amelia Earhart, Abe Lincoln and Ivan the Terrible.",81.781591,5.9,1971,2009-05-20,105.0,,,"[""Adventure"", ""Fantasy"", ""Action"", ""Comedy"", ""Family""]","[""museum"", ""theodore roosevelt"", ""duringcreditsstinger"", ""amelia earhart"", ""smithsonian""]",[]
68954,14160,14160,Up,"Carl Fredricksen spent his entire life dreaming of exploring the globe and experiencing life to its fullest. But at age 78, life seems to have passed him by, until a twist of fate (and a persistent 8-year old Wilderness Explorer named Russell) gives him a new lease on life.",92.201962,7.7,6870,2009-05-13,96.0,,,"[""Animation"", ""Comedy"", ""Family"", ""Adventure""]","[""age difference"", ""central and south america"", ""balloon"", ""animation"", ""floating in the air"", ""duringcreditsstinger"", ""exploring""]",[]
69122,18785,18785,The Hangover,"When three friends finally come to after a raucous night of bachelor-party revelry, they find a baby in the closet and a tiger in the bathroom. But they can't seem to locate their best friend, Doug – who's supposed to be tying the knot. Launching a frantic search for Doug, the trio perseveres through a nasty hangover to try to make it to the church on time.",82.21166,7.2,6173,2009-06-05,100.0,,,"[""Comedy""]","[""underwear"", ""tiger"", ""stag night"", ""hangover"", ""lost weekend"", ""bag over head"", ""chapel"", ""hit with tire iron"", ""memory loss"", ""las vegas"", ""duringcreditsstinger"", ""elevator""]",[]
69644,8355,8355,Ice Age: Dawn of the Dinosaurs,"Times are changing for Manny the moody mammoth, Sid the motor mouthed sloth and Diego the crafty saber-toothed tiger. Life heats up for our heroes when they meet some new and none-too-friendly neighbors – the mighty dinosaurs.",69.457898,6.5,2271,2009-06-29,94.0,,,"[""Animation"", ""Comedy"", ""Family"", ""Adventure""]","[""ice age"", ""bridge"", ""insanity"", ""jungle"", ""dinosaur"", ""birth"", ""duringcreditsstinger"", ""3d""]",[]
69844,767,767,Harry Potter and the Half-Blood Prince,"As Harry begins his sixth year at Hogwarts, he discovers an old book marked as 'Property of the Half-Blood Prince', and begins to learn more about Lord Voldemort's dark past.",98.885637,7.4,5293,2009-07-07,153.0,,,"[""Adventure"", ""Fantasy"", ""Family""]","[""witch"", ""magic"", ""broom"", ""school of witchcraft"", ""wizardry"", ""apparition"", ""teenage crush"", ""werewolf""]",[]
70286,17654,17654,District 9,"Aliens land in South Africa and, with their ship totally disabled,  have no way home. Years later, after living in a slum and wearing out their welcome the 'Non-Humans' are being moved to a new tent city overseen by Multi-National United (MNU).",63.13678,7.3,3382,2009-08-05,112.0,,,"[""Science Fiction""]","[""slum"", ""street gang"", ""mutation"", ""south africa"", ""johannesburg"", ""dystopia"", ""genetics"", ""government"", ""satire"", ""alien"", ""prawn"", ""mockumentary"", ""alternate history"", ""racism"", ""metamorphosis"", ""xenophobia"", ""internment camp"", ""body transformation"", ""alien technology"", ""segregation""]",[]
71057,12244,12244,9,"When 9 first comes to life, he finds himself in a post-apocalyptic world. All humans are gone, and it is only by chance that he discovers a small community of others like him taking refuge from fearsome machines that roam the earth intent on their extinction. Despite being the neophyte of the group, 9 convinces the others that hiding will do them no good.",55.806402,6.6,1262,2009-08-19,79.0,,,"[""Action"", ""Adventure"", ""Animation"", ""Science Fiction"", ""Thriller""]","[""man vs machine"", ""hope"", ""post-apocalyptic"", ""dystopia"", ""friendship"", ""war"", ""steampunk"", ""coward"", ""end of world"", ""rag doll""]",[]
71535,19908,19908,Zombieland,"Columbus has made a habit of running from what scares him. Tallahassee doesn't have fears. If he did, he'd kick their ever-living ass. In a world overrun by zombies, these two are perfectly evolved survivors. But now, they're about to stare down the most terrifying prospect of all: each other.",57.300674,7.2,3550,2009-10-07,88.0,,,"[""Comedy"", ""Horror""]","[""washington d.c."", ""sister sister relationship"", ""post-apocalyptic"", ""road trip"", ""blood splatter"", ""parody"", ""survival"", ""zombie"", ""violence"", ""survival horror"", ""amusement park"", ""twinkie"", ""body count"", ""zombification"", ""disposing of a dead body"", ""bitten on the arm"", ""loner"", ""aftercreditsstinger"", ""zombie apocalypse"", ""fear of clowns""]",[]
71838,22803,22803,Law Abiding Citizen,A frustrated man decides to take justice into his own hands after a plea bargain sets one of his family's killers free. He targets not only the killer but also the district attorney and others involved in the deal.,49.593978,7.2,1486,2009-10-15,109.0,,,"[""Drama"", ""Crime"", ""Thriller""]","[""tattoo"", ""secret passage"", ""baseball bat"", ""deal"", ""explosion"", ""justice"", ""district attorney"", ""courtroom"", ""vigilantism""]",[]
72407,18239,18239,The Twilight Saga: New Moon,"Forks, Washington resident Bella Swan is reeling from the departure of her vampire love, Edward Cullen, and finds comfort in her friendship with Jacob Black, a werewolf. But before she knows it, she's thrust into a centuries-old conflict, and her desire to be with Edward at any cost leads her to take greater and greater risks.",94.815867,5.6,2436,2009-03-15,130.0,,,"[""Adventure"", ""Fantasy"", ""Drama"", ""Romance""]","[""moon"", ""cinema"", ""vampire"", ""werewolf"", ""fang vamp""]",[]
72737,10198,10198,The Princess and the Frog,"A waitress, desperate to fulfill her dreams as a restaurant owner, is set on a journey to turn a frog prince back into a human being, but she has to do face the same problem after she kisses him.",62.479574,6.7,1247,2009-12-08,97.0,,,"[""Romance"", ""Family"", ""Animation"", ""Music""]","[""based on novel"", ""voodoo"", ""kiss"", ""princess"", ""animation"", ""cajun"", ""firefly"", ""based on fairy tale"", ""duringcreditsstinger"", ""big dreams"", ""frog prince"", ""charlatan""]",[]
72998,19995,19995,Avatar,"In the 22nd century, a paraplegic Marine is dispatched to the moon Pandora on a unique mission, but becomes torn between following orders and protecting an alien civilization.",150.437577,7.2,11800,2009-12-10,162.0,,,"[""Action"", ""Adventure"", ""Fantasy"", ""Science Fiction""]","[""culture clash"", ""future"", ""space war"", ""space colony"", ""society"", ""space travel"", ""futuristic"", ""romance"", ""space"", ""alien"", ""tribe"", ""alien planet"", ""cgi"", ""marine"", ""soldier"", ""battle"", ""love affair"", ""anti war"", ""power relations"", ""mind and soul"", ""3d""]",[]
73017,10528,10528,Sherlock Holmes,"Eccentric consulting detective, Sherlock Holmes and Doctor John Watson battle to bring down a new nemesis and unravel a deadly plot that could destroy England.",57.834787,7.0,5766,2009-12-23,128.0,,,"[""Action"", ""Adventure"", ""Crime"", ""Mystery""]","[""detective"", ""scotland yard"", ""coffin"", ""black magic"", ""arrest"", ""partner"", ""sherlock holmes"", ""murder"", ""steampunk"", ""pentagram"", ""clue""]",[]
74458,11324,11324,Shutter Island,"World War II soldier-turned-U.S. Marshal Teddy Daniels investigates the disappearance of a patient from a hospital for the criminally insane, but his efforts are compromised by his troubling visions and also by a mysterious doctor.",81.914696,7.8,6336,2010-02-18,138.0,,,"[""Drama"", ""Thriller"", ""Mystery""]","[""based on novel"", ""island"", ""hurricane"", ""investigation"", ""psychiatric hospital"", ""u.s. marshal"", ""conspiracy theory"", ""1950s""]",[]
74530,32657,32657,Percy Jackson & the Olympians: The Lightning Thief,"Accident prone teenager, Percy discovers he's actually a demi-God, the son of Poseidon, and he is needed when Zeus' lightning is stolen. Percy must master his new found skills in order to prevent a war between the Gods that could devastate the entire world.",61.121717,6.0,2010,2010-02-01,118.0,,,"[""Adventure"", ""Fantasy"", ""Family""]","[""monster"", ""greek mythology"", ""god"", ""poseidon \u00a0"", ""lightning bolt"", ""based on young adult novel""]",[]
74789,12155,12155,Alice in Wonderland,"Alice, an unpretentious and individual 19-year-old, is betrothed to a dunce of an English nobleman. At her engagement party, she escapes the crowd to consider whether to go through with the marriage and falls down a hole in the garden after spotting an unusual rabbit. Arriving in a strange and surreal place called 'Underland,' she finds herself in a world that resembles the nightmares she had as a child, filled with talking animals, villainous queens and knights, and frumious bandersnatches. Alice realizes that she is there for a reason – to conquer the horrific Jabberwocky and restore the rightful queen to her throne.",78.530105,6.4,4645,2010-03-03,108.0,,,"[""Family"", ""Fantasy"", ""Adventure""]","[""based on novel"", ""fictional place"", ""queen"", ""fantasy"", ""alice in wonderland"", ""fantasy world"", ""3d""]",[]
76093,10191,10191,How to Train Your Dragon,"As the son of a Viking leader on the cusp of manhood, shy Hiccup Horrendous Haddock III faces a rite of passage: he must kill a dragon to prove his warrior mettle. But after downing a feared dragon, he realizes that he no longer wants to destroy it, and instead befriends the beast – which he names Toothless – much to the chagrin of his warrior father",67.263269,7.5,4227,2010-03-05,98.0,,,"[""Fantasy"", ""Adventure"", ""Animation"", ""Family""]","[""flying"", ""blacksmith"", ""arena"", ""island"", ""night"", ""ship"", ""training"", ""village"", ""forest"", ""viking"", ""friendship"", ""ignorance"", ""flight"", ""nest"", ""dragon"", ""battle"", ""combat"", ""well"", ""warrior""]",[]
77561,10138,10138,Iron Man 2,"With the world now aware of his dual life as the armored superhero Iron Man, billionaire inventor Tony Stark faces pressure from the government, the press and the public to share his technology with the military. Unwilling to let go of his invention, Stark, with Pepper Potts and James 'Rhodey' Rhodes at his side, must forge new alliances – and confront powerful enemies.",77.300194,6.6,6849,2010-04-28,124.0,,,"[""Adventure"", ""Action"", ""Science Fiction""]","[""malibu"", ""marvel comic"", ""superhero"", ""based on comic book"", ""revenge"", ""aftercreditsstinger"", ""marvel cinematic universe""]",[]
78105,9543,9543,Prince of Persia: The Sands of Time,"A rogue prince reluctantly joins forces with a mysterious princess and together, they race against dark forces to safeguard an ancient dagger capable of releasing the Sands of Time – gift from the gods that can reverse time and allow its possessor to rule the world.",62.169881,6.2,2317,2010-05-19,116.0,,,"[""Adventure"", ""Fantasy"", ""Action"", ""Romance""]","[""persia"", ""sandstorm"", ""brother against brother"", ""armageddon"", ""regent"", ""based on video game""]",[]
78499,10193,10193,Toy Story 3,"Woody, Buzz, and the rest of Andy's toys haven't been played with in years. With Andy about to go to college, the gang find themselves accidentally left at a nefarious day care center. The toys must band together to escape and return home to Andy.",59.995418,7.6,4597,2010-06-16,103.0,,,"[""Animation"", ""Family"", ""Comedy""]","[""hostage"", ""college"", ""toy"", ""barbie"", ""animation"", ""escape"", ""day care"", ""teddy bear"", ""duringcreditsstinger"", ""toy comes to life"", ""personification"", ""inanimate objects coming to life"", ""toy story""]",[]
78772,24021,24021,The Twilight Saga: Eclipse,"Bella once again finds herself surrounded by danger as Seattle is ravaged by a string of mysterious killings and a malicious vampire continues her quest for revenge. In the midst of it all, she is forced to choose between her love for Edward and her friendship with Jacob, knowing that her decision has the potential to ignite the ageless struggle between vampire and werewolf. With her graduation quickly approaching, Bella is confronted with the most important decision of her life.",107.069763,5.8,2301,2010-06-23,124.0,,,"[""Adventure"", ""Fantasy"", ""Drama"", ""Romance""]","[""vampire"", ""graduation"", ""bite"", ""immortality"", ""werewolf"", ""fang vamp""]",[]
79091,20352,20352,Despicable Me,"Villainous Gru lives up to his reputation as a despicable, deplorable and downright unlikable guy when he hatches a plan to steal the moon from the sky. But he has a tough time staying on task after three orphans land in his care.",113.858273,7.1,6478,2010-07-08,95.0,,,"[""Animation"", ""Family""]","[""adoptive father"", ""orphanage"", ""life's dream"", ""rivalry"", ""stealing"", ""ballet"", ""little girl"", ""orphan"", ""father daughter relationship"", ""tomboy"", ""mother son relationship"", ""intelligent"", ""kids"", ""evil doctor"", ""duringcreditsstinger"", ""minions"", ""supervillain"", ""3d"", ""despicable"", ""cattivissimo""]",[]
79132,27205,27205,Inception,"Cobb, a skilled thief who commits corporate espionage by infiltrating the subconscious of his targets is offered a chance to regain his old life as payment for a task considered to be impossible: ""inception"", the implantation of another person's idea into a target's subconscious.",167.58371,8.1,13752,2010-07-14,148.0,,,"[""Action"", ""Thriller"", ""Science Fiction"", ""Mystery"", ""Adventure""]","[""loss of lover"", ""dream"", ""kidnapping"", ""sleep"", ""subconsciousness"", ""heist"", ""redemption"", ""female hero""]",[]
79293,27576,27576,Salt,"As a CIA officer, Evelyn Salt swore an oath to duty, honor and country. Her loyalty will be tested when a defector accuses her of being a Russian spy. Salt goes on the run, using all her skills and years of experience as a covert operative to elude capture. Salt's efforts to prove her innocence only serve to cast doubt on her motives, as the hunt to uncover the truth behind her identity continues and the question remains: ""Who is Salt?""",48.829437,6.2,2093,2010-07-21,100.0,,,"[""Action"", ""Mystery"", ""Thriller""]","[""assassination"", ""spy"", ""cia"", ""kidnapping"", ""cold war"", ""soviet union"", ""double agent"", ""race against time"", ""revenge"", ""on the run"", ""shootout"", ""espionage"", ""female protagonist"", ""hitwoman"", ""terrorism"", ""violence"", ""russian spy"", ""intelligence officer"", ""action heroine""]",[]
79695,27578,27578,The Expendables,"Barney Ross leads a band of highly skilled mercenaries including knife enthusiast Lee Christmas, a martial arts expert, heavy weapons specialist, demolitionist, and a loose-cannon sniper. When the group is commissioned by the mysterious Mr. Church to assassinate the dictator of a small South American island, Barney and Lee visit the remote locale to scout out their opposition and discover the true nature of the conflict engulfing the city.",77.580661,6.0,2926,2010-08-03,103.0,,,"[""Thriller"", ""Adventure"", ""Action""]","[""tattoo"", ""martial arts"", ""sniper"", ""island"", ""mercenary"", ""bridge"", ""rescue"", ""escape"", ""church"", ""drug"", ""blade"", ""ensemble cast"", ""duringcreditsstinger""]",[]
80463,37799,37799,The Social Network,"On a fall night in 2003, Harvard undergrad and computer programming genius Mark Zuckerberg sits down at his computer and heatedly begins working on a new idea. In a fury of blogging and programming, what begins in his dorm room as a small site among friends soon becomes a global social network and a revolution in communication. A mere six years and 500 million friends later, Mark Zuckerberg is the youngest billionaire in history... but for this entrepreneur, success leads to both personal and legal complications.",69.27822,7.1,3391,2010-09-30,120.0,,,"[""Drama""]","[""hacker"", ""hacking"", ""creator"", ""frat party"", ""social network"", ""deposition"", ""intellectual property"", ""entrepreneur"", ""arrogance"", ""young entrepreneur"", ""facebook""]",[]
81562,44115,44115,127 Hours,The true story of mountain climber Aron Ralston's remarkable adventure to save himself after a fallen boulder crashes on his arm and traps him in an isolated canyon in Utah.,52.464877,7.0,2606,2010-11-05,94.0,,,"[""Adventure"", ""Drama"", ""Thriller""]","[""mountains"", ""despair"", ""adventure"", ""utah"", ""alone"", ""canyon"", ""climbing"", ""based on true story"", ""rescue"", ""survival"", ""escape"", ""true"", ""trapped"", ""boulder"", ""adventurer"", ""flashback"", ""climber"", ""isolated"", ""hikers"", ""very little dialogue""]",[]
81564,38055,38055,Megamind,"Bumbling supervillain Megamind finally defeats his nemesis, the superhero Metro Man. But without a hero, he loses all purpose and must find new meaning to his life.",68.757242,6.7,1918,2010-10-28,95.0,,,"[""Animation"", ""Action"", ""Comedy"", ""Family"", ""Science Fiction""]","[""saving the world"", ""date"", ""prison"", ""secret identity"", ""fish"", ""gun"", ""dna"", ""mayor"", ""anti hero"", ""rain"", ""museum"", ""one-sided love"", ""serum"", ""talking animal"", ""reporter"", ""duringcreditsstinger"", ""stronger villain""]",[]
81591,44214,44214,Black Swan,"A ballet dancer wins the lead in ""Swan Lake"" and is perfect for the role of the delicate White Swan - Princess Odette - but slowly loses her mind as she becomes more and more like Odile, the Black Swan.",91.285683,7.3,4430,2010-12-02,108.0,,,"[""Drama"", ""Thriller""]","[""dancing"", ""competition"", ""sex"", ""dancer"", ""obsession"", ""paranoia"", ""insanity"", ""suspense"", ""ballet"", ""new york city"", ""heartbreak"", ""mental illness"", ""madness"", ""swan lake"", ""ballerina"", ""body horror""]",[]
81845,45269,45269,The King's Speech,"The King's Speech tells the story of the man who became King George VI, the father of Queen Elizabeth II. After his brother abdicates, George ('Bertie') reluctantly assumes the throne. Plagued by a dreaded stutter and considered unfit to be king, Bertie engages the help of an unorthodox speech therapist named Lionel Logue. Through a set of unexpected techniques, and as a result of an unlikely friendship, Bertie is able to find his voice and boldly lead the country into war.",54.053576,7.6,2752,2010-09-06,118.0,,,"[""Drama"", ""History""]","[""great britain"", ""radio"", ""monarchy"", ""radio transmission"", ""royal family"", ""speech"", ""marriage"", ""royalty"", ""death of father""]",[]
81847,38757,38757,Tangled,"When the kingdom's most wanted-and most charming-bandit Flynn Rider hides out in a mysterious tower, he's taken hostage by Rapunzel, a beautiful and feisty tower-bound teen with 70 feet of magical, golden hair. Flynn's curious captor, who's looking for her ticket out of the tower where she's been locked away for years, strikes a deal with the handsome thief and the unlikely duo sets off on an action-packed escapade, complete with a super-cop horse, an over-protective chameleon and a gruff gang of pub thugs.",48.681969,7.4,3330,2010-11-24,100.0,,,"[""Animation"", ""Family""]","[""hostage"", ""magic"", ""horse"", ""fairy tale"", ""musical"", ""princess"", ""animation"", ""tower"", ""blonde woman"", ""selfishness"", ""healing power"", ""based on fairy tale"", ""duringcreditsstinger"", ""healing gift"", ""animal sidekick""]",[]
82169,10140,10140,The Chronicles of Narnia: The Voyage of the Dawn Treader,"This time around Edmund and Lucy Pevensie, along with their pesky cousin Eustace Scrubb find themselves swallowed into a painting and on to a fantastic Narnian ship headed for the very edges of the world.",49.661984,6.2,1514,2010-08-13,113.0,,,"[""Adventure"", ""Family"", ""Fantasy""]","[""based on novel"", ""magic"", ""good vs evil"", ""king"", ""narnia"", ""fantasy world"", ""knife held to throat"", ""snowing"", ""quest""]",[]
82459,44264,44264,True Grit,"Following the murder of her father by hired hand Tom Chaney, 14-year-old farm girl Mattie Ross sets out to capture the killer. To aid her, she hires the toughest U.S. Marshal she can find, a man with ""true grit,"" Reuben J. ""Rooster"" Cogburn. Mattie insists on accompanying Cogburn, whose drinking, sloth, and generally reprobate character do not augment her faith in him. Against his wishes, she joins him in his trek into the Indian Nations in search of Chaney. They are joined by Texas Ranger LaBoeuf, who wants Chaney for his own purposes. The unlikely trio find danger and adventure on the journey, and each has his or her ""grit"" tested.",49.292384,7.2,1668,2010-12-22,110.0,,,"[""Drama"", ""Adventure"", ""Western""]","[""loss of father"", ""father murder"", ""texas ranger"", ""alcoholism"", ""betrayal""]",[]
82461,20526,20526,TRON: Legacy,"Sam Flynn, the tech-savvy and daring son of Kevin Flynn, investigates his father's disappearance and is pulled into The Grid. With the help of a mysterious program named Quorra, Sam quests to stop evil dictator Clu from crossing into the real world.",73.79505,6.3,2841,2010-12-10,125.0,,,"[""Adventure"", ""Action"", ""Science Fiction""]","[""artificial intelligence"", ""secret identity"", ""computer program"", ""dystopia"", ""computer"", ""deception"", ""duel"", ""motorcycle"", ""neon light"", ""autocracy""]",[]
85131,44943,44943,Battle: Los Angeles,"The Earth is attacked by unknown forces. As people everywhere watch the world's great cities fall, Los Angeles becomes the last stand for mankind in a battle no one expected. It's up to a Marine staff sergeant and his new platoon to draw a line in the sand as they take on an enemy unlike any they've ever encountered before.",49.199234,5.5,1448,2011-03-08,116.0,,,"[""Action"", ""Science Fiction""]","[""saving the world"", ""hero"", ""marine corps"", ""chaos"", ""retirement"", ""survivor"", ""meteor"", ""space invasion"", ""alien"", ""battlefield"", ""survival"", ""sergeant"", ""los angeles"", ""battle"", ""danger"", ""escapade"", ""u.s. marine"", ""heroic mission"", ""evil alien"", ""chaos and mayham""]",[]
85414,45612,45612,Source Code,"Decorated soldier Captain Colter Stevens wakes up in the body of an unknown man, discovering he's involved in a mission to find the bomber of a Chicago commuter train. He learns he's part of a top-secret experimental program that enables him to experience the final 8 minutes of another person's life. Colter re-lives the train incident over and over again, gathering more clues each time. But can he discover who is responsible for the attack before the next one happens?",59.19888,7.1,2699,2011-03-30,93.0,,,"[""Thriller"", ""Science Fiction"", ""Mystery""]","[""bomb"", ""identity"", ""fantasy"", ""bomber"", ""suspicion"", ""time travel"", ""investigation"", ""surrealism"", ""soldier"", ""helicopter pilot""]",[]
85788,49018,49018,Insidious,"A family discovers that dark spirits have invaded their home after their son inexplicably falls into an endless sleep. When they reach out to a professional for help, they learn things are a lot more personal than they thought.",58.594852,6.8,1737,2010-09-13,103.0,,,"[""Horror"", ""Thriller""]","[""medium"", ""evil spirit"", ""house warming"", ""aftercreditsstinger""]",[]
86332,10195,10195,Thor,"Against his father Odin's will, The Mighty Thor - a powerful but arrogant warrior god - recklessly reignites an ancient war. Thor is cast down to Earth and forced to live among humans as punishment. Once here, Thor learns what it takes to be a true hero when the most dangerous villain of his world sends the darkest forces of Asgard to invade Earth.",86.493424,6.6,6525,2011-04-21,115.0,,,"[""Adventure"", ""Fantasy"", ""Action""]","[""new mexico"", ""banishment"", ""shield"", ""marvel comic"", ""hammer"", ""superhero"", ""based on comic book"", ""redemption"", ""norse mythology"", ""aftercreditsstinger"", ""marvel cinematic universe"", ""3d"", ""asgard"", ""odin"", ""heimdall""]",[]
86880,1865,1865,Pirates of the Caribbean: On Stranger Tides,"Captain Jack Sparrow crosses paths with a woman from his past, and he's not sure if it's love -- or if she's a ruthless con artist who's using him to find the fabled Fountain of Youth. When she forces him aboard the Queen Anne's Revenge, the ship of the formidable pirate Blackbeard, Jack finds himself on an unexpected adventure in which he doesn't know who to fear more: Blackbeard or the woman from his past.",135.413856,6.4,4948,2011-05-14,136.0,,,"[""Adventure"", ""Action"", ""Fantasy""]","[""sea"", ""captain"", ""mutiny"", ""sword"", ""prime minister"", ""sailing"", ""silver"", ""ship"", ""duke"", ""mermaid"", ""pirate"", ""soldier"", ""battle"", ""swashbuckler"", ""aftercreditsstinger"", ""3d""]",[]
86911,45243,45243,The Hangover Part II,"The Hangover crew heads to Thailand for Stu's wedding. After the disaster of a bachelor party in Las Vegas last year, Stu is playing it safe with a mellow pre-wedding brunch. However, nothing goes as planned and Bangkok is the perfect setting for another adventure with the rowdy group.",58.040149,6.2,3739,2011-05-25,102.0,,,"[""Comedy""]","[""sun glasses"", ""interpol"", ""undercover cop"", ""hangover"", ""duringcreditsstinger""]",[]
87222,49444,49444,Kung Fu Panda 2,"Po is now living his dream as The Dragon Warrior, protecting the Valley of Peace alongside his friends and fellow kung fu masters, The Furious Five - Tigress, Crane, Mantis, Viper and Monkey. But Po’s new life of awesomeness is threatened by the emergence of a formidable villain, who plans to use a secret, unstoppable weapon to conquer China and destroy kung fu. It is up to Po and The Furious Five to journey across China to face this threat and vanquish it. But how can Po stop a weapon that can stop kung fu? He must look to his past and uncover the secrets of his mysterious origins; only then will he be able to unlock the strength he needs to succeed.",51.247321,6.7,1880,2011-05-25,91.0,,,"[""Animation"", ""Family""]","[""martial arts"", ""hope"", ""fleet"", ""panda"", ""mission"", ""woman director""]",[]
87430,44912,44912,Green Lantern,"For centuries, a small but powerful force of warriors called the Green Lantern Corps has sworn to keep intergalactic order. Each Green Lantern wears a ring that grants him superpowers. But when a new enemy called Parallax threatens to destroy the balance of power in the Universe, their fate and the fate of Earth lie in the hands of the first human ever recruited.",51.872839,5.1,2487,2011-06-16,114.0,,,"[""Adventure"", ""Action"", ""Thriller"", ""Science Fiction""]","[""dc comics"", ""transformation"", ""superhero"", ""alien"", ""alien infection"", ""magical object"", ""protector"", ""super powers"", ""origin"", ""3d""]",[]
87869,51540,51540,Horrible Bosses,"For Nick, Kurt and Dale, the only thing that would make the daily grind more tolerable would be to grind their intolerable bosses into dust. Quitting is not an option, so, with the benefit of a few-too-many drinks and some dubious advice from a hustling ex-con, the three friends devise a convoluted and seemingly foolproof plan to rid themselves of their respective employers... permanently.",50.309843,6.5,2277,2011-07-08,98.0,,,"[""Comedy"", ""Crime""]","[""conspiracy of murder"", ""bad boss"", ""employee"", ""death of father"", ""stakeout"", ""duringcreditsstinger""]",[]
87876,49013,49013,Cars 2,Star race car Lightning McQueen and his pal Mater head overseas to compete in the World Grand Prix race. But the road to the championship becomes rocky as Mater gets caught up in an intriguing adventure of his own: international espionage.,49.98659,5.8,2033,2011-06-11,106.0,,,"[""Animation"", ""Family"", ""Adventure"", ""Comedy""]","[""car race"", ""sequel"", ""comedy"", ""anthropomorphism"", ""best friend"", ""duringcreditsstinger""]",[]
88129,64690,64690,Drive,A Hollywood stunt performer who moonlights as a wheelman for criminals discovers that a contract has been put on him after a heist gone wrong.,49.294864,7.4,3725,2011-08-06,100.0,,,"[""Drama"", ""Action"", ""Thriller"", ""Crime""]","[""stuntman"", ""blood splatter"", ""independent film"", ""police chase"", ""extreme violence"", ""violence"", ""car chase"", ""bullet"", ""head stomp"", ""getaway"", ""crime lord"", ""existentialism"", ""silent protagonist"", ""great soundtrack""]",[]
88140,1771,1771,Captain America: The First Avenger,"Predominantly set during World War II, Steve Rogers is a sickly man from Brooklyn who's transformed into super-soldier Captain America to aid in the war effort. Rogers must stop the Red Skull – Adolf Hitler's ruthless head of weaponry, and the leader of an organization that intends to use a mysterious device of untold powers for world domination.",74.506246,6.6,7047,2011-07-22,124.0,,,"[""Action"", ""Adventure"", ""Science Fiction""]","[""new york"", ""usa"", ""world war ii"", ""nazis"", ""marvel comic"", ""superhero"", ""based on comic book"", ""nazi germany"", ""period drama"", ""brooklyn new york city"", ""captain america"", ""aftercreditsstinger"", ""marvel cinematic universe"", ""3d""]",[]
88744,61791,61791,Rise of the Planet of the Apes,"Scientist Will Rodman is determined to find a cure for Alzheimer's, the disease which has slowly consumed his father. Will feels certain he is close to a breakthrough and tests his latest serum on apes, noticing dramatic increases in intelligence and brain activity in the primate subjects – especially Caesar, his pet chimpanzee.",138.433168,7.0,4347,2011-08-03,105.0,,,"[""Thriller"", ""Action"", ""Drama"", ""Science Fiction""]","[""intelligence"", ""zoo"", ""cage"", ""dystopia"", ""golden gate bridge"", ""ape"", ""monkey"", ""medical research"", ""alzheimer's disease""]",[]
89745,24428,24428,The Avengers,"When an unexpected enemy emerges and threatens global safety and security, Nick Fury, director of the international peacekeeping agency known as S.H.I.E.L.D., finds himself in need of a team to pull the world back from the brink of disaster. Spanning the globe, a daring recruitment effort begins!",144.448633,7.4,11776,2012-04-25,143.0,,,"[""Science Fiction"", ""Action"", ""Adventure""]","[""new york"", ""shield"", ""marvel comic"", ""superhero"", ""based on comic book"", ""alien invasion"", ""superhero team"", ""aftercreditsstinger"", ""duringcreditsstinger"", ""marvel cinematic universe""]",[]
89774,59440,59440,Warrior,"The inspirational story of an estranged family that finds redemption in the unlikeliest of places…the MMA ring. Tommy Riordan (Tom Hardy), an ex-marine with a tragic past, returns home and enlists his father (Nick Nolte), a recovering alcoholic and former wrestling coach, to train him for “Sparta”, the biggest MMA tournament ever held. But when Tommy’s underdog brother, Brendan (Joel Edgerton), fights his way into the tournament, the two brothers must finally confront each other and the forces that pulled them apart. What ensues is the most gut-wrenching, soul-stirring, and unforgettable battle of their lives.",51.915025,7.7,1272,2011-09-09,140.0,,,"[""Action"", ""Drama""]","[""bank"", ""training"", ""beating"", ""mixed martial arts"", ""teacher"", ""muscleman"", ""combat"", ""alcoholic"", ""gym"", ""exercise""]",[]
90405,49530,49530,In Time,"In the not-too-distant future the aging gene has been switched off. To avoid overpopulation, time has become the currency and the way people pay for luxuries and necessities. The rich can live forever, while the rest try to negotiate for their immortality. A poor young man who comes into a fortune of time, though too late to help his mother from dying. He ends up on the run from a corrupt police force known as 'time keepers'.",60.231382,6.7,3417,2011-10-27,109.0,,,"[""Action"", ""Thriller"", ""Science Fiction""]","[""bank"", ""future"", ""time"", ""dystopia"", ""race against time"", ""immortality"", ""on the run"", ""class differences"", ""cops and robbers\u00a0"", ""rich vs poor""]",[]
90746,17578,17578,The Adventures of Tintin,"Intrepid young reporter, Tintin and his loyal dog, Snowy are thrust into a world of high adventure when they discover a ship carrying an explosive secret. As Tintin is drawn into a centuries-old mystery, Ivan Ivanovitch Sakharine suspects him of stealing a priceless treasure. Tintin and Snowy, with the help of salty, cantankerous Captain Haddock and bumbling detectives, Thompson &amp; Thomson, travel half the world, one step ahead of their enemies as Tintin endeavors to find The Unicorn, a sunken ship that may hold a vast fortune, but also an ancient curse.",89.938296,6.7,2061,2011-10-25,107.0,,,"[""Adventure"", ""Animation"", ""Mystery""]","[""riddle"", ""captain"", ""treasure"", ""liquor"", ""treasure hunt"", ""sunken treasure"", ""plot"", ""reporter"", ""3d"", ""action""]",[]
91485,76163,76163,The Expendables 2,"Mr. Church reunites the Expendables for what should be an easy paycheck, but when one of their men is murdered on the job, their quest for revenge puts them deep in enemy territory and up against an unexpected threat.",53.732892,6.1,2896,2012-08-08,103.0,,,"[""Action"", ""Adventure"", ""Thriller""]","[""airplane"", ""number in title"", ""airplane crash"", ""violence"", ""beard"", ""ensemble cast"", ""loss of friend"", ""wisecrack humor"", ""airport lounge"", ""asian woman""]",[]
91500,70160,70160,The Hunger Games,"Every year in the ruins of what was once North America, the nation of Panem forces each of its twelve districts to send a teenage boy and girl to compete in the Hunger Games.  Part twisted entertainment, part government intimidation tactic, the Hunger Games are a nationally televised event in which “Tributes” must fight with one another until one survivor remains.  Pitted against highly-trained Tributes who have prepared for these Games their entire lives, Katniss is forced to rely upon her sharp instincts as well as the mentorship of drunken former victor Haymitch Abernathy.  If she’s ever to return home to District 12, Katniss must make impossible choices in the arena that weigh survival against humanity and life against love. The world will be watching.",68.550698,6.9,9455,2012-03-12,142.0,,,"[""Science Fiction"", ""Adventure"", ""Fantasy""]","[""hallucination"", ""dystopia"", ""female protagonist"", ""bow and arrow"", ""knife throwing"", ""knife fight"", ""game"", ""archery"", ""blindness"", ""glamour"", ""roasted pig"", ""sponsor"", ""chariot"", ""fictional tv show"", ""mine explosion"", ""based on young adult novel""]",[]
91529,49026,49026,The Dark Knight Rises,"Following the death of District Attorney Harvey Dent, Batman assumes responsibility for Dent's crimes to protect the late attorney's reputation and is subsequently hunted by the Gotham City Police Department. Eight years later, Batman encounters the mysterious Selina Kyle and the villainous Bane, a new terrorist leader who overwhelms Gotham's finest. The Dark Knight resurfaces to protect a city that has branded him an enemy.",112.31295,7.6,9106,2012-07-16,165.0,,,"[""Action"", ""Crime"", ""Drama"", ""Thriller""]","[""dc comics"", ""crime fighter"", ""terrorist"", ""secret identity"", ""burglar"", ""hostage drama"", ""time bomb"", ""gotham city"", ""vigilante"", ""cover-up"", ""superhero"", ""villainess"", ""tragic hero"", ""terrorism"", ""destruction"", ""catwoman"", ""cat burglar"", ""imax"", ""flood"", ""criminal underworld"", ""batman""]",[]
91535,49040,49040,The Bourne Legacy,"New CIA operative, Aaron Cross experiences life-or-death stakes that have been triggered by the previous actions of Jason Bourne.",90.33681,6.0,2651,2012-08-08,120.0,,,"[""Action"", ""Thriller""]","[""assassin"", ""wolf"", ""maryland"", ""suicide by gunshot"", ""rooftop"", ""exploding house"", ""laptop"", ""tracking device"", ""fake id"", ""seoul south korea"", ""pharmaceutical lab"", ""government conspiracy"", ""roof chase"", ""manila philippines"", ""hunted"", ""false passport"", ""alberta canada"", ""lieutenant general""]",[]
91542,58574,58574,Sherlock Holmes: A Game of Shadows,"There is a new criminal mastermind at large (Professor Moriarty) and not only is he Holmes’ intellectual equal, but his capacity for evil and lack of conscience may give him an advantage over the  detective.",81.499621,7.0,3886,2011-11-22,129.0,,,"[""Adventure"", ""Action"", ""Crime"", ""Mystery""]","[""detective inspector"", ""steampunk"", ""criminal mastermind""]",[]
91630,56292,56292,Mission: Impossible - Ghost Protocol,"In the 4th installment of the Mission Impossible series, Ethan Hunt (Cruise) and his team are racing against time to track down a dangerous terrorist named Hendricks (Nyqvist), who has gained access to Russian nuclear launch codes and is planning a strike on the United States. An attempt to stop him ends in an explosion causing severe destruction to the Kremlin and the IMF to be implicated in the bombing, forcing the President to disavow them. No longer being aided by the government, Ethan and his team chase Hendricks around the globe, although they might still be too late to stop a disaster.",77.77477,6.8,3972,2011-12-07,133.0,,,"[""Action"", ""Thriller"", ""Adventure""]","[""fight"", ""sequel"", ""mission"", ""explosion"", ""broken arm"", ""imax"", ""nuclear threat""]",[]
91974,52520,52520,Underworld: Awakening,"After being held in a coma-like state for fifteen years, vampire Selene learns that she has a fourteen-year-old vampire/Lycan hybrid daughter named Nissa, and when she finds her, they must stop BioCom from creating super Lycans that will kill them all.",58.401204,6.1,1862,2012-01-19,88.0,,,"[""Fantasy"", ""Action"", ""Horror""]","[""vampire"", ""daughter"", ""hybrid"", ""child vampire"", ""werewolf"", ""imax"", ""lab experiment"", ""werewolf child"", ""fang vamp""]",[]
91976,75174,75174,The Grey,An oil drilling team struggles to survive after a plane crash strands them in the wilds of Alaska. Hunting them is a pack of wolves that sees them as intruders.,48.552871,6.4,1451,2012-01-26,117.0,,,"[""Action"", ""Drama"", ""Thriller""]","[""alcohol"", ""isolation"", ""wolf"", ""wilderness"", ""forest"", ""stranded"", ""alaska"", ""survival"", ""airplane crash"", ""fear"", ""howling"", ""death"", ""animal killing"", ""freezing"", ""animal attack"", ""campfire"", ""male camaraderie"", ""gun in mouth"", ""aftercreditsstinger"", ""bar fight"", ""eaten alive"", ""eaten by animal""]",[]
92420,76726,76726,Chronicle,"Three high school students make an incredible discovery, leading to their developing uncanny powers beyond their understanding. As they learn to control their abilities and use them to their advantage, their lives start to spin out of control, and their darker sides begin to take over.",64.504747,6.6,1935,2012-02-01,84.0,,,"[""Science Fiction"", ""Drama"", ""Thriller""]","[""seattle"", ""telekinesis"", ""friendship"", ""loneliness"", ""outcast"", ""coming of age"", ""student"", ""teenager"", ""superpower"", ""found footage"", ""aftercreditsstinger"", ""abuse"", ""bittersweet""]",[]
92938,71676,71676,Ghost Rider: Spirit of Vengeance,"When the devil resurfaces with aims to take over the world in human form, Johnny Blaze reluctantly comes out of hiding to transform into the flame-spewing supernatural hero Ghost Rider -- and rescue a 10-year-old boy from an unsavory end.",48.622278,4.7,1135,2011-12-10,95.0,,,"[""Action"", ""Fantasy"", ""Thriller""]","[""monk"", ""eastern europe"", ""skeleton"", ""biker"", ""marvel comic"", ""superhero"", ""motorcycle"", ""devil"", ""dark hero"", ""ghost rider""]",[]
93270,57214,57214,Project X,"Three high school seniors throw a party to make a name for themselves. As the night progresses, things spiral out of control as word of the party spreads.",49.070321,6.5,1564,2012-03-01,88.0,,,"[""Comedy"", ""Crime""]","[""vandalism"", ""high school"", ""swimming pool"", ""party"", ""teen movie"", ""teenager"", ""dog"", ""high school student"", ""fake documentary"", ""sex doll"", ""lime"", ""underwater photography"", ""bouncy castle"", ""flash grenade""]",[]
93510,64688,64688,21 Jump Street,"In high school, Schmidt was a dork and Jenko was the popular jock. After graduation, both of them joined the police force and ended up as partners riding bicycles in the city park. Since they are young and look like high school students, they are assigned to an undercover unit to infiltrate a drug ring that is supplying high school students synthetic drugs.",62.714026,6.7,4074,2012-03-12,109.0,,,"[""Action"", ""Comedy"", ""Crime""]","[""male friendship"", ""high school"", ""parody"", ""crude humor"", ""based on tv series"", ""undercover cop"", ""buddy cop"", ""buddy comedy"", ""duringcreditsstinger""]",[]
93840,22970,22970,The Cabin in the Woods,"Five college friends spend the weekend at a remote cabin in the woods, where they get more than they bargained for. Together, they must discover the truth behind the cabin in the woods.",73.987775,6.5,2263,2012-04-12,95.0,,,"[""Horror"", ""Thriller""]","[""cabin"", ""plot twist"", ""cabin in the woods"", ""filmed killing"", ""video wall"", ""speaker phone"", ""mounted animal head"", ""young adult""]",[]
94015,62764,62764,Mirror Mirror,"After she spends all her money, an evil enchantress queen schemes to marry a handsome, wealthy prince. There's just one problem - he's in love with a beautiful princess, Snow White. Now, joined by seven rebellious dwarves, Snow White launches an epic battle of good vs. evil...",48.126297,5.5,1114,2012-03-15,106.0,,,"[""Adventure"", ""Fantasy"", ""Drama"", ""Comedy"", ""Science Fiction"", ""Family""]","[""attempted murder"", ""fairy tale"", ""black magic"", ""cockroach"", ""villainess"", ""good vs evil"", ""woman fights man"", ""insecurity"", ""mirror"", ""snow kingdom"", ""snow white"", ""evil queen"", ""enchantress"", ""gala"", ""financial problem"", ""pendant"", ""half naked man"", ""returning money"", ""evil plot"", ""duringcreditsstinger""]",[]
94018,44833,44833,Battleship,"When mankind beams a radio signal into space, a reply comes from ‘Planet G’, in the form of several alien crafts that splash down in the waters off Hawaii. Lieutenant Alex Hopper is a weapons officer assigned to the USS John Paul Jones, part of an international naval coalition which becomes the world's last hope for survival as they engage the hostile alien force of unimaginable strength. While taking on the invaders, Hopper must also try to live up to the potential his brother, and his fiancée's father, Admiral Shane, expect of him.",64.928382,5.5,2114,2012-04-11,131.0,,,"[""Thriller"", ""Action"", ""Adventure"", ""Science Fiction""]","[""fight"", ""u.s. navy"", ""mind reading"", ""hong kong"", ""soccer"", ""scientist"", ""fictional war"", ""naval"", ""armada"", ""battleship"", ""naval combat"", ""jds myoko"", ""lost communication"", ""taser"", ""buoy"", ""communications expert"", ""joint chiefs of staff"", ""crash landing"", ""jet fighter pilot"", ""navy lieutenant"", ""permission to marry"", ""uss john paul jones"", ""based on board game"", ""aftercreditsstinger"", ""mighty mo"", ""uss missouri""]",[]
94478,62213,62213,Dark Shadows,Vampire Barnabas Collins is inadvertently freed from his tomb and emerges into the very changed world of 1972. He returns to Collinwood Manor to find that his once-grand estate and family have fallen into ruin.,50.306728,5.7,2320,2012-05-08,113.0,,,"[""Comedy"", ""Fantasy""]","[""witch"", ""imprisonment"", ""vampire"", ""curse"", ""fish out of water"", ""chains"", ""gothic"", ""madness"", ""old house"", ""lost love"", ""angry mob"", ""18th century"", ""ghost"", ""hidden room"", ""old mansion""]",[]
94777,41154,41154,Men in Black 3,"Agents J (Will Smith) and K (Tommy Lee Jones) are back...in time. J has seen some inexplicable things in his 15 years with the Men in Black, but nothing, not even aliens, perplexes him as much as his wry, reticent partner. But when K's life and the fate of the planet are put at stake, Agent J will have to travel back in time to put things right. J discovers that there are secrets to the universe that K never told him - secrets that will reveal themselves as he teams up with the young Agent K (Josh Brolin) to save his partner, the agency, and the future of humankind.",52.035179,6.2,4160,2012-05-23,106.0,,,"[""Action"", ""Comedy"", ""Science Fiction""]","[""time travel"", ""time machine"", ""alien"", ""fictional government agency"", ""seeing the future"", ""changing history""]",[]
94780,58595,58595,Snow White and the Huntsman,"After the Evil Queen marries the King, she performs a violent coup in which the King is murdered and his daughter, Snow White, is taken captive. Almost a decade later, a grown Snow White is still in the clutches of the Queen. In order to obtain immortality, The Evil Queen needs the heart of Snow White. After Snow escapes the castle, the Queen sends the Huntsman to find her in the Dark Forest.",77.178973,5.8,3118,2012-05-30,127.0,,,"[""Adventure"", ""Fantasy"", ""Drama""]","[""queen"", ""magic"", ""fairy tale"", ""immortality"", ""forest"", ""deception"", ""woman"", ""eternal youth"", ""snow white"", ""evil queen"", ""evil stepmother"", ""imprisoned"", ""sorceress""]",[]
94864,70981,70981,Prometheus,"A team of explorers discover a clue to the origins of mankind on Earth, leading them on a journey to the darkest corners of the universe. There, they must fight a terrifying battle to save the future of the human race.",68.889395,6.3,5080,2012-05-30,124.0,,,"[""Science Fiction"", ""Adventure"", ""Mystery""]","[""android"", ""dystopia"", ""alien"", ""spin off"", ""creation"", ""emergency surgery"", ""aftercreditsstinger"", ""stasis"", ""archeological dig"", ""god complex"", ""cave drawing"", ""genetic mutation"", ""origins of life""]",[]
95167,62177,62177,Brave,"Brave is set in the mystical Scottish Highlands, where Mérida is the princess of a kingdom ruled by King Fergus and Queen Elinor. An unruly daughter and an accomplished archer, Mérida one day defies a sacred custom of the land and inadvertently brings turmoil to the kingdom. In an attempt to set things right, Mérida seeks out an eccentric old Wise Woman and is granted an ill-fated wish. Also figuring into Mérida’s quest — and serving as comic relief — are the kingdom’s three lords: the enormous Lord MacGuffin, the surly Lord Macintosh, and the disagreeable Lord Dingwall.",125.114374,6.7,4641,2012-06-21,93.0,,,"[""Animation"", ""Adventure"", ""Comedy"", ""Family"", ""Action"", ""Fantasy""]","[""scotland"", ""rebel"", ""bravery"", ""kingdom"", ""archer"", ""wish"", ""bear"", ""scot"", ""rebellious daughter"", ""turns into animal"", ""archery"", ""ruins"", ""aftercreditsstinger"", ""peace offering"", ""woman director"", ""courage"", ""3d""]",[]
95441,72105,72105,Ted,"John Bennett, a man whose childhood wish of bringing his teddy bear to life came true, now must decide between keeping the relationship with the bear or his girlfriend, Lori.",68.87691,6.3,4697,2012-06-29,106.0,,,"[""Comedy"", ""Fantasy""]","[""friendship"", ""love"", ""teddy bear"", ""toy comes to life"", ""wishes come true""]",[]
95510,1930,1930,The Amazing Spider-Man,"Peter Parker is an outcast high schooler abandoned by his parents as a boy, leaving him to be raised by his Uncle Ben and Aunt May. Like most teenagers, Peter is trying to figure out who he is and how he got to be the person he is today. As Peter discovers a mysterious briefcase that belonged to his father, he begins a quest to understand his parents' disappearance – leading him directly to Oscorp and the lab of Dr. Curt Connors, his father's former partner. As Spider-Man is set on a collision course with Connors' alter ego, The Lizard, Peter will make life-altering choices to use his powers and shape his destiny to become a hero.",89.866276,6.5,6586,2012-06-27,136.0,,,"[""Action"", ""Adventure"", ""Fantasy""]","[""loss of father"", ""vigilante"", ""serum"", ""marvel comic"", ""scientific experiment"", ""spider bite"", ""masked vigilante"", ""reboot"", ""super powers"", ""genetic engineering"", ""social outcast"", ""duringcreditsstinger""]",[]
95543,57800,57800,Ice Age: Continental Drift,"Manny, Diego, and Sid embark upon another adventure after their continent is set adrift. Using an iceberg as a ship, they encounter sea creatures and battle pirates as they explore a new world.",65.229868,6.2,2672,2012-06-26,88.0,,,"[""Animation"", ""Comedy"", ""Adventure"", ""Family""]","[""blue footed booby"", ""prehistoric times"", ""melting ice"", ""badger"", ""elephant seal"", ""floating ice"", ""land bridge"", ""era"", ""glaciale"", ""deriva""]",[]
96079,37724,37724,Skyfall,"When Bond's latest assignment goes gravely wrong and agents around the world are exposed, MI6 is attacked forcing M to relocate the agency. These events cause her authority and position to be challenged by Gareth Mallory, the new Chairman of the Intelligence and Security Committee. With MI6 now compromised from both inside and out, M is left with one ally she can trust: Bond. 007 takes to the shadows - aided only by field agent, Eve - following a trail to the mysterious Silva, whose lethal and hidden motives have yet to reveal themselves.",93.004993,6.9,7604,2012-10-25,143.0,,,"[""Action"", ""Adventure"", ""Thriller""]","[""spy"", ""secret agent"", ""sociopath"", ""killer"", ""art gallery"", ""british secret service"", ""istanbul turkey"", ""imax"", ""uzi"", ""booby trap"", ""impersonating a police officer"", ""macao""]",[]
96737,49049,49049,Dredd,"In the future, America is a dystopian wasteland. The latest scourge is Ma-Ma, a prostitute-turned-drug pusher with a dangerous new drug and aims to take over the city. The only possibility of stopping her is an elite group of urban police called Judges, who combine the duties of judge, jury and executioner to deliver a brutal brand of swift justice. But even the top-ranking Judge, Dredd, discovers that taking down Ma-Ma isn’t as easy as it seems in this explosive adaptation of the hugely popular comic series.",57.673932,6.6,1940,2012-09-07,95.0,,,"[""Action"", ""Science Fiction""]","[""usa"", ""corruption"", ""crime fighter"", ""judge"", ""metropolis"", ""law"", ""post-apocalyptic"", ""dystopia"", ""executive case"", ""police"", ""futuristic"", ""based on comic book"", ""gore"", ""survival"", ""gunfight"", ""gangster"", ""extreme violence"", ""psychic"", ""violence"", ""criminal"", ""justice"", ""drug lord"", ""based on graphic novel"", ""dystopic future"", ""dark humor"", ""expert marksman"", ""rookie"", ""dredd"", ""2000 ad""]",[]
96811,77016,77016,End of Watch,Two young officers are marked for death after confiscating a small cache of money and firearms from the members of a notorious cartel during a routine traffic stop.,49.517264,7.2,1170,2012-09-20,109.0,,,"[""Crime"", ""Drama"", ""Thriller""]","[""los angeles"", ""bullet proof vest"", ""u.s. marine"", ""medal of valor"", ""police sergeant"", ""felon"", ""golden gun""]",[]
96861,82675,82675,Taken 2,"In Istanbul, retired CIA operative Bryan Mills and his wife are taken hostage by the father of a kidnapper Mills killed while rescuing his daughter.",49.353524,6.1,2757,2012-09-27,91.0,,,"[""Action"", ""Crime"", ""Thriller""]","[""kidnapping"", ""turkey"", ""police chase"", ""bag over head"", ""violence"", ""fbi agent"", ""teenage daughter"", ""stealing a car"", ""ex-husband ex-wife relationship"", ""albanian"", ""u.s. embassy"", ""killed in an elevator"", ""security guard killed""]",[]
97225,76492,76492,Hotel Transylvania,"Dracula, who operates a high-end resort away from the human world, goes into overprotective mode when a boy discovers the resort and falls for the count's teen-aged daughter.",56.257411,6.8,2566,2012-09-20,91.0,,,"[""Animation"", ""Comedy"", ""Family"", ""Fantasy""]","[""witch"", ""magic"", ""mummy"", ""vampire"", ""dracula"", ""skeleton"", ""backpacker"", ""frankenstein"", ""wolfman"", ""zombie"", ""invisible man"", ""duringcreditsstinger"", ""\u00a0nosferatu"", ""protective father"", ""fang vamp""]",[]
97304,68734,68734,Argo,"As the Iranian revolution reaches a boiling point, a CIA 'exfiltration' specialist concocts a risky plan to free six Americans who have found shelter at the home of the Canadian ambassador.",62.01056,7.1,3423,2012-10-11,120.0,,,"[""Drama"", ""Thriller""]","[""cia"", ""wife husband relationship"", ""document"", ""revolution"", ""hiding place"", ""canadian"", ""press conference"", ""biography"", ""hanged man"", ""american abroad"", ""crane"", ""subtitled scene"", ""movie poster"", ""based on article"", ""extraction"", ""iran hostage crisis"", ""sweatshop"", ""intelligence agent"", ""film studio"", ""langley virginia"", ""1980s""]",[]
97752,83542,83542,Cloud Atlas,"A set of six nested stories spanning time between the 19th century and a distant post-apocalyptic future. Cloud Atlas explores how the actions and consequences of individual lives impact one another throughout the past, the present and the future. Action, mystery and romance weave through the story as one soul is shaped from a killer into a hero and a single act of kindness ripples across centuries to inspire a revolution in the distant future.  Based on the award winning novel by David Mitchell. Directed by Tom Tykwer and the Wachowskis.",73.872343,6.6,2977,2012-10-26,172.0,,,"[""Drama"", ""Science Fiction""]","[""clone"", ""future"", ""dystopia"", ""ensemble cast"", ""duringcreditsstinger"", ""century"", ""woman director"", ""1930s""]",[]
97913,82690,82690,Wreck-It Ralph,"Wreck-It Ralph is the 9-foot-tall, 643-pound villain of an arcade video game named Fix-It Felix Jr., in which the game's titular hero fixes buildings that Ralph destroys. Wanting to prove he can be a good guy and not just a villain, Ralph escapes his game and lands in Hero's Duty, a first-person shooter where he helps the game's hero battle against alien invaders. He later enters Sugar Rush, a kart racing game set on tracks made of candies, cookies and other sweets. There, Ralph meets Vanellope von Schweetz who has learned that her game is faced with a dire threat that could affect the entire arcade, and one that Ralph may have inadvertently started.",62.341073,7.1,4570,2012-11-01,108.0,,,"[""Family"", ""Animation"", ""Comedy"", ""Adventure""]","[""support group"", ""product placement"", ""bullying"", ""racing"", ""arcade"", ""medal"", ""self esteem"", ""curiosity"", ""precocious child"", ""aftercreditsstinger"", ""duringcreditsstinger"", ""first person shooter"", ""glitch"", ""carefree"", ""video gamer"", ""q*bert"", ""interrupted wedding"", ""social reject""]",[]
97921,82693,82693,Silver Linings Playbook,"After spending eight months in a mental institution, a former teacher moves back in with his parents and tries to reconcile with his ex-wife.",63.599973,6.9,4742,2012-09-08,122.0,,,"[""Drama"", ""Comedy"", ""Romance""]","[""dancing"", ""philadelphia"", ""running"", ""based on novel"", ""depression"", ""letter"", ""friendship"", ""neighbor"", ""mental illness"", ""ex-wife"", ""institutionalization"", ""bipolar"", ""philadelphia eagles""]",[]
97938,87827,87827,Life of Pi,"The story of an Indian boy named Pi, a zookeeper's son who finds himself in the company of a hyena, zebra, orangutan, and a Bengal tiger after a shipwreck sets them adrift in the Pacific Ocean.",51.328145,7.2,5797,2012-11-20,127.0,,,"[""Adventure"", ""Drama"", ""Action""]","[""ocean"", ""shipwreck"", ""hindu"", ""tiger"", ""faith"", ""zookeeper"", ""teenage boy"", ""cargo ship"", ""lifeboat"", ""injured animal""]",[]
98203,50620,50620,The Twilight Saga: Breaking Dawn - Part 2,"After the birth of Renesmee, the Cullens gather other vampire clans in order to protect the child from a false allegation that puts the family in front of the Volturi.",99.687084,6.1,2553,2012-11-13,115.0,,,"[""Adventure"", ""Fantasy"", ""Drama"", ""Romance""]","[""vampire"", ""romance"", ""villainess"", ""super strength"", ""imprinting"", ""cross breed"", ""bloodsucker"", ""grudge"", ""vampire vs vampire"", ""chief of police"", ""dhampir"", ""forks washington"", ""wolf pack"", ""misinformation"", ""seeing the future"", ""fang vamp""]",[]
98243,81188,81188,Rise of the Guardians,"When an evil spirit known as Pitch lays down the gauntlet to take over the world, the immortal Guardians must join forces for the first time to protect the hopes, beliefs and imagination of children all over the world.",61.788035,7.1,1922,2012-11-21,97.0,,,"[""Fantasy"", ""Animation"", ""Family""]","[""dream"", ""santa claus"", ""nightmare"", ""easter bunny"", ""tooth fairy"", ""jack frost"", ""sandman"", ""duringcreditsstinger""]",[]
98809,49051,49051,The Hobbit: An Unexpected Journey,"Bilbo Baggins, a hobbit enjoying his quiet life, is swept into an epic quest by Gandalf the Grey and thirteen dwarves who seek to reclaim their mountain home from Smaug, the dragon.",108.849621,7.0,8297,2012-11-26,169.0,,,"[""Adventure"", ""Fantasy"", ""Action""]","[""riddle"", ""elves"", ""dwarves"", ""orcs"", ""middle-earth (tolkien)"", ""hobbit"", ""mountains"", ""wizard"", ""journey"", ""ring"", ""goblin"", ""courage"", ""giant"", ""tunnel"", ""underground lake"", ""buried treasure"", ""climbing a tree"", ""invisibility"", ""ancient"", ""gnomes""]",[]
99112,75780,75780,Jack Reacher,"In an innocent heartland city, five are shot dead by an expert sniper. The police quickly identify and arrest the culprit, and build a slam-dunk case. But the accused man claims he's innocent and says ""Get Jack Reacher."" Reacher himself sees the news report and turns up in the city. The defense is immensely relieved, but Reacher has come to bury the guy. Shocked at the accused's request, Reacher sets out to confirm for himself the absolute certainty of the man's guilt, but comes up with more than he bargained for.",56.868399,6.3,2998,2012-12-20,130.0,,,"[""Crime"", ""Drama"", ""Thriller""]","[""based on novel"", ""sniper"", ""investigation"", ""police"", ""quarry""]",[]
99114,68718,68718,Django Unchained,"With the help of a German bounty hunter, a freed slave sets out to rescue his wife from a brutal Mississippi plantation owner.",82.121691,7.8,10099,2012-12-25,165.0,,,"[""Drama"", ""Western""]","[""bounty hunter"", ""hero"", ""plantation"", ""society"", ""friendship"", ""friends"", ""revenge"", ""rivalry"", ""rescue"", ""shootout"", ""racism"", ""danger"", ""dentist"", ""django"", ""dual role"", ""aftercreditsstinger"", ""odd couple"", ""black slave"", ""deadly"", ""chases and races"", ""19th century""]",[]
99149,82695,82695,Les Misérables,"An adaptation of the successful stage musical based on Victor Hugo's classic novel set in 19th-century France, in which a paroled prisoner named Jean Valjean seeks redemption.",48.356214,7.1,1884,2012-12-18,157.0,,,"[""Drama"", ""Music"", ""Romance""]","[""france"", ""robbery"", ""brothel"", ""mayor"", ""star"", ""musical"", ""arrest"", ""army"", ""rebellion"", ""wedding"", ""falling in love"", ""corpse"", ""parole"", ""convict"", ""girl disguised as boy""]",[]
100163,60304,60304,Hansel & Gretel: Witch Hunters,"After getting a taste for blood as children, Hansel and Gretel have become the ultimate vigilantes, hell-bent on retribution. Now, unbeknownst to them, Hansel and Gretel have become the hunted, and must face an evil far greater than witches... their past.",53.02787,5.7,3239,2013-01-17,88.0,,,"[""Fantasy"", ""Horror"", ""Action""]","[""witch"", ""black magic"", ""steampunk"", ""good vs evil"", ""troll"", ""extreme violence"", ""violence"", ""witchcraft"", ""evil"", ""witch hunt"", ""witch hunter"", ""evil witch"", ""duringcreditsstinger"", ""hansel and gretel"", ""guns"", ""3d""]",[]
100383,109421,109421,Side Effects,A woman turns to prescription medication as a way of handling her anxiety concerning her husband's upcoming release from prison.,48.237797,6.4,1323,2013-02-07,106.0,,,"[""Thriller"", ""Crime"", ""Drama""]","[""fraud"", ""cover-up"", ""murder"", ""drug"", ""prescription medication"", ""professional reputation""]",[]
100498,47964,47964,A Good Day to Die Hard,"Iconoclastic, take-no-prisoners cop John McClane, finds himself for the first time on foreign soil after traveling to Moscow to help his wayward son Jack - unaware that Jack is really a highly-trained CIA operative out to stop a nuclear weapons heist. With the Russian underworld in pursuit, and battling a countdown to war, the two McClanes discover that their opposing methods make them unstoppable heroes.",65.402595,5.2,3493,2013-02-06,98.0,,,"[""Action"", ""Thriller""]","[""bomb"", ""cia"", ""russia"", ""escape"", ""courthouse"", ""rogue"", ""moscow""]",[]
101076,72559,72559,G.I. Joe: Retaliation,"Framed for crimes against the country, the G.I. Joe team is terminated by Presidential order. This forces the G.I. Joes into not only fighting their mortal enemy Cobra; they are forced to contend with threats from within the government that jeopardize their very existence.",59.325589,5.4,3025,2013-03-26,110.0,,,"[""Adventure"", ""Action"", ""Science Fiction"", ""Thriller""]","[""terror"", ""assassin"", ""secret"", ""technology"", ""missile"", ""warhead"", ""president"", ""rescue"", ""conspiracy"", ""explosion"", ""battle"", ""surveillance"", ""cobra""]",[]
101142,49519,49519,The Croods,"The Croods is a prehistoric comedy adventure that follows the world's first family as they embark on a journey of a lifetime when the cave that has always shielded them from danger is destroyed. Traveling across a spectacular landscape, the Croods discover an incredible new world filled with fantastic creatures -- and their outlook is changed forever.",64.183321,6.8,2399,2013-03-20,98.0,,,"[""Adventure"", ""Animation"", ""Comedy"", ""Family"", ""Fantasy""]","[""stone age"", ""daughter"", ""father"", ""prehistoric"", ""ancient world"", ""father daughter relationship"", ""family"", ""cavemen"", ""aftercreditsstinger"", ""duringcreditsstinger""]",[]
101362,117263,117263,Olympus Has Fallen,"When the White House (Secret Service Code: ""Olympus"") is captured by a terrorist mastermind and the President is kidnapped, disgraced former Presidential guard Mike Banning finds himself trapped within the building. As the national security team scrambles to respond, they are forced to rely on Banning's inside knowledge to help retake the White House, save the President and avert an even bigger disaster.",59.428223,6.2,2981,2013-03-20,120.0,,,"[""Action"", ""Thriller""]","[""white house"", ""secret service"", ""terrorist attack""]",[]
101864,75612,75612,Oblivion,"Jack Harper is one of the last few drone repairmen stationed on Earth.  Part of a massive operation to extract vital resources after decades of war with a terrifying threat known as the Scavs, Jack’s mission is nearly complete.  His existence is brought crashing down when he rescues a beautiful  stranger from a downed spacecraft.  Her arrival triggers a chain of events that  forces him to question everything he knows and puts the fate of humanity in his hands.",67.698004,6.4,4800,2013-04-10,124.0,,,"[""Action"", ""Science Fiction"", ""Adventure"", ""Mystery""]","[""spacecraft"", ""dystopia"", ""space"", ""drone"", ""imax"", ""human vs alien""]",[]
102125,68721,68721,Iron Man 3,"When Tony Stark's world is torn apart by a formidable terrorist called the Mandarin, he starts an odyssey of rebuilding and retribution.",77.68208,6.8,8806,2013-04-18,130.0,,,"[""Action"", ""Adventure"", ""Science Fiction""]","[""terrorist"", ""war on terror"", ""tennessee"", ""malibu"", ""marvel comic"", ""superhero"", ""based on comic book"", ""tony stark"", ""iron man"", ""aftercreditsstinger"", ""marvel cinematic universe"", ""mandarin"", ""3d"", ""war machine"", ""iron patriot"", ""extremis""]",[]
102407,64682,64682,The Great Gatsby,"An adaptation of F. Scott Fitzgerald's Long Island-set novel, where Midwesterner Nick Carraway is lured into the lavish world of his neighbor, Jay Gatsby. Soon enough, however, Carraway will see through the cracks of Gatsby's nouveau riche existence, where obsession, madness, and tragedy await.",61.196071,7.3,3769,2013-05-10,143.0,,,"[""Drama"", ""Romance""]","[""based on novel"", ""infidelity"", ""obsession"", ""hope"", ""3d""]",[]
102445,54138,54138,Star Trek Into Darkness,"When the crew of the Enterprise is called back home, they find an unstoppable force of terror from within their own organization has detonated the fleet and everything it stands for, leaving our world in a state of crisis.  With a personal score to settle, Captain Kirk leads a manhunt to a war-zone world to capture a one man weapon of mass destruction. As our heroes are propelled into an epic chess game of life and death, love will be challenged, friendships will be torn apart, and sacrifices must be made for the only family Kirk has left: his crew.",78.291018,7.4,4418,2013-05-05,132.0,,,"[""Action"", ""Adventure"", ""Science Fiction""]","[""spacecraft"", ""friendship"", ""sequel"", ""futuristic"", ""space"", ""alien"", ""imax"", ""space opera"", ""terrorist bombing"", ""3d""]",[]
102903,75656,75656,Now You See Me,An FBI agent and an Interpol detective track a team of illusionists who pull off bank heists during their performances and reward their audiences with the money.,71.124686,7.3,5487,2013-05-29,115.0,,,"[""Thriller"", ""Crime""]","[""paris"", ""bank"", ""secret"", ""fbi"", ""vault"", ""magic"", ""new orleans"", ""investigation"", ""heist"", ""conspiracy"", ""money"", ""escape"", ""new york city"", ""las vegas"", ""explosion""]",[]
103042,49521,49521,Man of Steel,"A young boy learns that he has extraordinary powers and is not of this earth. As a young man, he journeys to discover where he came from and what he was sent here to do. But the hero in him must emerge if he is to save the world from annihilation and become the symbol of hope for all mankind.",99.398009,6.5,6359,2013-06-12,143.0,,,"[""Action"", ""Adventure"", ""Fantasy"", ""Science Fiction""]","[""saving the world"", ""dc comics"", ""superhero"", ""based on comic book"", ""superhuman"", ""alien invasion"", ""reboot"", ""super powers"", ""dc extended universe""]",[]
103075,158015,158015,The Purge,"Given the country's overcrowded prisons, the U.S. government begins to allow 12-hour periods of time in which all illegal activity is legal. During one of these free-for-alls, a family must protect themselves from a home invasion.",54.403033,6.0,2428,2013-05-31,86.0,,,"[""Science Fiction"", ""Horror"", ""Thriller""]","[""dystopia"", ""barricade"", ""home invasion"", ""constitutional convention"", ""legalized murder"", ""social allegory""]",[]
103141,62211,62211,Monsters University,A look at the relationship between Mike and Sulley during their days at Monsters University — when they weren't necessarily the best of friends.,89.186492,7.0,3528,2013-06-20,104.0,,,"[""Animation"", ""Family""]","[""monster"", ""dormitory"", ""games"", ""animation"", ""best friend"", ""university"", ""scary"", ""aftercreditsstinger""]",[]
103228,68726,68726,Pacific Rim,"When legions of monstrous creatures, known as Kaiju, started rising from the sea, a war began that would take millions of lives and consume humanity's resources for years on end. To combat the giant Kaiju, a special type of weapon was devised: massive robots, called Jaegers, which are controlled simultaneously by two pilots whose minds are locked in a neural bridge. But even the Jaegers are proving nearly defenseless in the face of the relentless Kaiju. On the verge of defeat, the forces defending mankind have no choice but to turn to two unlikely heroes—a washed-up former pilot (Charlie Hunnam) and an untested trainee (Rinko Kikuchi)—who are teamed to drive a legendary but seemingly obsolete Jaeger from the past. Together, they stand as mankind's last hope against the mounting apocalypse.",56.523205,6.7,4794,2013-07-11,131.0,,,"[""Action"", ""Science Fiction"", ""Adventure""]","[""dystopia"", ""giant robot"", ""giant monster"", ""apocalypse"", ""imax"", ""duringcreditsstinger"", ""3d""]",[]
103249,72190,72190,World War Z,"Life for former United Nations investigator Gerry Lane and his family seems content. Suddenly, the world is plagued by a mysterious infection turning whole human populations into rampaging mindless zombies. After barely escaping the chaos, Lane is persuaded to go on a mission to investigate this disease. What follows is a perilous trek around the world where Lane must brave horrific dangers and long odds to find answers before human civilization falls.",81.834855,6.7,5560,2013-06-20,116.0,,,"[""Action"", ""Drama"", ""Horror"", ""Science Fiction"", ""Thriller""]","[""dystopia"", ""apocalypse"", ""zombie"", ""nuclear weapons"", ""multiple perspectives"", ""zombie apocalypse""]",[]
103253,68724,68724,Elysium,"In the year 2159, two classes of people exist: the very wealthy who live on a pristine man-made space station called Elysium, and the rest, who live on an overpopulated, ruined Earth. Secretary Rhodes (Jodie Foster), a hard line government ofﬁcial, will stop at nothing to enforce anti-immigration laws and preserve the luxurious lifestyle of the citizens of Elysium. That doesn’t stop the people of Earth from trying to get in, by any means they can. When unlucky Max (Matt Damon) is backed into a corner, he agrees to take on a daunting mission that, if successful, will not only save his life, but could bring equality to these polarized worlds.",67.33767,6.4,3439,2013-08-07,109.0,,,"[""Science Fiction"", ""Action"", ""Drama"", ""Thriller""]","[""dystopia"", ""space station"", ""class conflict""]",[]
103335,93456,93456,Despicable Me 2,Gru is recruited by the Anti-Villain League to help deal with a powerful new super criminal.,136.886704,7.0,4637,2013-06-25,98.0,,,"[""Animation"", ""Comedy"", ""Family""]","[""secret agent"", ""bakery"", ""falling in love"", ""father daughter relationship"", ""duringcreditsstinger"", ""first date"", ""minions"", ""3d""]",[]
103341,107985,107985,The World's End,Five friends who reunite in an attempt to top their epic pub crawl from 20 years earlier unwittingly become humankind's only hope for survival.,55.964605,6.7,1778,2013-07-18,109.0,,,"[""Comedy"", ""Action"", ""Science Fiction""]","[""end of the world"", ""apocalypse"", ""trilogy"", ""homage""]",[]
103384,57201,57201,The Lone Ranger,"The Texas Rangers chase down a gang of outlaws led by Butch Cavendish, but the gang ambushes the Rangers, seemingly killing them all. One survivor is found, however, by an American Indian named Tonto, who nurses him back to health. The Ranger, donning a mask and riding a white stallion named Silver, teams up with Tonto to bring the unscrupulous gang and others of that ilk to justice.",49.046956,5.9,2311,2013-07-03,149.0,,,"[""Action"", ""Adventure"", ""Western""]","[""texas"", ""horse"", ""survivor"", ""texas ranger"", ""partner"", ""outlaw"", ""escape"", ""lawyer"", ""train"", ""lone ranger"", ""comanche"", ""the lone ranger"", ""tonto""]",[]
103688,138843,138843,The Conjuring,"Paranormal investigators Ed and Lorraine Warren work to help a family terrorized by a dark presence in their farmhouse. Forced to confront a powerful entity, the Warrens find themselves caught in the most terrifying case of their lives.",49.975409,7.4,3092,2013-07-18,112.0,,,"[""Horror"", ""Thriller""]","[""sister sister relationship"", ""exorcism"", ""rhode island"", ""based on true story"", ""farmhouse"", ""paranormal investigation"", ""ghost"", ""supernatural power"", ""paranormal investigator"", ""annabelle""]",[]
104211,138832,138832,We're the Millers,A veteran pot dealer creates a fake family as part of his plan to move a huge shipment of weed into the U.S. from Mexico.,100.348805,6.8,2972,2013-08-07,110.0,,,"[""Comedy"", ""Crime""]","[""mexico"", ""police"", ""gang"", ""drug smuggling"", ""drug"", ""family""]",[]
104374,122906,122906,About Time,"The night after another unsatisfactory New Year party, Tim's father tells his son that the men in his family have always had the ability to travel through time. Tim can't change history, but he can change what happens and has happened in his own life – so he decides to make his world a better place... by getting a girlfriend. Sadly, that turns out not to be as easy as he thinks.",74.817641,7.8,2067,2013-08-16,123.0,,,"[""Comedy"", ""Drama"", ""Science Fiction""]","[""london england"", ""father son relationship"", ""time travel""]",[]
104841,49047,49047,Gravity,"Dr. Ryan Stone, a brilliant medical engineer on her first Shuttle mission, with veteran astronaut Matt Kowalsky in command of his last flight before retiring. But on a seemingly routine spacewalk, disaster strikes. The Shuttle is destroyed, leaving Stone and Kowalsky completely alone-tethered to nothing but each other and spiraling out into the blackness of space. The deafening silence tells them they have lost any link to Earth and any chance for rescue. As fear turns to panic, every gulp of air eats away at what little oxygen is left. But the only way home may be to go further out into the terrifying expanse of space.",110.153618,7.3,5751,2013-09-27,91.0,,,"[""Science Fiction"", ""Thriller"", ""Drama""]","[""space mission"", ""loss"", ""space"", ""astronaut"", ""trapped in space""]",[]
104879,146233,146233,Prisoners,"When Keller Dover's daughter and her friend go missing, he takes matters into his own hands as the police pursue multiple leads and the pressure mounts. But just how far will this desperate father go to protect his family?",88.496873,7.9,3085,2013-09-18,153.0,,,"[""Drama"", ""Thriller"", ""Crime""]","[""pennsylvania"", ""kidnapping"", ""maze"", ""vigilante"", ""rural setting"", ""candlelight vigil""]",[]
104908,91586,91586,Insidious: Chapter 2,The haunted Lambert family seeks to uncover the mysterious childhood secret that has left them dangerously connected to the spirit world.,48.375848,6.5,1211,2013-09-12,106.0,,,"[""Horror"", ""Thriller""]","[""haunted house"", ""possession"", ""demon"", ""family"", ""ghost"", ""bride in black""]",[]
105504,109424,109424,Captain Phillips,"The true story of Captain Richard Phillips and the 2009 hijacking by Somali pirates of the US-flagged MV Maersk Alabama, the first American cargo ship to be hijacked in two hundred years.",52.786917,7.6,2454,2013-10-10,134.0,,,"[""Action"", ""Drama"", ""Thriller""]","[""ship"", ""hijacking"", ""somalia"", ""fisherman"", ""blood"", ""poverty"", ""pirate"", ""terrorism"", ""commando"", ""hijack"", ""cargo ship"", ""ship captain"", ""ship hijacking"", ""somali"", ""commando unit""]",[]
105731,133805,133805,Carrie,"A reimagining of the classic horror tale about Carrie White, a shy girl outcast by her peers and sheltered by her deeply religious mother, who unleashes telekinetic terror on her small town after being pushed too far at her senior prom.",63.848541,5.8,1463,2013-10-16,100.0,,,"[""Drama"", ""Horror""]","[""terror"", ""based on novel"", ""power"", ""telekinesis"", ""high school"", ""remake"", ""revenge"", ""murder"", ""prank"", ""prom"", ""teenager"", ""explosion"", ""violence"", ""religious"", ""humiliation"", ""woman director""]",[]
105844,76203,76203,12 Years a Slave,"In the pre-Civil War United States, Solomon Northup, a free black man from upstate New York, is abducted and sold into slavery. Facing cruelty as well as unexpected kindnesses Solomon struggles not only to stay alive, but to retain his dignity. In the twelfth year of his unforgettable odyssey, Solomon’s chance meeting with a Canadian abolitionist will forever alter his life.",95.9229,7.9,3674,2013-10-18,134.0,,,"[""Drama"", ""History""]","[""whip"", ""kidnapping"", ""slavery"", ""plantation"", ""night shift"", ""violin player"", ""physical abuse"", ""cotton"", ""slave owner"", ""19th century"", ""sold into slavery"", ""abolitionist""]",[]
106072,76338,76338,Thor: The Dark World,"Thor fights to restore order across the cosmos… but an ancient race led by the vengeful Malekith returns to plunge the universe back into darkness. Faced with an enemy that even Odin and Asgard cannot withstand, Thor must embark on his most perilous and personal journey yet, one that will reunite him with Jane Foster and force him to sacrifice everything to save us all.",99.499595,6.8,4755,2013-10-29,112.0,,,"[""Action"", ""Adventure"", ""Fantasy""]","[""marvel comic"", ""superhero"", ""based on comic book"", ""hostile takeover"", ""norse mythology"", ""aftercreditsstinger"", ""duringcreditsstinger"", ""marvel cinematic universe"", ""3d"", ""asgard""]",[]
106100,152532,152532,Dallas Buyers Club,"Loosely based on the true-life tale of Ron Woodroof, a drug-taking, women-loving, homophobic man who in 1986 was diagnosed with HIV/AIDS and given thirty days to live.",59.454473,7.9,2886,2013-09-07,117.0,,,"[""Drama"", ""History""]","[""women"", ""aids"", ""biography"", ""based on true story"", ""hiv"", ""drug"", ""1980s""]",[]
106441,203833,203833,The Book Thief,"While subjected to the horrors of WWII Germany, young Liesel finds solace by stealing books and sharing them with others. Under the stairs in her home, a Jewish refuge is being sheltered by her adoptive parents.",57.84156,7.4,1486,2013-11-08,131.0,,,"[""Drama""]","[""world war ii"", ""book"", ""nazi germany"", ""jewish""]",[]
106487,101299,101299,The Hunger Games: Catching Fire,"Katniss Everdeen has returned home safe after winning the 74th Annual Hunger Games along with fellow tribute Peeta Mellark. Winning means that they must turn around and leave their family and close friends, embarking on a ""Victor's Tour"" of the districts. Along the way Katniss senses that a rebellion is simmering, but the Capitol is still very much in control as President Snow prepares the 75th Annual Hunger Games (The Quarter Quell) - a competition that could change Panem forever.",76.310119,7.4,6495,2013-11-15,146.0,,,"[""Adventure"", ""Action"", ""Science Fiction""]","[""competition"", ""based on novel"", ""mentor"", ""secret"", ""factory"", ""television"", ""propaganda"", ""future"", ""dystopia"", ""alliance"", ""games"", ""president"", ""uprising"", ""sequel"", ""murder"", ""survival"", ""conspiracy"", ""rebellion"", ""blood"", ""female protagonist"", ""tournament"", ""explosion"", ""danger"", ""imax"", ""winner"", ""based on young adult novel""]",[]
106489,57158,57158,The Hobbit: The Desolation of Smaug,"The Dwarves, Bilbo and Gandalf have successfully escaped the Misty Mountains, and Bilbo has gained the One Ring. They all continue their journey to get their gold back from the Dragon, Smaug.",94.370564,7.6,4524,2013-12-11,161.0,,,"[""Adventure"", ""Fantasy""]","[""elves"", ""dwarves"", ""orcs"", ""hobbit"", ""dragon"", ""wizard"", ""sword and sorcery""]",[]
106696,109445,109445,Frozen,"Young princess Anna of Arendelle dreams about finding true love at her sister Elsa’s coronation. Fate takes her on a dangerous journey in an attempt to end the eternal winter that has fallen over the kingdom. She's accompanied by ice delivery man Kristoff, his reindeer Sven, and snowman Olaf. On an adventure where she will find out what friendship, courage, family, and true love really means.",165.125366,7.3,5295,2013-11-27,102.0,,,"[""Animation"", ""Adventure"", ""Family""]","[""queen"", ""musical"", ""princess"", ""betrayal"", ""snowman"", ""animation"", ""reindeer"", ""curse"", ""snow"", ""troll"", ""mountain climber"", ""aftercreditsstinger"", ""woman director"", ""3d""]",[]
106782,106646,106646,The Wolf of Wall Street,"A New York stockbroker refuses to cooperate in a large securities fraud case involving corruption on Wall Street, corporate banking world and mob infiltration. Based on Jordan Belfort's autobiography.",95.007934,7.9,6571,2013-12-25,180.0,,,"[""Crime"", ""Drama"", ""Comedy""]","[""corruption"", ""sex"", ""sexuality"", ""bank"", ""humor"", ""biography"", ""wall street"", ""marriage crisis"", ""rise and fall"", ""stockbroker"", ""drug"", ""stock broker""]",[]
106916,168672,168672,American Hustle,"A con man, Irving Rosenfeld, along with his seductive partner Sydney Prosser, is forced to work for a wild FBI agent, Richie DiMaso, who pushes them into a world of Jersey powerbrokers and mafia.",49.664128,6.8,2807,2013-12-12,138.0,,,"[""Drama"", ""Crime""]","[""con artist"", ""scam"", ""mobster"", ""fbi agent""]",[]
106920,152601,152601,Her,"In the not so distant future, Theodore, a lonely writer purchases a newly developed operating system designed to meet the user's every needs. To Theordore's surprise, a romantic relationship develops between him and his operating system. This unconventional love story blends science fiction and romance in a sweet tale that explores the nature of love and the ways that technology isolates and connects us all.",53.682367,7.9,4097,2013-12-18,126.0,,,"[""Romance"", ""Science Fiction"", ""Drama""]","[""artificial intelligence"", ""computer"", ""love"", ""loneliness"", ""transhumanism"", ""heartbreak"", ""near future"", ""singularity"", ""bittersweet""]",[]
107406,110415,110415,Snowpiercer,"In a future where a failed global-warming experiment kills off most life on the planet, a class system evolves aboard the Snowpiercer, a train that travels around the globe via a perpetual-motion engine.",64.238688,6.7,2854,2013-08-01,126.0,,,"[""Action"", ""Science Fiction"", ""Drama""]","[""father son relationship"", ""child labour"", ""brothel"", ""winter"", ""allegory"", ""bridge"", ""post-apocalyptic"", ""dystopia"", ""hijacking of train"", ""based on comic book"", ""dam"", ""rifle"", ""pregnant"", ""train"", ""violence"", ""based on graphic novel"", ""guilt"", ""revolt"", ""duplicity"", ""tunnel"", ""social class"", ""population control"", ""perpetual winter"", ""city ruin""]",[]
108190,157350,157350,Divergent,"In a world divided into factions based on personality types, Tris learns that she's been classified as Divergent and won't fit in. When she discovers a plot to destroy Divergents, Tris and the mysterious Four must find out what makes Divergents dangerous before it's too late.",80.316463,6.9,4663,2014-03-14,139.0,,,"[""Adventure"", ""Action"", ""Science Fiction""]","[""based on novel"", ""dystopia"", ""youth"", ""dystopic future"", ""caste system"", ""divergent"", ""based on young adult novel""]",[]
108932,137106,137106,The Lego Movie,"An ordinary Lego mini-figure, mistakenly thought to be the extraordinary MasterBuilder, is recruited to join a quest to stop an evil Lego tyrant from gluing the universe together.",59.547928,7.5,3070,2014-02-06,100.0,,,"[""Adventure"", ""Animation"", ""Comedy"", ""Family"", ""Fantasy""]","[""father son relationship"", ""creativity"", ""friendship"", ""part live action"", ""toys"", ""based on toy"", ""falling in love"", ""super powers"", ""duringcreditsstinger"", ""different worlds"", ""lego"", ""batman""]",[]
108945,97020,97020,RoboCop,"In RoboCop, the year is 2028 and multinational conglomerate OmniCorp is at the center of robot technology.  Overseas, their drones have been used by the military for years, but have been forbidden for law enforcement in America.  Now OmniCorp wants to bring their controversial technology to the home front, and they see a golden opportunity to do it.  When Alex Murphy – a loving husband, father and good cop doing his best to stem the tide of crime and corruption in Detroit – is critically injured, OmniCorp sees their chance to build a part-man, part-robot police officer.  OmniCorp envisions a RoboCop in every city and even more billions for their shareholders, but they never counted on one thing: there is still a man inside the machine.",66.757869,5.7,2342,2014-01-30,102.0,,,"[""Action"", ""Science Fiction""]","[""cyborg"", ""future"", ""dystopia"", ""police"", ""remake"", ""violence"", ""detroit""]",[]
109374,120467,120467,The Grand Budapest Hotel,"The Grand Budapest Hotel tells of a legendary concierge at a famous European hotel between the wars and his friendship with a young employee who becomes his trusted protégé. The story involves the theft and recovery of a priceless Renaissance painting, the battle for an enormous family fortune and the slow and then sudden upheavals that transformed Europe during the first half of the 20th century.",74.417456,8.0,4519,2014-02-26,99.0,,,"[""Comedy"", ""Drama""]","[""hotel"", ""painting"", ""wartime"", ""gunfight"", ""theft"", ""mentor prot\u00e9g\u00e9 relationship"", ""european"", ""hotel lobby"", ""renaissance painting""]",[]
109487,157336,157336,Interstellar,Interstellar chronicles the adventures of a group of explorers who make use of a newly discovered wormhole to surpass the limitations on human space travel and conquer the vast distances involved in an interstellar voyage.,724.247784,8.1,10867,2014-11-05,169.0,,,"[""Adventure"", ""Drama"", ""Science Fiction""]","[""saving the world"", ""artificial intelligence"", ""father son relationship"", ""single parent"", ""nasa"", ""expedition"", ""wormhole"", ""space travel"", ""famine"", ""black hole"", ""dystopia"", ""race against time"", ""quantum mechanics"", ""spaceship"", ""space"", ""rescue"", ""family relationships"", ""farmhouse"", ""robot"", ""astronaut"", ""scientist"", ""father daughter relationship"", ""single father"", ""farmer"", ""space station"", ""imax"", ""astrophysics"", ""zero gravity"", ""courage"", ""time paradox"", ""relativity""]",[]
109578,225574,225574,Non-Stop,"Bill Marks is a burned-out veteran of the Air Marshals service. He views the assignment not as a life-saving duty, but as a desk job in the sky. However, today's flight will be no routine trip. Shortly into the transatlantic journey from New York to London, he receives a series of mysterious text messages ordering him to have the government transfer $150 million into a secret account, or a passenger will die every 20 minutes.",83.295796,6.8,2268,2014-01-26,106.0,,,"[""Action"", ""Thriller"", ""Mystery""]","[""airplane"", ""conspiracy"", ""airplane crash"", ""cell phone"", ""hijack"", ""one night"", ""mystery killer""]",[]
109673,53182,53182,300: Rise of an Empire,"Based on Frank Miller's latest graphic novel Xerxes and told in the breathtaking visual style of the blockbuster ""300,"" this new chapter of the epic saga takes the action to a fresh battlefield--on the sea--as Greek general Themistokles attempts to unite all of Greece by leading the charge that will change the course of the war. ""300: Rise of an Empire"" pits Themistokles against the massive invading Persian forces led by mortal-turned-god Xerxes and Artemesia, the vengeful commander of the Persian navy.",71.510596,6.1,2397,2014-03-05,102.0,,,"[""Action"", ""War""]","[""based on graphic novel"", ""ancient greece"", ""duringcreditsstinger"", ""sea battle"", ""hand to hand combat"", ""minions"", ""naval warfare"", ""3d""]",[]
109850,136797,136797,Need for Speed,"The film revolves around a local street-racer who partners with a rich and arrogant business associate, only to find himself framed by his colleague and sent to prison. After he gets out, he joins a New York-to-Los Angeles race to get revenge. But when the ex-partner learns of the scheme, he puts a massive bounty on the racer's head, forcing him to run a cross-country gauntlet of illegal racers in all manner of supercharged vehicles.",54.81489,6.1,1520,2014-03-13,130.0,,,"[""Action"", ""Crime"", ""Drama"", ""Thriller""]","[""street race"", ""super cars"", ""super speed"", ""car"", ""based on video game"", ""duringcreditsstinger"", ""3d""]",[]
110102,100402,100402,Captain America: The Winter Soldier,"After the cataclysmic events in New York with The Avengers, Steve Rogers, aka Captain America is living quietly in Washington, D.C. and trying to adjust to the modern world. But when a S.H.I.E.L.D. colleague comes under attack, Steve becomes embroiled in a web of intrigue that threatens to put the world at risk. Joining forces with the Black Widow, Captain America struggles to expose the ever-widening conspiracy while fighting off professional assassins sent to silence him at every turn. When the full scope of the villainous plot is revealed, Captain America and the Black Widow enlist the help of a new ally, the Falcon. However, they soon find themselves up against an unexpected and formidable enemy—the Winter Soldier.",72.225265,7.6,5764,2014-03-20,136.0,,,"[""Action"", ""Adventure"", ""Science Fiction""]","[""washington d.c."", ""future"", ""shield"", ""marvel comic"", ""superhero"", ""based on comic book"", ""captain america"", ""aftercreditsstinger"", ""duringcreditsstinger"", ""marvel cinematic universe"", ""3d"", ""political thriller""]",[]
110553,102382,102382,The Amazing Spider-Man 2,"For Peter Parker, life is busy. Between taking out the bad guys as Spider-Man and spending time with the person he loves, Gwen Stacy, high school graduation cannot come quickly enough. Peter has not forgotten about the promise he made to Gwen’s father to protect her by staying away, but that is a promise he cannot keep. Things will change for Peter when a new villain, Electro, emerges, an old friend, Harry Osborn, returns, and Peter uncovers new clues about his past.",89.270217,6.5,4179,2014-04-16,142.0,,,"[""Action"", ""Adventure"", ""Fantasy""]","[""obsession"", ""marvel comic"", ""sequel"", ""based on comic book"", ""electrocution"", ""medical experiment"", ""electricity"", ""super powers""]",[]
110730,157353,157353,Transcendence,"Two leading computer scientists work toward their goal of Technological Singularity,  as a radical anti-technology organization fights to prevent them from creating a world where computers can transcend the abilities of the human brain.",58.991388,5.9,2295,2014-04-16,119.0,,,"[""Thriller"", ""Science Fiction"", ""Drama"", ""Mystery""]","[""artificial intelligence"", ""technology"", ""nanotechnology"", ""computer virus"", ""super computer"", ""resurrection"", ""love"", ""mind control"", ""terrorism"", ""scientist"", ""extremist"", ""moral dilemma"", ""computer scientist"", ""mind transfer"", ""quantum computer"", ""mind uploading""]",[]
111360,240832,240832,Lucy,"A woman, accidentally caught in a dark deal, turns the tables on her captors and transforms into a merciless warrior evolved beyond human logic.",115.241998,6.3,5878,2014-07-14,89.0,,,"[""Action"", ""Science Fiction""]","[""artificial intelligence"", ""telepathy"", ""intelligence"", ""drug mule"", ""telekinesis"", ""futuristic"", ""drug"", ""superpower"", ""tough girl"", ""imax"", ""surgery"", ""brain capacity"", ""synthetic drug"", ""human brain""]",[]
111362,127585,127585,X-Men: Days of Future Past,The ultimate X-Men ensemble fights a war for the survival of the species across two time periods as they join forces with their younger selves in an epic battle that must change the past – to save our future.,118.078691,7.5,6032,2014-05-15,131.0,,,"[""Action"", ""Adventure"", ""Fantasy"", ""Science Fiction""]","[""1970s"", ""mutant"", ""time travel"", ""marvel comic"", ""based on comic book"", ""superhuman"", ""storm"", ""beast"", ""aftercreditsstinger"", ""changing the past or future""]",[]
111659,102651,102651,Maleficent,"The untold story of Disney's most iconic villain from the 1959 classic 'Sleeping Beauty'. A beautiful, pure-hearted young woman, Maleficent has an idyllic life growing up in a peaceable forest kingdom, until one day when an invading army threatens the harmony of the land.  Maleficent rises to be the land's fiercest protector, but she ultimately suffers a ruthless betrayal – an act that begins to turn her heart into stone. Bent on revenge, Maleficent faces an epic battle with the invading King's successor and, as a result, places a curse upon his newborn infant Aurora. As the child grows, Maleficent realizes that Aurora holds the key to peace in the kingdom - and to Maleficent's true happiness as well.",110.620647,7.0,4496,2014-05-28,97.0,,,"[""Fantasy"", ""Adventure"", ""Action"", ""Family"", ""Romance""]","[""fairy tale"", ""villain"", ""sleeping beauty"", ""dark fantasy"", ""based on fairy tale"", ""adaptation"", ""retelling"", ""literary adaptation"", ""3d""]",[]
111759,137113,137113,Edge of Tomorrow,"Major Bill Cage is an officer who has never seen a day of combat when he is unceremoniously demoted and dropped into combat. Cage is killed within minutes, managing to take an alpha alien down with him. He awakens back at the beginning of the same day and is forced to fight and die again... and again - as physical contact with the alien has thrown him into a time loop.",79.456485,7.6,4858,2014-05-27,113.0,,,"[""Action"", ""Science Fiction""]","[""deja vu"", ""time warp"", ""restart"", ""dystopia"", ""war"", ""alien"", ""military officer"", ""soldier"", ""alien invasion"", ""exoskeleton""]",[]
111781,177677,177677,Mission: Impossible - Rogue Nation,"Ethan and team take on their most impossible mission yet, eradicating the Syndicate - an International rogue organization as highly skilled as they are, committed to destroying the IMF.",114.522237,7.1,3224,2015-07-23,131.0,,,"[""Action"", ""Adventure"", ""Thriller""]","[""london england"", ""spy"", ""austria"", ""villain"", ""sequel"", ""mission"", ""conspiracy"", ""vienna opera"", ""vienna""]",[]
111921,222935,222935,The Fault in Our Stars,"Despite the tumor-shrinking medical miracle that has bought her a few years, Hazel has never been anything but terminal, her final chapter inscribed upon diagnosis. But when a patient named Augustus Waters suddenly appears at Cancer Kid Support Group, Hazel's story is about to be completely rewritten.",74.358971,7.6,3759,2014-05-16,125.0,,,"[""Romance"", ""Drama""]","[""amsterdam"", ""based on novel"", ""support group"", ""cancer"", ""teenager"", ""star crossed lovers"", ""teen drama"", ""oxygen tank"", ""based on young adult novel""]",[]
112138,187017,187017,22 Jump Street,"After making their way through high school (twice), big changes are in store for officers Schmidt and Jenko when they go deep undercover at a local college. But when Jenko meets a kindred spirit on the football team, and Schmidt infiltrates the bohemian art major scene, they begin to question their partnership. Now they don't have to just crack the case - they have to figure out if they can have a mature relationship. If these two overgrown adolescents can grow from freshmen into real men, college might be the best thing that ever happened to them.",52.380982,7.0,3319,2014-06-05,112.0,,,"[""Crime"", ""Comedy"", ""Action""]","[""high school"", ""undercover cop"", ""buddy comedy"", ""aftercreditsstinger"", ""duringcreditsstinger""]",[]
112171,156022,156022,The Equalizer,"In The Equalizer, Denzel Washington plays McCall, a man who believes he has put his mysterious past behind him and dedicated himself to beginning a new, quiet life. But when McCall meets Teri (Chloë Grace Moretz), a young girl under the control of ultra-violent Russian gangsters, he can’t stand idly by – he has to help her. Armed with hidden skills that allow him to serve vengeance against anyone who would brutalize the helpless, McCall comes out of his self-imposed retirement and finds his desire for justice reawakened. If someone has a problem, if the odds are stacked against them, if they have nowhere else to turn, McCall will help. He is The Equalizer.",79.922059,7.1,2954,2014-09-24,132.0,,,"[""Thriller"", ""Action"", ""Crime""]","[""corruption"", ""assassin"", ""hostage"", ""fbi"", ""hitman"", ""russian"", ""security camera"", ""sadism"", ""vigilante"", ""sociopath"", ""revenge"", ""suspense"", ""organized crime"", ""gore"", ""gangster"", ""violence"", ""teenage prostitute"", ""commando"", ""interrogation"", ""surveillance"", ""ex soldier"", ""faked death"", ""loner"", ""call girl"", ""black ops"", ""hand to hand combat"", ""mysterious past""]",[]
112175,82702,82702,How to Train Your Dragon 2,"The thrilling second chapter of the epic How To Train Your Dragon trilogy brings back the fantastical world of Hiccup and Toothless five years later. While Astrid, Snotlout and the rest of the gang are challenging each other to dragon races (the island's new favorite contact sport), the now inseparable pair journey through the skies, charting unmapped territories and exploring new worlds. When one of their adventures leads to the discovery of a secret ice cave that is home to hundreds of new wild dragons and the mysterious Dragon Rider, the two friends find themselves at the center of a battle to protect the peace.",100.21391,7.6,3106,2014-06-12,102.0,,,"[""Fantasy"", ""Action"", ""Adventure"", ""Animation"", ""Comedy"", ""Family""]","[""father son relationship"", ""wife husband relationship"", ""sacrifice"", ""viking"", ""sequel"", ""rescue"", ""dragon"", ""mother son relationship"", ""death of husband"", ""warrior"", ""3d""]",[]
112183,194662,194662,Birdman,"A fading actor best known for his portrayal of a popular superhero attempts to mount a comeback by appearing in a Broadway play. As opening night approaches, his attempts to become more altruistic, rebuild his career, and reconnect with friends and family prove more difficult than expected.",89.811154,7.4,4535,2014-08-27,119.0,,,"[""Drama"", ""Comedy""]","[""times square"", ""superhero"", ""long take"", ""new york city"", ""play"", ""broadway"", ""actor""]",[]
112370,91314,91314,Transformers: Age of Extinction,"As humanity picks up the pieces, following the conclusion of ""Transformers: Dark of the Moon,"" Autobots and Decepticons have all but vanished from the face of the planet. However, a group of powerful, ingenious businessman and scientists attempt to learn from past Transformer incursions and push the boundaries of technology beyond what they can control - all while an ancient, powerful Transformer menace sets Earth in his cross-hairs.",116.840296,5.8,3095,2014-06-25,165.0,,,"[""Science Fiction"", ""Action"", ""Adventure""]","[""sequel"", ""alien"", ""transformers"", ""giant robot"", ""robot"", ""imax"", ""transforming robot""]",[]
112552,244786,244786,Whiplash,"Under the direction of a ruthless instructor, a talented young drummer begins to pursue perfection at any cost, even his humanity.",192.528841,8.3,4254,2014-10-10,105.0,,,"[""Drama""]","[""jazz"", ""obsession"", ""conservatory"", ""music teacher"", ""new york city"", ""violence"", ""montage"", ""drummer"", ""public humiliation"", ""jazz band"", ""young adult"", ""music school""]",[]
112556,210577,210577,Gone Girl,"With his wife's disappearance having become the focus of an intense media circus, a man sees the spotlight turned on him when it's suspected that he may not be innocent.",143.041543,7.9,5862,2014-10-01,145.0,,,"[""Mystery"", ""Thriller"", ""Drama""]","[""based on novel"", ""marriage crisis"", ""disappearance"", ""cheating husband"", ""missing person"", ""search party"", ""criminal lawyer"", ""wife murder"", ""murder suspect"", ""missing wife""]",[]
112623,119450,119450,Dawn of the Planet of the Apes,"A group of scientists in San Francisco struggle to stay alive in the aftermath of a plague that is wiping out humanity, while Caesar tries to maintain dominance over his community of intelligent apes.",243.791743,7.3,4410,2014-06-26,130.0,,,"[""Science Fiction"", ""Action"", ""Drama"", ""Thriller""]","[""leader"", ""colony"", ""post-apocalyptic"", ""dystopia"", ""forest"", ""sequel"", ""woods"", ""ape"", ""scientist"", ""monkey"", ""medical research"", ""animal attack"", ""plague"", ""3d""]",[]
112788,225886,225886,Sex Tape,"When Jay and Annie first got together, their romantic connection was intense – but ten years and two kids later, the flame of their love needs a spark.  To kick things up a notch, they decide – why not? – to make a video of themselves trying out every position in The Joy of Sex in one marathon three-hour session.  It seems like a great idea – until they discover that their most private video is no longer private.  With their reputations on the line, they know they’re just one click away from being laid bare to the world... but as their race to reclaim their video leads to a night they'll never forget, they'll find that their video will expose even more than they bargained for.",72.641296,5.3,1695,2014-07-17,97.0,,,"[""Comedy""]","[""marriage"", ""internet"", ""relationship"", ""family"", ""sex tape""]",[]
112818,238636,238636,The Purge: Anarchy,"Three groups of people are trying to survive Purge Night, when their stories intertwine and are left stranded in The Purge trying to survive the chaos and violence that occurs.",82.975841,6.6,1954,2014-07-17,104.0,,,"[""Horror"", ""Thriller""]","[""bus"", ""assault rifle"", ""sniper"", ""machete"", ""dystopia"", ""psychopath"", ""sequel"", ""revenge"", ""murder"", ""survival"", ""motorcycle"", ""violence"", ""one day"", ""masked man"", ""apartment"", ""death"", ""survival horror"", ""gatling gun""]",[]
112852,118340,118340,Guardians of the Galaxy,"Light years from Earth, 26 years after being abducted, Peter Quill finds himself the prime target of a manhunt after discovering an orb wanted by Ronan the Accuser.",481.098624,7.9,9742,2014-07-30,121.0,,,"[""Action"", ""Science Fiction"", ""Adventure""]","[""marvel comic"", ""spaceship"", ""space"", ""outer space"", ""orphan"", ""adventurer"", ""aftercreditsstinger"", ""duringcreditsstinger"", ""marvel cinematic universe""]",[]
112897,138103,138103,The Expendables 3,"Barney, Christmas and the rest of the team comes face-to-face with Conrad Stonebanks, who years ago co-founded The Expendables with Barney. Stonebanks subsequently became a ruthless arms trader and someone who Barney was forced to kill… or so he thought. Stonebanks, who eluded death once before, now is making it his mission to end The Expendables -- but Barney has other plans. Barney decides that he has to fight old blood with new blood, and brings in a new era of Expendables team members, recruiting individuals who are younger, faster and more tech-savvy. The latest mission becomes a clash of classic old-school style versus high-tech expertise in the Expendables’ most personal battle yet.",61.025639,6.1,1795,2014-08-04,127.0,,,"[""Action"", ""Adventure"", ""Thriller""]","[""cia"", ""arms dealer"", ""sequel"", ""rescue mission"", ""hospital"", ""battle"", ""sledgehammer"", ""revolver""]",[]
112911,184315,184315,Hercules,"Fourteen hundred years ago, a tormented soul walked the earth that was neither man nor god. Hercules was the powerful son of the god king Zeus, for this he received nothing but suffering his entire life. After twelve arduous labors and the loss of his family, this dark, world-weary soul turned his back on the gods finding his only solace in bloody battle. Over the years he warmed to the company of six similar souls, their only bond being their love of fighting and presence of death. These men and woman never question where they go to fight or why or whom, just how much they will be paid. Now the King of Thrace has hired these mercenaries to train his men to become the greatest army of all time. It is time for this bunch of lost souls to finally have their eyes opened to how far they have fallen when they must train an army to become as ruthless and blood thirsty as their reputation has become.",76.842247,5.6,1680,2014-07-23,99.0,,,"[""Action"", ""Adventure""]","[""mercenary"", ""battle"", ""ancient greece"", ""hercules"", ""warrior"", ""sagen""]",[]
113345,76757,76757,Jupiter Ascending,"In a universe where human genetic material is the most precious commodity, an impoverished young Earth woman becomes the key to strategic maneuvers and internal strife within a powerful dynasty…",85.36908,5.2,2768,2015-02-04,124.0,,,"[""Science Fiction"", ""Fantasy"", ""Action"", ""Adventure""]","[""jupiter"", ""space"", ""woman director"", ""3d"", ""interspecies romance""]",[]
113348,98566,98566,Teenage Mutant Ninja Turtles,The city needs heroes. Darkness has settled over New York City as Shredder and his evil Foot Clan have an iron grip on everything from the police to the politicians. The future is grim until four unlikely outcast brothers rise from the sewers and discover their destiny as Teenage Mutant Ninja Turtles. The Turtles must work with fearless reporter April and her wise-cracking cameraman Vern Fenwick to save the city and unravel Shredder's diabolical plan.,143.350376,5.8,2636,2014-08-07,101.0,,,"[""Science Fiction"", ""Action"", ""Adventure"", ""Fantasy"", ""Comedy""]","[""martial arts"", ""terrorist"", ""hero"", ""mutation"", ""van"", ""turtle"", ""vigilante"", ""superhero"", ""based on comic book"", ""ninja"", ""new york city"", ""sewer"", ""reboot"", ""science experiment"", ""3d""]",[]
113378,227156,227156,The Giver,"In a seemingly perfect community, without war, pain, suffering, differences or choice, a young boy is chosen to learn from an elderly man about the true pain and pleasure of the ""real"" world.",53.811461,6.4,1798,2014-08-11,94.0,,,"[""Drama"", ""Science Fiction""]","[""dystopia"", ""black and white"", ""based on young adult novel""]",[]
113453,193893,193893,Let's Be Cops,"It's the ultimate buddy cop movie except for one thing: they're not cops.  When two struggling pals dress as police officers for a costume party, they become neighborhood sensations.  But when these newly-minted “heroes” get tangled in a real life web of mobsters and dirty detectives, they must put their fake badges on the line.",70.668923,6.4,1219,2014-08-13,104.0,,,"[""Comedy""]","[""corruption"", ""robbery"", ""kidnapping"", ""nightclub"", ""male friendship"", ""investigation"", ""police"", ""party"", ""murder"", ""mobster"", ""los angeles"", ""lying"", ""impersonating a police officer"", ""flashback""]",[]
113573,189,189,Sin City: A Dame to Kill For,Some of Sin City's most hard-boiled citizens cross paths with a few of its more reviled inhabitants.,85.428395,6.3,1286,2014-08-20,102.0,,,"[""Crime"", ""Thriller""]","[""detective"", ""dystopia"", ""dominatrix"", ""murder"", ""suspense"", ""twins"", ""based on graphic novel"", ""dark horse comics"", ""neo-noir"", ""3d""]",[]
114180,198663,198663,The Maze Runner,"Set in a post-apocalyptic world, young Thomas is deposited in a community of boys after his memory is erased, soon learning they're all trapped in a maze that will require him to join forces with fellow ""runners"" for a shot at escape.",131.815575,7.0,5371,2014-09-10,113.0,,,"[""Action"", ""Mystery"", ""Science Fiction"", ""Thriller""]","[""based on novel"", ""maze"", ""post-apocalyptic"", ""dystopia"", ""escape"", ""memory loss"", ""erased memory"", ""trapped"", ""dystopic future"", ""runner"", ""based on young adult novel""]",[]
114246,169917,169917,A Walk Among the Tombstones,Private investigator Matthew Scudder is hired by a drug kingpin to find out who kidnapped and murdered his wife.,61.309619,6.2,1131,2014-09-18,113.0,,,"[""Crime"", ""Drama"", ""Mystery"", ""Thriller""]","[""based on novel"", ""murder"", ""mafia"", ""private investigator"", ""new york city"", ""alcoholic"", ""kingpin"", ""wife murder"", ""matt scudder""]",[]
114662,190859,190859,American Sniper,"U.S. Navy SEAL Chris Kyle takes his sole mission—protect his comrades—to heart and becomes one of the most lethal snipers in American history. His pinpoint accuracy not only saves countless lives but also makes him a prime target of insurgents. Despite grave danger and his struggle to be a good husband and father to his family back in the States, Kyle serves four tours of duty in Iraq. However, when he finally returns home, he finds that he cannot leave the war behind.",87.53437,7.4,4469,2014-12-11,133.0,,,"[""War"", ""Action""]","[""sniper"", ""biography"", ""iraq"", ""navy seal"", ""u.s. soldier""]",[]
114713,250546,250546,Annabelle,"John Form has found the perfect gift for his expectant wife, Mia - a beautiful, rare vintage doll in a pure white wedding dress. But Mia's delight with Annabelle doesn't last long. On one horrific night, their home is invaded by members of a satanic cult, who violently attack the couple. Spilled blood and terror are not all they leave behind. The cultists have conjured an entity so malevolent that nothing they did will compare to the sinister conduit to the damned that is now... Annabelle.",60.225219,5.6,1517,2014-10-02,99.0,,,"[""Horror""]","[""prequel"", ""evil doll"", ""killer doll"", ""spin off"", ""doll"", ""demonic possession"", ""killer toys"", ""toy comes to life""]",[]
114795,49017,49017,Dracula Untold,"Vlad Tepes is a great hero, but when he learns the Sultan is preparing for battle and needs to form an army of 1,000 boys, including Vlad's son, he vows to find a way to protect his family. Vlad turns to dark forces in order to get the power to destroy his enemies and agrees to go from hero to monster as he's turned into the mythological vampire Dracula.",64.457947,6.2,2389,2014-10-01,92.0,,,"[""Horror"", ""Action"", ""Drama"", ""Fantasy"", ""War""]","[""vampire"", ""dracula"", ""bite"", ""battle"", ""15th century"", ""ottoman empire"", ""vlad"", ""fang vamp"", ""tepes""]",[]
114847,262543,262543,Automata,"Jacq Vaucan, an insurance agent of ROC robotics corporation, routinely investigates the case of manipulating a robot. What he discovers will have profound consequences for the future of humanity.",49.808505,5.6,670,2014-10-09,110.0,,,"[""Thriller"", ""Science Fiction""]","[""artificial intelligence"", ""rain"", ""future"", ""dystopia"", ""robot"", ""ecology"", ""desert"", ""child hitman""]",[]
115210,228150,228150,Fury,"Last months of World War II in April 1945. As the Allies make their final push in the European Theater, a battle-hardened U.S. Army sergeant in the 2nd Armored Division named Wardaddy commands a Sherman tank called ""Fury"" and its five-man crew on a deadly mission behind enemy lines. Outnumbered and outgunned, Wardaddy and his men face overwhelming odds in their heroic attempts to strike at the heart of Nazi Germany.",139.575085,7.4,3946,2014-10-15,135.0,,,"[""War"", ""Drama"", ""Action""]","[""world war ii"", ""nazis"", ""war"", ""nazi germany"", ""panzer"", ""tank""]",[]
115569,242582,242582,Nightcrawler,"When Lou Bloom, desperate for work, muscles into the world of L.A. crime journalism, he blurs the line between observer and participant to become the star of his own story. Aiding him in his effort is Nina, a TV-news veteran.",89.095538,7.6,3395,2014-10-23,117.0,,,"[""Crime"", ""Drama"", ""Thriller""]","[""journalism"", ""underground"", ""tv station"", ""sociopath"", ""home invasion"", ""car chase"", ""tv news"", ""employer employee relationship"", ""ethics"", ""stringer""]",[]
115617,177572,177572,Big Hero 6,"The special bond that develops between plus-sized inflatable robot Baymax, and prodigy Hiro Hamada, who team up with a group of friends to form a band of high-tech heroes.",203.73459,7.8,6135,2014-10-24,102.0,,,"[""Adventure"", ""Family"", ""Animation"", ""Action"", ""Comedy""]","[""brother brother relationship"", ""hero"", ""talent"", ""revenge"", ""best friend"", ""another dimension"", ""robot"", ""boy genius"", ""hate"", ""aftercreditsstinger"", ""moral dilemma"", ""3d"", ""teen superheroes"", ""dead brother""]",[]
115713,264660,264660,Ex Machina,"Caleb, a 26 year old coder at the world's largest internet company, wins a competition to spend a week at a private mountain retreat belonging to Nathan, the reclusive CEO of the company. But when Caleb arrives at the remote location he finds that he will have to participate in a strange and fascinating experiment in which he must interact with the world's first true artificial intelligence, housed in the body of a beautiful robot girl.",95.130041,7.6,4737,2015-01-21,108.0,,,"[""Drama"", ""Science Fiction""]","[""dancing"", ""artificial intelligence"", ""distrust"", ""isolation"", ""technology"", ""manipulation"", ""friendship"", ""deception"", ""laboratory"", ""robot"", ""power outage"", ""surveillance camera"", ""consciousness"", ""existentialism"", ""lockdown"", ""philosophical"", ""robot human relationship"", ""turing test"", ""cybernetics""]",[]
116797,205596,205596,The Imitation Game,"Based on the real life story of legendary cryptanalyst Alan Turing, the film portrays the nail-biting race against time by Turing and his brilliant team of code-breakers at Britain's top-secret Government Code and Cypher School at Bletchley Park, during the darkest days of World War II.",145.364591,8.0,5723,2014-11-14,113.0,,,"[""History"", ""Drama"", ""Thriller"", ""War""]","[""gay"", ""england"", ""world war ii"", ""mathematician"", ""biography"", ""logician"", ""cryptography""]",[]
116823,131631,131631,The Hunger Games: Mockingjay - Part 1,Katniss Everdeen reluctantly becomes the symbol of a mass rebellion against the autocratic Capitol.,206.227151,6.6,5584,2014-11-18,123.0,,,"[""Science Fiction"", ""Adventure"", ""Thriller""]","[""resistance"", ""post-apocalyptic"", ""dystopia"", ""war"", ""sequel"", ""female protagonist"", ""bow and arrow"", ""game"", ""future war"", ""revolt"", ""class prejudice"", ""human subjugation"", ""based on young adult novel""]",[]
116887,147441,147441,Exodus: Gods and Kings,"The defiant leader Moses rises up against the Egyptian Pharaoh Ramses, setting 400,000 slaves on a monumental journey of escape from Egypt and its terrifying cycle of deadly plagues.",101.599427,5.6,1921,2014-12-03,150.0,,,"[""Adventure"", ""Drama"", ""Action""]","[""moses"", ""bible"", ""ancient egypt"", ""3d"", ""ramses""]",[]
116977,100042,100042,Dumb and Dumber To,"20 years after the dimwits set out on their first adventure, they head out in search of one of their long lost children in the hope of gaining a new kidney.",67.767785,5.4,1127,2014-11-12,110.0,,,"[""Comedy""]","[""friendship"", ""sequel"", ""road movie"", ""buddy comedy""]",[]
117176,266856,266856,The Theory of Everything,"The Theory of Everything is the extraordinary story of one of the world’s greatest living minds, the renowned astrophysicist Stephen Hawking, who falls deeply in love with fellow Cambridge student Jane Wilde.",61.182331,7.8,3311,2014-11-26,123.0,,,"[""Drama"", ""Romance""]","[""wife husband relationship"", ""biography"", ""physicist"", ""based on memoir"", ""stephen hawking"", ""fictionalized biography"", ""motor neuron disease"", ""als""]",[]
117466,205775,205775,In the Heart of the Sea,"In the winter of 1820, the New England whaling ship Essex was assaulted by something no one could believe: a whale of mammoth size and will, and an almost human sense of vengeance.  The real-life maritime disaster would inspire Herman Melville’s Moby Dick.  But that told only half the story.  “Heart of the Sea” reveals the encounter’s harrowing aftermath, as the ship’s surviving crew is pushed to their limits and forced to do the unthinkable to stay alive.  Braving storms, starvation, panic and despair, the men will call into question their deepest beliefs, from the value of their lives to the morality of their trade, as their captain searches for direction on the open sea and his first mate still seeks to bring the great whale down.",50.767332,6.5,1276,2015-11-20,122.0,,,"[""Thriller"", ""Drama"", ""Adventure"", ""Action"", ""History""]","[""suicide"", ""ocean"", ""sea"", ""hunger"", ""shipwreck"", ""ship"", ""whale"", ""based on true story"", ""stranded"", ""survival"", ""whaling"", ""death"", ""new england"", ""lost at sea"", ""based on true events"", ""whaling ship"", ""starvation"", ""19th century"", ""cannibalism"", ""reference to moby dick"", ""whale oil"", ""nantucket""]",[]
117529,135397,135397,Jurassic World,"Twenty-two years after the events of Jurassic Park, Isla Nublar now features a fully functioning dinosaur theme park, Jurassic World, as originally envisioned by John Hammond.",418.708552,6.5,8662,2015-06-09,124.0,,,"[""Action"", ""Adventure"", ""Science Fiction"", ""Thriller""]","[""monster"", ""dna"", ""tyrannosaurus rex"", ""velociraptor"", ""island"", ""sequel"", ""suspense"", ""disaster"", ""escape"", ""dinosaur"", ""amusement park"", ""animal attack"", ""theme park"", ""jurassic park"", ""3d"", ""animal horror""]",[]
117590,227159,227159,Horrible Bosses 2,"Dale, Kurt and Nick decide to start their own business but things don't go as planned because of a slick investor, prompting the trio to pull off a harebrained and misguided kidnapping scheme.",82.185281,6.1,1536,2014-11-26,108.0,,,"[""Comedy""]","[""prison"", ""kidnapping"", ""sequel"", ""car chase"", ""sex addict"", ""sex tape""]",[]
117851,270946,270946,Penguins of Madagascar,"Skipper, Kowalski, Rico and Private join forces with undercover organization The North Wind to stop the villainous Dr. Octavius Brine from destroying the world as we know it.",84.366984,6.5,1346,2014-11-22,92.0,,,"[""Family"", ""Animation"", ""Adventure"", ""Comedy""]","[""penguin"", ""madagascar"", ""3d""]",[]
117895,294254,294254,Maze Runner: The Scorch Trials,"Thomas and his fellow Gladers face their greatest challenge yet: searching for clues about the mysterious and powerful organization known as WCKD. Their journey takes them to the Scorch, a desolate landscape filled with unimaginable obstacles. Teaming up with resistance fighters, the Gladers take on WCKD’s vastly superior forces and uncover its shocking plans for them all.",113.161483,6.4,3040,2015-09-09,132.0,,,"[""Action""]","[""based on novel"", ""resistance"", ""maze"", ""post-apocalyptic"", ""dystopia"", ""infection"", ""on the run"", ""escape"", ""zombie"", ""storm"", ""disease"", ""desert"", ""sewer"", ""antidote"", ""corporation"", ""virus"", ""runner"", ""city ruin"", ""immunity""]",[]
118696,122917,122917,The Hobbit: The Battle of the Five Armies,"Immediately after the events of The Desolation of Smaug, Bilbo and the dwarves try to defend Erebor's mountain of treasure from others who claim it: the men of the ruined Laketown and the elves of Mirkwood. Meanwhile an army of Orcs led by Azog the Defiler is marching on Erebor, fueled by the rise of the dark lord Sauron. Dwarves, elves and men must unite, and the hope for Middle-Earth falls into Bilbo's hands.",120.965743,7.1,4760,2014-12-10,144.0,,,"[""Action"", ""Adventure"", ""Fantasy""]","[""corruption"", ""elves"", ""dwarves"", ""orcs"", ""middle-earth (tolkien)"", ""hobbit"", ""dragon"", ""battle"", ""unlikely friendship"", ""epic battle"", ""sword and sorcery""]",[]
118997,224141,224141,Into the Woods,"In a woods filled with magic and fairy tale characters, a baker and his wife set out to end the curse put on them by their neighbor, a spiteful witch.",65.90161,5.6,1652,2014-12-25,125.0,,,"[""Fantasy"", ""Comedy"", ""Music""]","[""witch"", ""cinderella"", ""prince"", ""fairy tale"", ""musical"", ""princess"", ""sondheim"", ""curse"", ""based on stage musical"", ""beanstalk"", ""duringcreditsstinger"", ""red riding hood""]",[]
119141,228967,228967,The Interview,"Dave Skylark and his producer Aaron Rapoport run the celebrity tabloid show ""Skylark Tonight"". When they land an interview with a surprise fan, North Korean dictator Kim Jong-un, they are recruited by the CIA to turn their trip to Pyongyang into an assassination mission.",74.168016,6.1,2304,2014-12-25,112.0,,,"[""Action"", ""Comedy""]","[""cia"", ""coup d'etat"", ""north korea"", ""assassination attempt"", ""evil dictator""]",[]
119155,181533,181533,Night at the Museum: Secret of the Tomb,"When the magic powers of The Tablet of Ahkmenrah begin to die out, Larry Daley (Ben Stiller) spans the globe, uniting favorite and new characters while embarking on an epic quest to save the magic before it is gone forever.",115.597753,6.1,1851,2014-12-17,97.0,,,"[""Adventure"", ""Comedy"", ""Fantasy"", ""Family""]","[""night watchman"", ""museum"", ""natural history"", ""history"", ""smithsonian""]",[]
119655,68737,68737,Seventh Son,"John Gregory, who is a seventh son of a seventh son and also the local spook, has protected the country from witches, boggarts, ghouls and all manner of things that go bump in the night. However John is not young anymore, and has been seeking an apprentice to carry on his trade. Most have failed to survive. The last hope is a young farmer's son named Thomas Ward. Will he survive the training to become the spook that so many others couldn't?",63.628459,5.2,957,2014-12-12,102.0,,,"[""Adventure"", ""Fantasy""]","[""magic"", ""chosen one"", ""dark fantasy"", ""witch hunter"", ""evil witch"", ""based on young adult novel"", ""sword and sorcery""]",[]
120466,198184,198184,Chappie,"Every child comes into the world full of promise, and none more so than Chappie: he is gifted, special, a prodigy. Like any child, Chappie will come under the influence of his surroundings—some good, some bad—and he will rely on his heart and soul to find his way in the world and become his own man. But there's one thing that makes Chappie different from any one else: he is a robot.",116.700319,6.6,3062,2015-03-04,120.0,,,"[""Crime"", ""Action"", ""Science Fiction""]","[""artificial intelligence"", ""android"", ""robot"", ""near future"", ""robot cop""]",[]
120635,260346,260346,Taken 3,"Ex-government operative Bryan Mills finds his life is shattered when he's falsely accused of a murder that hits close to home. As he's pursued by a savvy police inspector, Mills employs his particular set of skills to track the real killer and exact his unique brand of justice.",88.844777,6.1,2200,2014-12-16,109.0,,,"[""Thriller"", ""Action""]","[""revenge"", ""murder"", ""on the run"", ""fugitive"", ""framed"", ""father daughter relationship"", ""framed for murder""]",[]
120799,87101,87101,Terminator Genisys,"The year is 2029. John Connor, leader of the resistance continues the war against the machines. At the Los Angeles offensive, John's fears of the unknown future begin to emerge when TECOM spies reveal a new plot by SkyNet that will attack him from both fronts; past and future, and will ultimately change warfare forever.",202.042635,5.8,3631,2015-06-23,126.0,,,"[""Science Fiction"", ""Action"", ""Thriller"", ""Adventure""]","[""saving the world"", ""artificial intelligence"", ""cyborg"", ""killer robot"", ""future"", ""time travel"", ""dystopia"", ""sequel"", ""fiction"", ""duringcreditsstinger"", ""3d""]",[]
121231,270303,270303,It Follows,"For 19-year-old Jay, fall should be about school, boys and weekends out at the lake. But a seemingly innocent physical encounter turns sour and gives her the inescapable sense that someone, or something, is following her. Faced with this burden, Jay and her teenage friends must find a way to escape the horror that seems to be only a few steps behind.",100.876794,6.6,1832,2015-02-04,100.0,,,"[""Horror"", ""Thriller""]","[""chase"", ""supernatural"", ""friends"", ""vision"", ""school"", ""young adult"", ""followed""]",[]
122882,76341,76341,Mad Max: Fury Road,"An apocalyptic story set in the furthest reaches of our planet, in a stark desert landscape where humanity is broken, and most everyone is crazed fighting for the necessities of life. Within this world exist two rebels on the run who just might be able to restore order. There's Max, a man of action and a man of few words, who seeks peace of mind following the loss of his wife and child in the aftermath of the chaos. And Furiosa, a woman of action and a woman who believes her path to survival may be achieved if she can make it across the desert back to her childhood homeland.",434.278564,7.2,9427,2015-05-13,120.0,,,"[""Action"", ""Adventure"", ""Science Fiction"", ""Thriller""]","[""future"", ""chase"", ""post-apocalyptic"", ""dystopia"", ""australia"", ""rescue"", ""survival"", ""on the run"", ""convoy"", ""peak oil"", ""dark future""]",[]
122890,68735,68735,Warcraft,"The peaceful realm of Azeroth stands on the brink of war as its civilization faces a fearsome race of invaders: orc warriors fleeing their dying home to colonize another. As a portal opens to connect the two worlds, one army faces destruction and the other faces extinction. From opposing sides, two heroes are set on a collision course that will decide the fate of their family, their people, and their home.",63.148529,6.3,2268,2016-05-25,123.0,,,"[""Action"", ""Adventure"", ""Fantasy""]","[""video game"", ""elves"", ""orcs"", ""magic"", ""chase"", ""based on comic book"", ""sorcerer"", ""fictional war"", ""based on video game"", ""wizard"", ""fictional language"", ""muscles"", ""orc"", ""sword and sorcery""]",[]
122892,99861,99861,Avengers: Age of Ultron,"When Tony Stark tries to jumpstart a dormant peacekeeping program, things go awry and Earth’s Mightiest Heroes are put to the ultimate test as the fate of the planet hangs in the balance. As the villainous Ultron emerges, it is up to The Avengers to stop him from enacting his terrible plans, and soon uneasy alliances and unexpected action pave the way for an epic and unique global adventure.",134.279229,7.3,6767,2015-04-22,141.0,,,"[""Action"", ""Adventure"", ""Science Fiction""]","[""marvel comic"", ""sequel"", ""superhero"", ""based on comic book"", ""vision"", ""superhero team"", ""duringcreditsstinger"", ""marvel cinematic universe"", ""3d""]",[]
122900,102899,102899,Ant-Man,"Armed with the astonishing ability to shrink in scale but increase in strength, master thief Scott Lang must embrace his inner-hero and help his mentor, Doctor Hank Pym, protect the secret behind his spectacular Ant-Man suit from a new generation of towering threats. Against seemingly insurmountable obstacles, Pym and Lang must plan and pull off a heist that will save the world.",120.09361,7.0,5880,2015-07-14,117.0,,,"[""Science Fiction"", ""Action"", ""Adventure""]","[""marvel comic"", ""superhero"", ""based on comic book"", ""aftercreditsstinger"", ""duringcreditsstinger"", ""marvel cinematic universe"", ""3d""]",[]
122904,293660,293660,Deadpool,"Deadpool tells the origin story of former Special Forces operative turned mercenary Wade Wilson, who after being subjected to a rogue experiment that leaves him with accelerated healing powers, adopts the alter ego Deadpool. Armed with his new abilities and a dark, twisted sense of humor, Deadpool hunts down the man who nearly destroyed his life.",514.569956,7.4,10995,2016-02-09,108.0,,,"[""Action"", ""Adventure"", ""Comedy""]","[""anti hero"", ""mercenary"", ""marvel comic"", ""superhero"", ""based on comic book"", ""breaking the fourth wall"", ""aftercreditsstinger"", ""duringcreditsstinger"", ""self healing""]",[]
122920,271110,271110,Captain America: Civil War,"Following the events of Age of Ultron, the collective governments of the world pass an act designed to regulate all superhuman activity. This polarizes opinion amongst the Avengers, causing two factions to side with Iron Man or Captain America, which causes an epic battle between former allies.",198.372395,7.1,7241,2016-04-27,147.0,,,"[""Adventure"", ""Action"", ""Science Fiction""]","[""civil war"", ""war"", ""marvel comic"", ""sequel"", ""superhero"", ""based on comic book"", ""imax"", ""aftercreditsstinger"", ""duringcreditsstinger"", ""marvel cinematic universe"", ""3d""]",[]
122924,246655,246655,X-Men: Apocalypse,"After the re-emergence of the world's first mutant, world-destroyer Apocalypse, the X-Men must unite to defeat his extinction level plan.",139.272042,6.4,4721,2016-05-18,144.0,,,"[""Science Fiction""]","[""mutant"", ""supernatural powers"", ""marvel comic"", ""superhero"", ""based on comic book"", ""superhuman"", ""apocalypse"", ""superhero team"", ""world domination"", ""aftercreditsstinger"", ""1980s""]",[]
125914,210860,210860,Mortdecai,"Art dealer, Charles Mortdecai, searches for a stolen painting rumored to contain a secret code that gains access to hidden Nazi gold.",52.417529,5.4,1055,2015-01-21,106.0,,,"[""Comedy"", ""Adventure""]","[""based on novel"", ""painting"", ""debt"", ""art dealer"", ""stolen painting""]",[]
125916,216015,216015,Fifty Shades of Grey,"When college senior Anastasia Steele steps in for her sick roommate to interview prominent businessman Christian Grey for their campus paper, little does she realize the path her life will take. Christian, as enigmatic as he is rich and powerful, finds himself strangely drawn to Ana, and she to him. Though sexually inexperienced, Ana plunges headlong into an affair -- and learns that Christian's true sexual proclivities push the boundaries of pain and pleasure.",98.755657,5.2,3254,2015-02-11,125.0,,,"[""Drama"", ""Romance"", ""Thriller""]","[""based on novel"", ""perversion"", ""spanking"", ""billionaire"", ""bdsm"", ""woman director""]",[]
128360,273248,273248,The Hateful Eight,Bounty hunters seek shelter from a raging blizzard and get caught up in a plot of betrayal and deception.,68.717016,7.6,4274,2015-12-25,167.0,,,"[""Crime"", ""Drama"", ""Mystery"", ""Western""]","[""bounty hunter"", ""wyoming"", ""mountains"", ""narration"", ""hangman"", ""stagecoach"", ""blizzard"", ""post civil war""]",[]
128488,265208,265208,Wild Card,"When a Las Vegas bodyguard with lethal skills and a gambling problem gets in trouble with the mob, he has one last play… and it's all or nothing.",48.0343,5.4,656,2015-01-14,92.0,,,"[""Thriller"", ""Crime"", ""Drama""]","[""gambling"", ""bodyguard"", ""remake""]",[]
128512,286565,286565,Paper Towns,"Quentin Jacobsen has spent a lifetime loving the magnificently adventurous Margo Roth Spiegelman from afar. So when she cracks open a window and climbs back into his life-dressed like a ninja and summoning him for an ingenious campaign of revenge-he follows. After their all-nighter ends and a new day breaks, Q arrives at school to discover that Margo, always an enigma, has now become a mystery. But Q soon learns that there are clues-and they're for him. Urged down a disconnected path, the closer he gets, the less Q sees of the girl he thought he knew.",64.610671,6.1,1937,2015-06-18,109.0,,,"[""Drama"", ""Mystery"", ""Romance""]","[""friendship"", ""high school"", ""teenager"", ""classmate"", ""based on young adult novel""]",[]
129354,256591,256591,Focus,"Nicky, a veteran con artist, takes a novice named Jess under his wing. While Nicky teaches Jess the tricks of the trade, the pair become romantically involved; but, when Jess gets uncomfortably close, Nicky ends their relationship. Three years later, Nicky is in Buenos Aires working a very dangerous scheme when Jess -- now an accomplished femme fatale -- unexpectedly shows up. Her appearance throws Nicky for a loop at a time when he cannot afford to be off his game.",59.634029,6.7,2542,2015-02-25,105.0,,,"[""Romance"", ""Comedy"", ""Crime"", ""Drama""]","[""seduction"", ""con man"", ""femme fatale"", ""deception"", ""rivalry"", ""con artist""]",[]
129937,241554,241554,Run All Night,"Brooklyn mobster and prolific hit man Jimmy Conlon has seen better days. Longtime best friend of a mob boss, Jimmy is haunted by the sins of his past—as well as a dogged police detective who’s been one step behind Jimmy for 30 years. But when Jimmy’s estranged son becomes a target, Jimmy must make a choice between the crime family he chose and the real family he abandoned long ago. Now, with nowhere safe to turn, Jimmy has just one night to figure out exactly where his loyalties lie and to see if he can finally make things right.",74.64653,6.3,1148,2015-03-11,114.0,,,"[""Action"", ""Crime"", ""Drama"", ""Mystery"", ""Thriller""]","[""hitman"", ""revenge"", ""murder"", ""on the run"", ""mobster""]",[]
130073,150689,150689,Cinderella,"When her father unexpectedly passes away, young Ella finds herself at the mercy of her cruel stepmother and her daughters. Never one to give up hope, Ella's fortunes begin to change after meeting a dashing stranger in the woods.",101.187052,6.7,2374,2015-03-12,105.0,,,"[""Romance"", ""Fantasy"", ""Family"", ""Drama""]","[""cinderella"", ""magic"", ""prince"", ""fairy tale"", ""kingdom"", ""royalty"", ""orphan"", ""lost shoe"", ""evil stepmother"", ""retelling""]",[]
130450,266647,266647,Pan,"Living a bleak existence at a London orphanage, 12-year-old Peter finds himself whisked away to the fantastical world of Neverland. Adventure awaits as he meets new friend James Hook and the warrior Tiger Lily. They must band together to save Neverland from the ruthless pirate Blackbeard. Along the way, the rebellious and mischievous boy discovers his true destiny, becoming the hero forever known as Peter Pan.",48.03528,5.9,954,2015-09-24,111.0,,,"[""Adventure"", ""Family"", ""Fantasy""]","[""flying"", ""magic"", ""fairy tale"", ""peter pan"", ""mermaid"", ""pirate"", ""fantasy world""]",[]
130490,262500,262500,Insurgent,Beatrice Prior must confront her inner demons and continue her fight against a powerful alliance which threatens to tear her society apart.,103.718387,6.2,3829,2015-03-18,119.0,,,"[""Adventure"", ""Science Fiction"", ""Thriller""]","[""based on novel"", ""revolution"", ""dystopia"", ""sequel"", ""dystopic future"", ""young adult"", ""3d"", ""divergent""]",[]
130520,228161,228161,Home,"When Earth is taken over by the overly-confident Boov, an alien race in search of a new place to call home, all humans are promptly relocated, while all Boov get busy reorganizing the planet. But when one resourceful girl, Tip, manages to avoid capture, she finds herself the accidental accomplice of a banished Boov named Oh. The two fugitives realize there’s a lot more at stake than intergalactic relations as they embark on the road trip of a lifetime.",63.473086,6.8,1519,2015-03-18,94.0,,,"[""Fantasy"", ""Comedy"", ""Animation"", ""Science Fiction"", ""Family""]","[""friendship"", ""spaceship"", ""space"", ""alien"", ""alien invasion"", ""alien friendship"", ""awful leader"", ""taking resposibility""]",[]
130634,168259,168259,Furious 7,Deckard Shaw seeks revenge against Dominic Toretto and his family for his comatose brother.,102.322217,7.3,4176,2015-04-01,137.0,,,"[""Action""]","[""car race"", ""speed"", ""revenge"", ""suspense"", ""car"", ""race"", ""muscle car""]",[]
132046,158852,158852,Tomorrowland,"Bound by a shared destiny, a bright, optimistic teen bursting with scientific curiosity and a former boy-genius inventor jaded by disillusionment embark on a danger-filled mission to unearth the secrets of an enigmatic place somewhere in time and space that exists in their collective memory as ""Tomorrowland.""",130.311355,6.2,2846,2015-05-19,130.0,,,"[""Adventure"", ""Family"", ""Mystery"", ""Science Fiction""]","[""inventor"", ""apocalypse"", ""destiny"", ""imax"", ""dreamer"", ""futuristic car"", ""futuristic city""]",[]
132796,254128,254128,San Andreas,"In the aftermath of a massive earthquake in California, a rescue-chopper pilot makes a dangerous journey across the state in order to rescue his estranged daughter.",100.412364,6.0,2968,2015-05-27,114.0,,,"[""Action"", ""Drama"", ""Thriller""]","[""california"", ""earthquake"", ""catastrophe"", ""disaster film"", ""3d"", ""san andreas"", ""san andreas california"", ""rescue operation""]",[]
133419,254470,254470,Pitch Perfect 2,"The Bellas are back, and they are better than ever. After being humiliated in front of none other than the President of the United States of America, the Bellas are taken out of the Aca-Circuit. In order to clear their name, and regain their status, the Bellas take on a seemingly impossible task: winning an international competition no American team has ever won. In order to accomplish this monumental task, they need to strengthen the bonds of friendship and sisterhood and blow away the competition with their amazing aca-magic! With all new friends and old rivals tagging along for the trip, the Bellas can hopefully accomplish their dreams.",71.496894,6.8,1940,2015-05-07,115.0,,,"[""Comedy"", ""Music""]","[""music"", ""sequel"", ""singer"", ""male female relationship"", ""audition"", ""group of friends"", ""duringcreditsstinger"", ""singing competition"", ""female musician"", ""singing contest"", ""woman director"", ""acapella""]",[]
134130,286217,286217,The Martian,"During a manned mission to Mars, Astronaut Mark Watney is presumed dead after a fierce storm and left behind by his crew. But Watney has survived and finds himself stranded and alone on the hostile planet. With only meager supplies, he must draw upon his ingenuity, wit and spirit to subsist and find a way to signal to Earth that he is alive.",167.93287,7.6,7268,2015-09-30,141.0,,,"[""Drama"", ""Adventure"", ""Science Fiction""]","[""based on novel"", ""mars"", ""nasa"", ""isolation"", ""botanist"", ""stranded"", ""spaceship"", ""space"", ""engineering"", ""survival"", ""astronaut"", ""science"", ""deep space explorer"", ""duringcreditsstinger"", ""battle for survival""]",[]
134393,271718,271718,Trainwreck,"Having thought that monogamy was never possible, a commitment-phobic career woman may have to face her fears when she meets a good guy.",72.774941,5.9,1181,2015-07-17,125.0,,,"[""Comedy""]","[""alcohol"", ""one-night stand""]",[]
134853,150540,150540,Inside Out,"Growing up can be a bumpy road, and it's no exception for Riley, who is uprooted from her Midwest life when her father starts a new job in San Francisco. Like all of us, Riley is guided by her emotions - Joy, Fear, Anger, Disgust and Sadness. The emotions live in Headquarters, the control center inside Riley's mind, where they help advise her through everyday life. As Riley and her emotions struggle to adjust to a new life in San Francisco, turmoil ensues in Headquarters. Although Joy, Riley's main and most important emotion, tries to keep things positive, the emotions conflict on how best to navigate a new city, house and school.",128.655964,8.0,6560,2015-06-09,94.0,,,"[""Drama"", ""Comedy"", ""Animation"", ""Family""]","[""dream"", ""cartoon"", ""imaginary friend"", ""animation"", ""family"", ""moving"", ""kids"", ""unicorn"", ""duringcreditsstinger"", ""3d"", ""emotions""]",[]
135133,131634,131634,The Hunger Games: Mockingjay - Part 2,"With the nation of Panem in a full scale war, Katniss confronts President Snow in the final showdown. Teamed with a group of her closest friends – including Gale, Finnick, and Peeta – Katniss goes off on a mission with the unit from District 13 as they risk their lives to stage an assassination attempt on President Snow who has become increasingly obsessed with destroying her. The mortal traps, enemies, and moral choices that await Katniss will challenge her more than any arena she faced in The Hunger Games.",127.284427,6.6,3984,2015-11-18,137.0,,,"[""Action"", ""Adventure"", ""Science Fiction""]","[""revolution"", ""strong woman"", ""dystopia"", ""game of death"", ""3d"", ""based on young adult novel""]",[]
135137,257344,257344,Pixels,Video game experts are recruited by the military to fight 1980s-era video game characters who've attacked New York.,140.849495,5.6,2513,2015-07-16,105.0,,,"[""Action"", ""Comedy"", ""Science Fiction""]","[""video game"", ""nerd"", ""alien attack"", ""3d"", ""pixels""]",[]
135518,238615,238615,Self/less,An extremely wealthy elderly man dying from cancer undergoes a radical medical procedure that transfers his consciousness to the body of a healthy young man but everything may not be as good as it seems when he starts to uncover the mystery of the body's origins and the secret organization that will kill to keep its secrets.,66.097437,6.3,1091,2015-07-10,116.0,,,"[""Science Fiction"", ""Mystery"", ""Thriller""]","[""lie"", ""immortality"", ""terminal illness"", ""laboratory"", ""cancer"", ""doctor"", ""body-swap"", ""death"", ""rich"", ""false memory"", ""soul transference"", ""rich man"", ""mind transfer"", ""host body"", ""body snatching"", ""eternal""]",[]
135532,274854,274854,The Last Witch Hunter,"The modern world holds many secrets, but by far the most astounding is that witches still live among us; vicious supernatural creatures intent on unleashing the Black Death upon the world and putting an end to the human race once and for all. Armies of witch hunters have battled this unnatural enemy for centuries, including Kaulder, a valiant warrior who many years ago slayed the all-powerful Witch Queen, decimating her followers in the process. In the moments right before her death, the Queen cursed Kaulder with immortality, forever separating him from his beloved wife and daughter. Today, Kaulder is the last living hunter who has spent his immortal life tracking down rogue witches, all the while yearning for his long-lost family.",52.612025,5.7,1316,2015-10-21,106.0,,,"[""Fantasy"", ""Action"", ""Adventure""]","[""new york"", ""witch"", ""uprising"", ""witch hunter""]",[]
135536,297761,297761,Suicide Squad,"From DC Comics comes the Suicide Squad, an antihero team of incarcerated supervillains who act as deniable assets for the United States government, undertaking high-risk black ops missions in exchange for commuted prison sentences.",90.23792,5.9,7458,2016-08-02,123.0,,,"[""Action"", ""Adventure"", ""Crime"", ""Fantasy"", ""Science Fiction""]","[""dc comics"", ""shared universe"", ""anti hero"", ""secret mission"", ""villain"", ""superhero"", ""supervillain"", ""dc extended universe""]",[]
135567,47933,47933,Independence Day: Resurgence,"We always knew they were coming back. Using recovered alien technology, the nations of Earth have collaborated on an immense defense program to protect the planet. But nothing can prepare us for the aliens’ advanced and unprecedented force. Only the ingenuity of a few brave men and women can bring our world back from the brink of extinction.",48.775723,4.9,2491,2016-06-22,120.0,,,"[""Action"", ""Adventure"", ""Science Fiction""]","[""alternate history"", ""alien invasion""]",[]
135569,188927,188927,Star Trek Beyond,"The USS Enterprise crew explores the furthest reaches of uncharted space, where they encounter a mysterious new enemy who puts them and everything the Federation stands for to the test.",65.352913,6.6,2568,2016-07-07,122.0,,,"[""Action"", ""Adventure"", ""Science Fiction""]","[""sequel"", ""stranded"", ""hatred"", ""space opera""]",[]
135861,214756,214756,Ted 2,"Newlywed couple Ted and Tami-Lynn want to have a baby, but in order to qualify to be a parent, Ted will have to prove he's a person in a court of law.",68.734513,6.2,2463,2015-06-25,115.0,,,"[""Comedy""]","[""sperm bank"", ""sequel"", ""buddy"", ""courthouse"", ""teddy bear"", ""aftercreditsstinger"", ""toy comes to life"", ""married""]",[]
135887,211672,211672,Minions,"Minions Stuart, Kevin and Bob are recruited by Scarlet Overkill, a super-villain who, alongside her inventor husband Herb, hatches a plot to take over the world.",875.581305,6.4,4571,2015-06-17,91.0,,,"[""Family"", ""Animation"", ""Adventure"", ""Comedy""]","[""assistant"", ""aftercreditsstinger"", ""duringcreditsstinger"", ""evil mastermind"", ""minions"", ""3d""]",[]
136016,105864,105864,The Good Dinosaur,An epic journey into the world of dinosaurs where an Apatosaurus named Arlo makes an unlikely human friend.,51.692953,6.6,1736,2015-11-14,93.0,,,"[""Adventure"", ""Animation"", ""Family""]","[""tyrannosaurus rex"", ""friends"", ""alternate history"", ""dinosaur"", ""fear"", ""storm"", ""nature"", ""human"", ""journey""]",[]
136020,206647,206647,Spectre,"A cryptic message from Bond’s past sends him on a trail to uncover a sinister organization. While M battles political forces to keep the secret service alive, Bond peels back the layers of deceit to reveal the terrible truth behind SPECTRE.",107.376788,6.3,4466,2015-10-26,148.0,,,"[""Action"", ""Adventure"", ""Crime""]","[""spy"", ""based on novel"", ""secret agent"", ""sequel"", ""mi6"", ""british secret service"", ""united kingdom""]",[]
136562,321697,321697,Steve Jobs,"Set backstage at three iconic product launches and ending in 1998 with the unveiling of the iMac, Steve Jobs takes us behind the scenes of the digital revolution to paint an intimate portrait of the brilliant man at its epicenter.",53.670525,6.8,1573,2015-10-09,122.0,,,"[""Drama"", ""History""]","[""biography"", ""computer"", ""father daughter relationship"", ""apple computer"", ""steve jobs"", ""based on true events""]",[]
136864,209112,209112,Batman v Superman: Dawn of Justice,"Fearing the actions of a god-like Super Hero left unchecked, Gotham City’s own formidable, forceful vigilante takes on Metropolis’s most revered, modern-day savior, while the world wrestles with what sort of hero it really needs. And with Batman and Superman at war with one another, a new threat quickly arises, putting mankind in greater danger than it’s ever known before.",155.790452,5.7,7004,2016-03-23,151.0,,,"[""Action"", ""Adventure"", ""Fantasy""]","[""dc comics"", ""vigilante"", ""superhero"", ""based on comic book"", ""revenge"", ""super powers"", ""clark kent"", ""bruce wayne"", ""dc extended universe""]",[]
137857,278927,278927,The Jungle Book,"After a threat from the tiger Shere Khan forces him to flee the jungle, a man-cub named Mowgli embarks on a journey of self discovery with the help of panther, Bagheera, and free spirited bear, Baloo.",94.199316,6.7,2892,2016-04-07,106.0,,,"[""Family"", ""Adventure"", ""Drama"", ""Fantasy""]","[""based on novel"", ""snake"", ""wolf"", ""elephant"", ""tiger"", ""feral child"", ""panther"", ""remake"", ""bear"", ""jungle"", ""talking animal"", ""orphan"", ""animal"", ""talking to animals""]",[]
138036,203801,203801,The Man from U.N.C.L.E.,"At the height of the Cold War, a mysterious criminal organization plans to use nuclear weapons and technology to upset the fragile balance of power between the United States and Soviet Union. CIA agent Napoleon Solo and KGB agent Illya Kuryakin are forced to put aside their hostilities and work together to stop the evildoers in their tracks. The duo's only lead is the daughter of a missing German scientist, whom they must find soon to prevent a global catastrophe.",48.744209,7.1,2265,2015-08-13,116.0,,,"[""Comedy"", ""Action"", ""Adventure""]","[""spy"", ""cold war"", ""remake"", ""based on tv series"", ""buddy cop"", ""russian spy"", ""american spy""]",[]
139385,281957,281957,The Revenant,"In the 1820s, a frontiersman, Hugh Glass, sets out on a path of vengeance against those who left him for dead after a bear mauling.",100.635882,7.3,6396,2015-12-25,156.0,,,"[""Western"", ""Drama"", ""Adventure"", ""Thriller""]","[""father son relationship"", ""rape"", ""based on novel"", ""mountains"", ""winter"", ""grizzly bear"", ""wilderness"", ""frontier"", ""revenge"", ""murder"", ""native american"", ""survival"", ""bear"", ""snow"", ""violence"", ""animal death"", ""bear attack"", ""death of son"", ""based on true events"", ""fur trapper""]",[]
139642,307081,307081,Southpaw,"Billy ""The Great"" Hope, the reigning junior middleweight boxing champion, has an impressive career, a loving wife and daughter, and a lavish lifestyle. However, when tragedy strikes, Billy hits rock bottom, losing his family, his house and his manager. He soon finds an unlikely savior in Tick Willis, a former fighter who trains the city's toughest amateur boxers. With his future on the line, Hope fights to reclaim the trust of those he loves the most.",65.364452,7.3,2067,2015-06-15,123.0,,,"[""Action"", ""Drama""]","[""sport""]",[]
139644,273481,273481,Sicario,"A young female FBI agent joins a secret CIA operation to take down a Mexican cartel boss, a job that ends up pushing her ethical and moral values to the limit.",55.424027,7.2,2416,2015-09-17,121.0,,,"[""Action"", ""Crime"", ""Drama"", ""Mystery"", ""Thriller""]","[""mexico"", ""cia"", ""smoking"", ""texas"", ""fbi"", ""murder"", ""dirty cop"", ""soccer"", ""drug"", ""fbi agent"", ""night vision"", ""death of daughter"", ""tunnel"", ""el paso"", ""moral dilemma"", ""death of wife"", ""mexican cartel""]",[]
140110,257211,257211,The Intern,"70-year-old widower Ben Whittaker has discovered that retirement isn't all it's cracked up to be. Seizing an opportunity to get back in the game, he becomes a senior intern at an online fashion site, founded and run by Jules Ostin.",53.114573,7.1,1881,2015-09-24,121.0,,,"[""Comedy""]","[""intern"", ""woman director""]",[]
140174,264644,264644,Room,Jack is a young boy of 5 years old who has lived all his life in one room. He believes everything within it are the only real things in the world. But what will happen when his Ma suddenly tells him that there are other things outside of Room?,66.11334,8.1,2757,2015-10-16,117.0,,,"[""Drama"", ""Thriller""]","[""based on novel"", ""carpet"", ""isolation"", ""kidnapping"", ""imprisonment"", ""grandparents"", ""escape"", ""hospital"", ""dog"", ""captive"", ""mother son relationship"", ""shed"", ""skylight""]",[]
140267,310131,310131,The Witch,"New England in the 1630s: William and Katherine lead a devout Christian life with five children, homesteading on the edge of an impassable wilderness. When their newborn son vanishes and crops fail, the family turns on one another. Beyond their worst fears, a supernatural evil lurks in the nearby wood.",50.319662,6.3,1434,2016-02-19,92.0,,,"[""Mystery"", ""Horror""]","[""witch"", ""new england"", ""17th century""]",[]
140715,277216,277216,Straight Outta Compton,"In 1987, five young men, using brutally honest rhymes and hardcore beats, put their frustration and anger about life in the most dangerous place in America into the most powerful weapon they had: their music.  Taking us back to where it all began, Straight Outta Compton tells the true story of how these cultural rebels—armed only with their lyrics, swagger, bravado and raw talent—stood up to the authorities that meant to keep them down and formed the world’s most dangerous group, N.W.A.  And as they spoke the truth that no one had before and exposed life in the hood, their voice ignited a social revolution that is still reverberating today.",61.76233,7.7,1355,2015-08-13,147.0,,,"[""Drama"", ""Music""]","[""brother brother relationship"", ""aids"", ""police brutality"", ""rap music"", ""hip-hop"", ""wife husband relationship"", ""vandalism"", ""drug dealer"", ""nightclub"", ""freedom of speech"", ""protest"", ""rapper"", ""recording contract"", ""from rags to riches"", ""assault"", ""terminal illness"", ""road trip"", ""based on true story"", ""feud"", ""gang"", ""marijuana"", ""police chase"", ""hospital"", ""racism"", ""los angeles"", ""gangster"", ""racial slur"", ""mother son relationship"", ""no opening credits"", ""wrongful arrest"", ""death of brother"", ""milwaukee wisconsin"", ""police raid"", ""police harassment"", ""detroit michigan"", ""duringcreditsstinger"", ""gangster rap"", ""record company"", ""1980s"", ""music tour"", ""reference to rodney king"", ""intimidation by police"", ""los angeles riots"", ""compton california""]",[]
142448,253412,253412,Everest,"Inspired by the incredible events surrounding a treacherous attempt to reach the summit of the world's highest mountain, ""Everest"" documents the awe-inspiring journey of two different expeditions challenged beyond their limits by one of the fiercest snowstorms ever encountered by mankind. Their mettle tested by the harshest of elements found on the planet, the climbers will face nearly impossible obstacles as a lifelong obsession becomes a breathtaking struggle for survival.",60.246978,6.7,1772,2015-09-10,121.0,,,"[""Adventure"", ""Drama""]","[""mountains"", ""snow storm"", ""hiking"", ""climbing"", ""snow"", ""death"", ""blizzard"", ""mountain climbing"", ""based on true events"", ""mount everest"", ""3d""]",[]
142997,159824,159824,Hotel Transylvania 2,"When the old-old-old-fashioned vampire Vlad arrives at the hotel for an impromptu family get-together, Hotel Transylvania is in for a collision of supernatural old-school and modern day cool.",61.692197,6.7,1497,2015-09-21,89.0,,,"[""Animation"", ""Comedy"", ""Family""]","[""transylvania"", ""hotel"", ""witch"", ""technology"", ""magic"", ""mummy"", ""dracula"", ""skeleton"", ""only child"", ""backpacker"", ""marriage"", ""frankenstein"", ""wolfman"", ""zombie"", ""moving out"", ""invisible man"", ""new life""]",[]
143385,296098,296098,Bridge of Spies,"During the Cold War, the Soviet Union captures U.S. pilot Francis Gary Powers after shooting down his U-2 spy plane. Sentenced to 10 years in prison, Powers' only hope is New York lawyer James Donovan, recruited by a CIA operative to negotiate his release. Donovan boards a plane to Berlin, hoping to win the young man's freedom through a prisoner exchange. If all goes well, the Russians would get Rudolf Abel, the convicted spy who Donovan defended in court.",48.445978,7.2,2583,2015-10-15,141.0,,,"[""Thriller"", ""Drama""]","[""spy"", ""cia"", ""cold war"", ""soviet union"", ""pilot"", ""lawyer"", ""american""]",[]
146656,312221,312221,Creed,"The former World Heavyweight Champion Rocky Balboa serves as a trainer and mentor to Adonis Johnson, the son of his late friend and former rival Apollo Creed.",57.773583,7.3,1915,2015-11-25,133.0,,,"[""Drama""]","[""underdog"", ""sport"", ""spin off"", ""underground fighting"", ""motivational speaker"", ""boxing""]",[]
148172,299687,299687,The 5th Wave,16-year-old Cassie Sullivan tries to survive in a world devastated by the waves of an alien invasion that has already decimated the population and knocked mankind back to the Stone Age.,57.889964,5.6,1945,2016-01-14,112.0,,,"[""Adventure"", ""Science Fiction""]","[""based on novel"", ""dystopia"", ""alien"", ""alien invasion"", ""human subjugation"", ""environmental disaster"", ""based on young adult novel""]",[]
148626,318846,318846,The Big Short,The men who made millions from a global economic meltdown.,57.518472,7.3,2607,2015-12-11,130.0,,,"[""Comedy"", ""Drama""]","[""bank"", ""fraud"", ""biography"", ""wall street"", ""finances"", ""based on true story"", ""animated sequence"", ""breaking the fourth wall"", ""loan"", ""financial crisis"", ""real estate"", ""mortgage""]",[]
149406,140300,140300,Kung Fu Panda 3,"Continuing his ""legendary adventures of awesomeness"", Po must face two hugely epic, but different threats: one supernatural and the other a little closer to his home.",56.747978,6.7,1603,2016-01-23,95.0,,,"[""Action"", ""Adventure"", ""Animation"", ""Comedy"", ""Family""]","[""china"", ""martial arts"", ""kung fu"", ""village"", ""panda"", ""sequel"", ""talking animal"", ""anthropomorphism"", ""dragon"", ""ancient china"", ""wuxia"", ""woman director""]",[]
151739,291870,291870,Dirty Grandpa,"Jason Kelly is one week away from marrying his boss's uber-controlling daughter, putting him on the fast track for a partnership at the law firm. However, when the straight-laced Jason is tricked into driving his foul-mouthed grandfather, Dick, to Daytona for spring break, his pending nuptials are suddenly in jeopardy. Between riotous frat parties, bar fights, and an epic night of karaoke, Dick is on a quest to live his life to the fullest and bring Jason along for the ride.",56.805781,5.7,1406,2016-01-21,102.0,,,"[""Comedy""]","[""grandfather grandson relationship"", ""grandfather"", ""road trip"", ""wedding"", ""retired"", ""pervert"", ""army general"", ""sex comedy""]",[]
152063,205584,205584,Gods of Egypt,A common thief joins a mythical god on a quest through Egypt.,56.257249,5.3,1277,2016-02-25,127.0,,,"[""Fantasy""]","[""egypt"", ""underworld"", ""fight"", ""mythology"", ""nile"", ""war"", ""thief"", ""rescue"", ""desert"", ""gods"", ""egyptian mythology"", ""egyptian"", ""myth""]",[]
152077,333371,333371,10 Cloverfield Lane,"After a car accident, Michelle awakens to find herself in a mysterious bunker with two men named Howard and Emmett. Howard offers her a pair of crutches to help her remain mobile with her leg injury sustained from the car crash and tells her to ""get good on those"" before leaving the bunker. She has been given the information that there has been an alien attack and the outside world is poisoned. However, Howard and Emmett's intentions soon become questionable and Michelle is faced with a question: Is it better in here or out there?",53.698683,6.8,2468,2016-03-10,103.0,,,"[""Thriller"", ""Science Fiction"", ""Drama""]","[""kidnapping"", ""bunker"", ""paranoia"", ""basement"", ""survivalist"", ""apocalypse"", ""car accident"", ""captive""]",[]
152079,267860,267860,London Has Fallen,"In London for the Prime Minister's funeral, Mike Banning discovers a plot to assassinate all the attending world leaders.",61.849521,5.8,1621,2016-03-02,99.0,,,"[""Action"", ""Crime"", ""Thriller""]","[""london england"", ""terrorist"", ""terrorist attack""]",[]
156607,290595,290595,The Huntsman: Winter's War,"As two evil sisters prepare to conquer the land, two renegades—Eric the Huntsman, who aided Snow White in defeating Ravenna in Snowwhite and the Huntsman, and his forbidden lover, Sara—set out to stop them.",60.467984,6.0,1523,2016-04-06,114.0,,,"[""Action"", ""Adventure"", ""Drama""]","[""witch"", ""magic"", ""fairy tale"", ""snow white"", ""huntsman""]",[]
156609,325133,325133,Neighbors 2: Sorority Rising,A sorority moves in next door to the home of Mac and Kelly Radner who have a young child. The Radner's enlist their former nemeses from the fraternity to help battle the raucous sisters.,50.179171,5.6,1462,2016-05-04,91.0,,,"[""Comedy""]","[""alcohol"", ""college"", ""party"", ""sequel"", ""sorority"", ""neighbor"", ""family"", ""fraternity"", ""bathroom humor""]",[]
158528,332567,332567,The Shallows,"An injured surfer stranded on a buoy needs to get back to shore, but the great white shark stalking her might have other ideas.",60.829621,6.2,1567,2016-06-24,86.0,,,"[""Horror"", ""Drama"", ""Thriller""]","[""mexico"", ""beach"", ""surfer"", ""island"", ""survival"", ""young woman"", ""shark"", ""great white shark"", ""trapped"", ""animal attack"", ""animal horror"", ""prey""]",[]
158813,241259,241259,Alice Through the Looking Glass,"In the sequel to Tim Burton's ""Alice in Wonderland"", Alice Kingsleigh returns to Underland and faces a new adventure in saving the Mad Hatter.",56.268916,6.5,1725,2016-05-25,113.0,,,"[""Fantasy""]","[""based on novel"", ""clock"", ""queen"", ""sequel"", ""alice in wonderland"", ""dark fantasy"", ""mad hatter"", ""3d""]",[]
158872,223702,223702,Sausage Party,"Sausage Party, the first R-rated CG animated movie, is about one sausage leading a group of supermarket products on a quest to discover the truth about their existence and what really happens when they become chosen to leave the grocery store.",66.242737,5.6,2238,2016-07-11,83.0,,,"[""Adventure"", ""Animation"", ""Comedy"", ""Fantasy""]","[""supermarket"", ""party"", ""sausage"", ""food"", ""anthropomorphism"", ""sex scene"", ""musical number"", ""adult animation"", ""grocery store"", ""gum""]",[]
159093,291805,291805,Now You See Me 2,"One year after outwitting the FBI and winning the public’s adulation with their mind-bending spectacles, the Four Horsemen resurface only to find themselves face to face with a new enemy who enlists them to pull off their most dangerous heist yet.",51.535701,6.7,3235,2016-06-02,129.0,,,"[""Action"", ""Adventure"", ""Comedy"", ""Crime"", ""Mystery"", ""Thriller""]","[""london england"", ""china"", ""magic"", ""secret society"", ""vigilante"", ""sequel"", ""revenge"", ""heist"", ""on the run"", ""macau china"", ""magician""]",[]
159858,259693,259693,The Conjuring 2,Lorraine and Ed Warren travel to north London to help a single mother raising four children alone in a house plagued by malicious spirits.,68.794673,7.0,1949,2016-05-13,134.0,,,"[""Horror""]","[""london england"", ""england"", ""1970s"", ""spirit"", ""single mother"", ""demon"", ""paranormal investigation"", ""demonic possession"", ""valak"", ""annabelle""]",[]
160080,43074,43074,Ghostbusters,"Following a ghost invasion of Manhattan, paranormal enthusiasts Erin Gilbert and Abby Yates, nuclear engineer Jillian Holtzmann, and subway worker Patty Tolan band together to stop the otherworldly threat.",66.21806,5.3,2142,2016-07-14,116.0,,,"[""Action"", ""Fantasy"", ""Comedy""]","[""female friendship"", ""ghost hunting"", ""reboot"", ""ghost""]",[]
160438,324668,324668,Jason Bourne,The most dangerous former operative of the CIA is drawn out of hiding to uncover hidden truths about his past.,62.641286,5.9,2341,2016-07-27,123.0,,,"[""Action"", ""Thriller""]","[""assassin"", ""amnesia"", ""flashback""]",[]
160565,316727,316727,The Purge: Election Year,"Two years after choosing not to kill the man who killed his son, former police sergeant Leo Barnes has become head of security for Senator Charlene Roan, the front runner in the next Presidential election due to her vow to eliminate the Purge. On the night of what should be the final Purge, a betrayal from within the government forces Barnes and Roan out onto the street where they must fight to survive the night.",53.727146,6.1,1306,2016-06-29,105.0,,,"[""Action"", ""Horror"", ""Thriller""]","[""dystopia"", ""sequel"", ""legalized murder""]",[]
160571,345911,345911,Lights Out,"When Rebecca left home, she thought she left her childhood fears behind. Growing up, she was never really sure of what was and wasn’t real when the lights went out…and now her little brother, Martin, is experiencing the same unexplained and terrifying events that had once tested her sanity and threatened her safety. A frightening entity with a mysterious attachment to their mother, Sophie, has reemerged.",48.170508,6.3,1129,2016-07-21,81.0,,,"[""Horror"", ""Thriller""]","[""suicide"", ""darkness"", ""basement"", ""based on short story"", ""fear of the dark"", ""ghost""]",[]
160954,328387,328387,Nerve,"Industrious high school senior, Vee Delmonico, has had it with living life on the sidelines. When pressured by friends to join the popular online game Nerve, Vee decides to sign up for just one dare in what seems like harmless fun. But as she finds herself caught up in the thrill of the adrenaline-fueled competition partnered with a mysterious stranger, the game begins to take a sinister turn with increasingly dangerous acts, leading her into a high stakes finale that will determine her entire future.",62.933899,7.1,2181,2016-07-27,96.0,,,"[""Mystery"", ""Adventure"", ""Crime""]","[""based on novel"", ""technology"", ""internet"", ""hacking"", ""teenager"", ""new york city"", ""game"", ""adaptation"", ""dare"", ""cellphone video"", ""based on young adult novel"", ""smartphone"", ""taking a risk""]",[]
