userId,movieId,rating,timestamp
1,1,4.0,964982703
1,47,5.0,964983815
1,50,5.0,964982931
1,70,3.0,964982400
1,110,4.0,964982176
1,260,5.0,964981680
1,296,3.0,964982967
1,356,4.0,964980962
1,367,4.0,964981710
1,457,5.0,964981909
1,527,5.0,964984002
1,648,3.0,964982563
1,733,4.0,964982400
1,780,3.0,964984086
1,919,5.0,964982475
1,1089,5.0,964982951
1,1090,4.0,964984018
1,1097,5.0,964981680
1,1136,5.0,964981327
1,1196,5.0,964981827
1,1198,5.0,964981827
1,1208,4.0,964983250
1,1213,5.0,964982951
1,1214,4.0,964981855
1,1219,2.0,964983393
1,1240,5.0,964983723
1,1258,3.0,964983414
1,1265,4.0,964983599
1,1270,5.0,964983705
1,1291,5.0,964981909
1,1377,3.0,964982653
1,1580,3.0,964981125
1,1625,5.0,964983504
1,1676,3.0,964982620
1,1732,5.0,964981125
1,1954,5.0,964982176
1,2028,4.0,964981888
1,2115,5.0,964982529
1,2161,5.0,964981710
1,2174,4.0,964981680
1,2329,5.0,964983263
1,2571,5.0,964981888
1,2628,4.0,964980523
1,2640,4.0,964982377
1,2761,5.0,964982703
1,2858,5.0,964980868
1,2947,5.0,964982176
1,2949,5.0,964981888
1,2959,5.0,964983282
1,3147,5.0,964983873
1,3527,4.0,964982271
1,3578,5.0,964980668
2,318,3.0,1445714835
2,3578,4.0,1445714885
2,6874,4.0,1445714952
2,48516,4.0,1445715064
2,58559,4.5,1445715141
2,68157,4.5,1445715154
2,71535,3.0,1445714974
2,74458,4.0,1445714926
2,79132,4.0,1445714841
2,89774,5.0,1445715189
2,91529,3.5,1445714891
2,99114,3.5,1445714874
2,106782,5.0,1445714966
2,109487,3.0,1445715145
2,112552,4.0,1445714882
2,115713,3.5,1445714854
2,122882,5.0,1445715272
3,527,0.5,1306464275
3,2288,4.0,1306463631
4,47,2.0,945173425
4,260,5.0,945079259
4,296,1.0,945173350
4,457,5.0,945079259
4,588,4.0,945079670
4,648,3.0,945079906
4,919,5.0,945079521
4,920,5.0,945173602
4,1136,5.0,986934625
4,1196,5.0,964538763
4,1198,3.0,964538728
4,1203,5.0,945174025
4,1213,4.0,945079729
4,1219,4.0,964539961
4,1259,4.0,964538728
4,1265,4.0,964622684
4,1291,4.0,964538763
4,1580,3.0,986935244
4,1732,4.0,945079889
4,1907,3.0,964540505
4,1923,3.0,986934870
4,2174,5.0,964539855
4,2571,1.0,945173385
4,2628,1.0,986848894
4,2762,4.0,964539986
4,2858,5.0,964539140
4,2959,2.0,945078528
4,4226,2.0,1007569424
4,4308,1.0,1007569465
4,4896,4.0,1007574532
5,1,4.0,847434962
5,50,4.0,847434881
5,110,4.0,847434880
5,150,3.0,847434748
5,153,3.0,847434802
5,253,3.0,847435292
5,296,5.0,847434748
5,318,3.0,847434880
5,364,3.0,847434882
5,367,4.0,847435129
5,457,4.0,847434801
5,527,5.0,847434960
5,588,4.0,847434801
5,589,3.0,847435258
5,594,5.0,847435238
6,10,3.0,845553253
6,47,4.0,845553317
6,50,1.0,845553381
6,110,5.0,845553283
6,150,4.0,845553110
6,153,3.0,845553146
6,165,3.0,845553146
6,253,3.0,845553283
6,296,2.0,845553110
6,318,5.0,845553200
6,356,5.0,845553200
6,364,5.0,845553317
6,367,4.0,845553317
6,377,5.0,845553317
6,457,5.0,845553174
6,527,3.0,845553426
6,588,5.0,845553146
6,589,3.0,845553317
6,594,4.0,845553819
6,780,5.0,845556915
7,1,4.5,1106635946
7,50,4.5,1106635993
7,150,4.5,1106635925
7,165,4.0,1106635987
7,260,5.0,1106635933
7,356,5.0,1106635915
7,588,3.0,1106635971
7,589,2.5,1106635940
7,648,4.0,1106635981
7,780,4.5,1106635943
7,920,3.0,1106635685
7,924,4.0,1106712615
7,1101,4.0,1106635502
7,1196,4.0,1106635996
7,1208,4.0,1106635462
7,1219,5.0,1106635496
7,1240,5.0,1106712575
7,1246,1.5,1106635678
7,1270,5.0,1106635681
7,1584,5.0,1106635423
7,1682,3.0,1106635653
7,1917,4.0,1106635484
7,1923,1.5,1106635444
7,1954,4.5,1106635657
7,2628,1.5,1106712553
7,2640,3.0,1106635540
7,2762,4.5,1106635648
7,2858,4.0,1106712546
7,3114,4.5,1106635500
7,3578,1.5,1106636534
7,3623,1.0,1106712541
7,4306,4.0,1106635524
7,4643,1.0,1106635749
7,4886,4.0,1106636531
7,4896,4.0,1106636718
7,4963,4.0,1106636702
7,4993,4.5,1106636589
7,4995,4.5,1106636610
7,5218,3.5,1106712866
7,5349,3.5,1106636606
7,5445,4.0,1106636707
7,5459,3.0,1106712820
7,5464,3.0,1106636612
7,5618,5.0,1106713586
7,5816,4.5,1106635705
7,5952,4.5,1106636527
7,5989,4.0,1106636600
7,6365,4.0,1106712831
7,6539,4.5,1106636584
7,6934,2.0,1106712812
7,7143,4.5,1106636579
7,7153,4.0,1106636520
7,8368,2.5,1106636592
7,8665,3.5,1108602755
7,8957,4.0,1106636098
7,8961,4.0,1106636064
7,8972,2.5,1111552650
7,8984,4.0,1106636101
7,32587,3.5,1128486479
7,33794,2.0,1121041002
7,34048,3.0,1121041015
7,45517,4.5,1157066190
7,46530,1.0,1157949732
7,48516,1.0,1169687318
7,49272,4.5,1165876367
8,10,2.0,839463509
8,47,4.0,839463546
8,50,5.0,839463644
8,110,3.0,839463527
8,150,4.0,839463422
8,153,2.0,839463451
8,253,5.0,839463509
8,296,4.0,839463422
8,318,5.0,839463489
8,356,3.0,839463527
8,364,5.0,839463546
8,367,3.0,839463564
8,377,4.0,839463644
8,457,3.0,839463489
8,527,5.0,839463728
9,1198,5.0,1044656716
9,1270,5.0,1044657088
9,2023,3.0,1044656650
9,4993,5.0,1044657051
9,5218,4.0,1044656811
9,5445,4.0,1044656792
9,5872,3.0,1044656962
9,5952,5.0,1044656908
10,296,1.0,1455303387
10,356,3.5,1455301685
10,588,4.0,1455306173
10,1028,0.5,1455306152
10,1907,4.0,1455306183
10,2571,0.5,1455356378
10,2762,0.5,1455356388
10,2858,1.0,1455356578
10,2959,0.5,1455356582
10,3578,4.0,1455356591
10,4306,4.5,1455356595
10,4993,4.0,1455356385
10,4995,4.0,1455301798
10,5952,4.0,1455356588
10,6377,3.5,1455306101
10,7153,4.0,1455356347
10,7293,3.5,1455402085
10,7458,5.0,1455356656
10,8529,3.5,1455398107
10,8533,5.0,1455301847
10,8665,3.5,1455356327
10,8961,2.5,1455302401
10,33794,5.0,1455302031
10,47099,3.0,1455401876
10,49272,5.0,1455302162
10,51662,3.0,1455356357
10,58559,4.5,1455302113
10,63113,3.5,1455302183
10,63992,4.5,1455356863
10,68954,4.0,1455304158
10,69844,3.0,1455399200
10,72407,3.0,1455356987
10,72737,3.5,1455398131
10,72998,2.5,1455356351
10,73017,3.0,1455356691
10,78772,3.0,1455356988
10,79091,5.0,1455306124
10,81845,5.0,1455302591
10,81847,3.5,1455399313
10,87222,3.5,1455306257
10,91529,5.0,1455302120
10,95167,4.0,1455398177
10,95510,3.0,1455398127
10,95543,3.5,1455399376
10,96079,5.0,1455302172
10,97938,1.0,1455398105
10,98203,3.0,1455356994
10,103335,4.0,1455398111
10,104374,4.0,1455357653
10,106489,3.5,1455357076
10,106696,4.5,1455306204
10,106782,1.0,1455398089
10,109374,0.5,1455302315
10,109487,0.5,1455398092
10,136020,5.0,1455302192
10,140110,5.0,1455356776
11,10,3.0,902154316
11,110,5.0,902154266
11,150,5.0,902154266
11,153,3.0,902154593
11,165,3.0,902154567
11,318,4.0,902155070
11,356,5.0,901200263
11,377,3.0,902154431
11,457,5.0,902154316
11,589,4.0,902154266
11,648,4.0,902154514
11,733,4.0,902154431
11,780,4.0,902154487
11,1101,5.0,901200233
11,1370,3.0,902154383
11,1584,5.0,902155136
11,1721,5.0,902154989
11,1917,4.0,901200037
11,1923,4.0,904510428
11,2028,5.0,902153951
12,920,4.5,1247264114
12,1265,3.5,1247264118
12,1721,5.0,1247264463
12,2572,5.0,1247263689
12,8533,5.0,1247264151
12,63992,5.0,1247264457
13,47,5.0,987895819
13,1198,5.0,987456848
13,1721,4.0,987456818
13,2174,3.0,987456818
13,2571,5.0,987457007
13,3578,5.0,987895902
13,3717,3.0,987895952
13,4011,5.0,987895651
14,47,5.0,835441133
14,110,5.0,835441107
14,150,4.0,835440977
14,153,2.0,835441012
14,296,3.0,835440978
14,318,3.0,835441042
14,356,4.0,835441239
14,367,1.0,835441210
14,377,3.0,835441328
14,527,3.0,835441371
15,1,2.5,1510577970
15,47,3.5,1510571970
15,260,5.0,1510571946
15,296,4.0,1510571877
15,318,5.0,1510571866
15,356,5.0,1510571873
15,364,3.0,1510577958
15,527,5.0,1510571982
15,588,3.0,1510577985
15,589,5.0,1510572012
15,780,3.5,1510572881
15,858,4.0,1510571941
15,1196,5.0,1510572645
15,1198,4.0,1510571989
15,1200,5.0,1510572775
15,1214,5.0,1510572684
15,1240,4.0,1510572646
15,1265,3.5,1510572001
15,1270,5.0,1510571953
15,1527,3.0,1510572660
15,1653,4.5,1510572798
15,2028,3.5,1510571984
15,2329,4.5,1510572005
15,2571,4.0,1510571744
15,2762,3.0,1510571764
15,2858,4.0,1510571751
15,2959,2.5,1510571747
15,3147,5.0,1510571797
15,3578,5.0,1510571768
15,4022,3.5,1510572048
15,4226,1.5,1510571774
15,4306,3.0,1510577965
15,4886,3.5,1510577956
15,4993,3.5,1510571754
15,4995,5.0,1510571789
15,5445,4.0,1510571793
15,5618,3.0,1510578001
15,5952,3.5,1510571759
15,5989,5.0,1510571938
15,6377,3.0,1510577979
15,6874,3.0,1510572077
15,7254,3.5,1510572802
15,7438,3.0,1510572163
15,8644,3.5,1510572823
15,8961,2.5,1510577973
15,48780,4.5,1510572075
15,50872,3.0,1510577962
15,56174,3.5,1510572810
15,58559,2.0,1510571886
15,59315,2.0,1510572096
15,60069,3.5,1510577951
15,64614,4.0,1510572137
15,68954,3.5,1510577953
15,70286,3.5,1510572656
15,71057,4.0,1510578034
15,72998,3.0,1510572052
15,79132,3.5,1510571930
15,85414,3.5,1510572833
15,89745,2.0,1510572842
15,91500,3.0,1510573214
15,91529,2.0,1510571987
15,94864,3.0,1510572894
15,97938,4.0,1510572473
15,99114,1.0,1510571958
15,101864,4.0,1510572902
15,103249,3.5,1510573234
15,104841,4.5,1510572095
15,105504,4.0,1510572616
15,109374,2.0,1510572056
15,109487,4.0,1510571878
15,110102,1.5,1510573153
15,111759,4.5,1510572026
15,112556,4.5,1510572466
15,112852,1.5,1510571973
15,115713,2.0,1510572009
15,120466,2.5,1510573154
15,122882,2.0,1510572126
15,122904,2.0,1510571949
15,122924,1.0,1510573305
15,134130,4.0,1510571883
15,134853,4.5,1510572481
15,143385,3.0,1510572581
15,152077,5.0,1510572535
15,158872,3.5,1510578028
16,47,3.5,1377477814
16,50,4.0,1377476781
16,111,4.5,1377477446
16,260,3.0,1377476936
16,296,3.0,1377477302
16,318,4.0,1377476766
16,356,3.5,1377477951
16,527,4.0,1377476787
16,541,4.5,1377477340
16,858,2.5,1377476772
16,1089,4.0,1377477608
16,1136,4.0,1377476972
16,1193,4.0,1377476813
16,1196,3.0,1377476993
16,1198,3.5,1377476852
16,1201,3.0,1377477410
16,1203,4.0,1377476856
16,1208,4.0,1377477450
16,1213,3.5,1377476956
16,1214,4.0,1377477839
16,1219,3.0,1377477594
16,2329,3.5,1377477278
16,2571,3.5,1377476921
16,2762,3.5,1377477612
16,2858,3.5,1377476998
16,2959,3.5,1377476874
16,3000,4.0,1377477521
16,4011,3.0,1377477891
16,4226,4.5,1377476925
16,4878,3.5,1377477936
16,4973,4.0,1377476860
16,4993,3.5,1377477289
16,5618,4.5,1377476877
16,5952,3.5,1377477424
16,7153,3.5,1377477293
16,7361,3.5,1377477402
16,27773,4.0,1377477507
16,48394,4.0,1377477809
16,58559,4.5,1377476817
16,60069,4.0,1377477834
16,68954,4.0,1377477654
16,78499,4.5,1377477830
16,79132,3.0,1377476916
16,91529,4.5,1377477940
17,1,4.5,1305696483
17,47,4.0,1307262715
17,50,4.5,1305697013
17,110,4.5,1305696470
17,111,4.0,1326943208
17,150,3.5,1305696497
17,260,5.0,1305696468
17,296,5.0,1305696455
17,318,5.0,1305696465
17,356,5.0,1305696457
17,527,4.5,1305696664
17,541,3.5,1322628857
17,589,4.5,1305696475
17,780,4.0,1305696486
17,858,5.0,1305696683
17,1036,4.0,1305696741
17,1089,4.0,1307262280
17,1090,4.5,1322629080
17,1193,4.5,1305696771
17,1196,5.0,1305696635
17,1198,4.5,1305696619
17,1201,5.0,1305696878
17,1209,3.5,1307262267
17,1213,4.5,1305696699
17,1221,4.5,1305696752
17,1240,5.0,1305696931
17,1258,4.0,1322628838
17,1259,4.0,1305696786
17,1270,4.5,1305696846
17,1291,4.0,1305696691
17,1732,5.0,1322629209
17,2028,4.5,1305696726
17,2329,4.5,1305696670
17,2571,5.0,1305696756
17,2762,4.0,1305696835
17,2858,4.0,1322628761
17,2959,4.5,1305696867
17,3147,4.5,1322629233
17,4226,4.0,1305696762
17,4993,4.5,1305696817
17,5618,5.0,1322628751
17,5952,5.0,1305696823
17,7153,4.5,1305696820
17,27773,4.0,1322628790
17,31658,4.5,1322629178
17,33794,4.0,1305696851
17,48394,4.5,1322629142
17,48516,4.0,1305696748
17,58559,4.5,1305696675
17,60069,3.5,1305696839
17,68157,4.0,1305696894
17,68358,4.5,1322629267
17,78499,4.0,1305696624
17,79132,4.5,1305696716
17,80463,4.0,1305696734
17,82459,4.0,1305696644
18,1,3.5,1455209816
18,47,4.5,1455050013
18,50,5.0,1455049343
18,70,3.5,1455735732
18,110,4.5,1455050170
18,111,4.0,1458516249
18,165,4.0,1455209902
18,260,4.0,1455049368
18,296,4.0,1455050745
18,318,5.0,1455049328
18,356,4.5,1455050112
18,364,3.0,1455209887
18,367,2.5,1455618093
18,377,2.5,1455209879
18,457,3.5,1477432493
18,527,4.5,1455050006
18,541,4.0,1456745325
18,588,3.5,1455209912
18,589,4.5,1455209793
18,648,3.0,1455209873
18,778,4.5,1455050179
18,780,4.0,1455209824
18,858,4.0,1455050024
18,919,4.0,1455748544
18,924,4.0,1458516291
18,1036,4.0,1455618103
18,1089,4.0,1455051391
18,1136,4.5,1455210625
18,1193,4.5,1517686025
18,1196,4.0,1455209805
18,1198,4.0,1455049377
18,1201,5.0,1455051405
18,1203,5.0,1455050107
18,1208,3.5,1455051397
18,1209,5.0,1455050528
18,1213,4.5,1455050000
18,1214,4.0,1455050629
18,1219,4.5,1455050177
18,1221,5.0,1460242083
18,1227,4.5,1485097725
18,1240,4.0,1455618100
18,1246,4.0,1455618445
18,1270,4.0,1455748627
18,1291,4.0,1455059809
18,1370,3.5,1455748921
18,1527,3.5,1455050095
18,1580,3.5,1455748435
18,1625,3.5,1476823531
18,1653,3.5,1455748777
18,1676,3.5,1455735650
18,1682,3.0,1455231395
18,1721,4.0,1455748443
18,1732,4.5,1456958438
18,1917,3.0,1455748548
18,1954,4.0,1455749673
18,1961,4.0,1455050512
18,2028,4.0,1455209855
18,2115,4.0,1455748562
18,2329,4.0,1455209651
18,2571,4.5,1455209654
18,2706,3.5,1455231410
18,2762,4.5,1455209891
18,2953,3.0,1456875367
18,2959,4.5,1455049351
18,3147,4.0,1455231412
18,3578,4.5,1455209857
18,4011,4.5,1456958432
18,4226,4.5,1455231390
18,4262,4.0,1456772015
18,4306,4.0,1455209697
18,4643,3.0,1456395471
18,4886,4.0,1455209685
18,4896,3.5,1456923934
18,4963,4.0,1455209694
18,4973,4.0,1455209683
18,4993,4.5,1455209675
18,4995,4.5,1455209718
18,5218,4.0,1455209763
18,5266,3.5,1455050827
18,5349,4.0,1456923908
18,5418,4.0,1455749029
18,5445,4.0,1455209691
18,5459,2.5,1455050758
18,5464,4.0,1458669462
18,5816,3.5,1456923936
18,5952,3.5,1455209677
18,5989,4.0,1455209729
18,5995,4.5,1455735416
18,6365,3.5,1455750315
18,6373,3.5,1455049753
18,6377,4.0,1455049810
18,6378,3.0,1455049758
18,6539,4.5,1455049808
18,6874,3.5,1455049814
18,6934,3.0,1455750324
18,7153,4.5,1455049801
18,7254,4.5,1455049744
18,7293,3.0,1455050834
18,7361,4.0,1456924036
18,7438,3.5,1455654949
18,8368,3.5,1456923938
18,8644,3.5,1455049735
18,8665,4.0,1455749019
18,8957,3.5,1455050859
18,8961,3.5,1455209724
18,8984,3.0,1455049865
18,27773,3.5,1455050621
18,30793,4.0,1455050800
18,32587,3.5,1455654945
18,33004,3.0,1455050852
18,33615,3.5,1455655026
18,33794,4.5,1455050618
18,44022,3.5,1455749359
18,44191,4.5,1455050089
18,45517,3.5,1455232017
18,45722,4.0,1455049739
18,47200,3.0,1455655111
18,48394,4.0,1455049848
18,48516,4.5,1455049826
18,48780,4.5,1456958431
18,50872,3.5,1455059813
18,51540,4.5,1455821297
18,51662,3.5,1455049725
18,53125,3.5,1455231338
18,53464,2.5,1455655099
18,53972,3.0,1455232038
18,57640,3.5,1455749376
18,58559,4.0,1455049372
18,59315,4.0,1455618310
18,59615,2.5,1455231357
18,59784,4.0,1455749175
18,60040,3.5,1455529605
18,60074,2.5,1455749302
18,60684,3.5,1455749277
18,64614,3.5,1455059693
18,64957,3.5,1455821116
18,68157,3.5,1455059756
18,68358,3.5,1455231723
18,68954,4.0,1455749241
18,69122,3.0,1455529969
18,70286,3.5,1455749255
18,72998,4.0,1455749238
18,73017,4.5,1455749266
18,74458,4.5,1455050015
18,74789,3.5,1455051099
18,77561,4.0,1455051202
18,78499,4.0,1456744760
18,79132,4.5,1455050059
18,79293,3.0,1478366123
18,79695,3.5,1455750029
18,85414,3.5,1478641446
18,86332,3.5,1455051197
18,86880,3.0,1455231363
18,88129,3.0,1455051194
18,88140,4.0,1455051109
18,89745,4.0,1455050365
18,91485,3.5,1489780980
18,91500,4.0,1455051164
18,91529,4.0,1455050185
18,91542,4.0,1455051101
18,95441,2.5,1456750781
18,97752,3.5,1455617979
18,97938,3.0,1455051126
18,98809,4.0,1455051180
18,99114,4.0,1455051144
18,102125,3.5,1457382480
18,102445,4.0,1455051113
18,102903,4.0,1513369638
18,103253,3.5,1478381466
18,104879,3.0,1456770932
18,106072,3.5,1478366140
18,106487,4.0,1455051107
18,106489,3.5,1455051122
18,106782,3.0,1471043729
18,109374,4.0,1455735216
18,109487,4.5,1455050087
18,110102,3.5,1457382469
18,111362,4.0,1455050010
18,111759,3.5,1456744991
18,112183,3.5,1466968168
18,112552,4.5,1455664748
18,112852,4.5,1455618433
18,115713,4.5,1455051411
18,116797,4.5,1455050523
18,116823,3.5,1456910057
18,117176,4.0,1473004722
18,122892,3.5,1457382463
18,122900,4.0,1457382458
18,122904,3.5,1460575806
18,122920,3.0,1468354075
18,122924,4.0,1469816977
18,134130,4.5,1456693665
18,134853,3.5,1469994968
18,135569,3.5,1477849300
18,139385,3.5,1473351954
18,148626,4.0,1484169587
18,159093,3.5,1513378355
18,160438,3.0,1473361651
19,1,4.0,965705637
19,10,2.0,965709556
19,47,3.0,965710720
19,48,1.0,965709172
19,70,2.0,965704974
19,153,2.0,965707889
19,165,3.0,965711413
19,253,3.0,965704952
19,260,4.0,965704248
19,356,2.0,965706045
19,364,3.0,965709102
19,367,4.0,965704281
19,377,4.0,965711156
19,457,4.0,965710781
19,541,4.0,965703555
19,588,3.0,965706337
19,589,5.0,965710720
19,648,3.0,965709656
19,733,3.0,965709534
19,924,3.0,965712377
19,1028,2.0,965706092
19,1089,3.0,965710671
19,1097,5.0,965709282
19,1136,3.0,965705588
19,1193,4.0,965702660
19,1196,4.0,965703555
19,1198,5.0,965709394
19,1200,3.0,965710693
19,1214,4.0,965703555
19,1219,4.0,965704863
19,1240,4.0,965703605
19,1258,2.0,965704863
19,1259,3.0,965705725
19,1265,4.0,965705677
19,1270,4.0,965703583
19,1291,5.0,965709426
19,1377,3.0,965706683
19,1380,3.0,965706839
19,1527,5.0,965703811
19,1562,1.0,965710092
19,1580,2.0,965703698
19,1584,3.0,965703628
19,1625,4.0,965710871
19,1653,4.0,965703628
19,1676,2.0,965709622
19,1732,3.0,965705896
19,1907,3.0,965709025
19,1917,2.0,965703973
19,1923,4.0,965705784
19,2115,3.0,965709534
19,2174,4.0,965704248
19,2355,3.0,965705896
19,2571,4.0,965703605
19,2572,3.0,965706365
19,2628,3.0,965703756
19,2640,3.0,965703674
19,2706,3.0,965706636
19,2762,4.0,965710565
19,2858,4.0,965702994
19,2953,3.0,965708360
19,2959,5.0,965703109
19,3114,2.0,965705725
19,3471,4.0,965703583
19,3578,3.0,965703221
19,3623,2.0,965702805
19,3717,2.0,965702842
20,48,5.0,1054038357
20,364,5.0,1054038067
20,588,5.0,1054038059
20,594,5.0,1054038083
20,919,5.0,1054038078
20,1028,4.5,1054038076
20,1097,5.0,1054038065
20,1380,5.0,1054147442
20,1907,5.0,1054038097
20,2161,4.5,1054038165
20,2355,4.0,1054038063
20,2761,4.5,1054038106
20,3114,5.0,1054038084
20,3578,4.5,1054037169
20,3623,3.0,1054147285
20,4016,4.5,1054037249
20,4022,3.5,1054036206
20,4226,3.5,1054037196
20,4306,5.0,1054037117
20,4308,3.5,1054037213
20,4366,1.5,1054038539
20,4643,3.0,1054147258
20,4776,3.5,1054037390
20,4886,4.0,1054037089
20,4896,4.5,1054037243
20,4993,5.0,1054037162
20,4995,5.0,1054037101
20,5218,5.0,1054037258
20,5254,3.0,1054147243
20,5349,3.0,1054037241
20,5418,3.0,1054037279
20,5445,4.5,1054037115
20,5618,5.0,1054037190
20,5816,4.5,1054037077
20,5952,5.0,1054037144
20,5989,4.5,1054037112
20,6365,4.0,1054147167
21,1,3.5,1407618878
21,10,5.0,1403459783
21,48,3.0,1376822924
21,165,3.5,1418846918
21,260,4.5,1417378080
21,296,3.5,1500701533
21,356,4.5,1407617845
21,364,4.0,1418063557
21,367,3.0,1407617838
21,541,3.5,1452052129
21,588,4.0,1407618992
21,589,3.5,1418846818
21,648,4.5,1403637454
21,733,3.5,1412967983
21,780,3.5,1452052029
21,858,2.5,1376823648
21,1036,3.5,1418063296
21,1196,4.5,1403460820
21,1198,4.0,1417378082
21,1200,2.0,1419795311
21,1214,1.5,1419795364
21,1221,2.5,1428775441
21,1240,3.5,1436989924
21,1265,3.5,1428775428
21,1270,5.0,1407617830
21,1291,4.0,1417378089
21,1370,3.5,1418063292
21,1527,2.5,1403460635
21,1580,4.5,1407617833
21,1721,3.5,1418846922
21,2023,2.5,1428775446
21,2115,4.0,1403460900
21,2174,1.0,1500701981
21,2288,0.5,1441826867
21,2355,3.0,1441826921
21,2403,2.5,1441393000
21,2571,4.0,1412967844
21,2628,4.0,1418063222
21,2706,5.0,1376823724
21,2762,0.5,1403460436
21,2858,2.0,1441392960
21,2947,4.5,1403460424
21,2949,4.5,1403460427
21,2953,3.0,1500701906
21,2959,2.0,1441392954
21,3000,0.5,1441393015
21,3114,3.5,1419795374
21,3578,2.5,1436989941
21,3623,4.0,1376823417
21,4306,4.0,1418932197
21,4886,3.5,1418932236
21,4896,4.0,1418932147
21,4963,4.5,1403460880
21,4973,3.0,1403460991
21,4993,1.5,1419025153
21,5218,4.0,1407617661
21,5254,3.0,1452052112
21,5266,1.0,1468113551
21,5349,3.0,1441826946
21,5418,4.0,1412967834
21,5445,4.5,1418932153
21,5459,4.5,1376823441
21,5816,4.0,1418932149
21,5872,5.0,1376822796
21,5952,2.0,1419025155
21,5989,3.5,1421521738
21,6365,3.5,1418063571
21,6373,3.0,1403459840
21,6539,4.0,1419795351
21,6874,1.5,1468113479
21,6934,4.0,1403459862
21,7143,4.0,1412967530
21,7153,1.5,1419025150
21,7438,1.5,1468113476
21,8368,4.0,1412968057
21,8529,4.5,1407617755
21,8644,4.0,1418063518
21,8665,4.0,1407617301
21,8961,3.5,1441393027
21,8972,4.0,1421521732
21,8984,4.5,1403459871
21,30793,3.5,1500701995
21,32587,3.0,1468113492
21,33004,4.5,1419025243
21,33615,4.0,1413055282
21,33794,3.5,1441826836
21,34048,3.5,1468113413
21,40815,4.0,1403460886
21,41566,3.0,1468113305
21,44022,3.5,1427558491
21,44191,2.5,1418932060
21,45186,3.5,1423422539
21,46972,3.5,1419794505
21,49272,4.0,1418063254
21,50872,3.5,1452051990
21,51662,3.5,1452052044
21,53125,4.0,1427558171
21,53972,3.0,1403460418
21,57640,3.0,1441826928
21,58559,3.5,1376823495
21,58998,4.5,1441393230
21,59315,4.0,1418063513
21,59369,3.0,1419025209
21,59615,4.0,1421521751
21,59784,3.5,1412967541
21,60074,3.5,1423422271
21,63082,3.5,1468113389
21,63113,3.5,1423422268
21,68791,3.5,1468113374
21,68793,3.5,1419794523
21,68954,4.5,1407617748
21,69122,3.5,1500701830
21,69644,4.0,1419025406
21,69844,4.0,1412967862
21,70286,3.5,1441826981
21,72998,4.0,1418847046
21,73017,2.5,1419795394
21,74789,2.5,1423422284
21,76093,3.5,1419795323
21,77561,4.0,1418847003
21,78499,4.0,1412968153
21,79132,3.5,1441393020
21,79293,3.5,1452052079
21,80463,3.0,1419025199
21,81564,2.5,1419794453
21,81591,1.0,1418846850
21,81845,3.5,1418846865
21,88140,3.5,1441393049
21,88744,3.0,1441393053
21,89745,4.0,1418063440
21,91500,3.5,1419795371
21,91529,3.5,1418063237
21,91535,3.5,1468113336
21,91630,4.0,1423422327
21,93510,3.0,1468114339
21,94777,4.0,1423422377
21,95167,3.5,1468113332
21,95441,3.5,1419794434
21,95510,3.5,1441826957
21,96079,4.0,1419795339
21,97913,2.0,1468114333
21,97938,3.5,1376823135
21,99114,3.5,1441826975
21,101864,4.5,1427558933
21,102125,3.5,1441393005
21,103141,4.0,1418932178
21,103228,3.5,1403460734
21,103253,3.0,1403460742
21,103335,4.0,1403460687
21,103384,4.0,1403460773
21,104211,4.0,1403460713
21,104374,3.5,1403460501
21,104841,4.0,1403460671
21,105844,2.0,1403460491
21,106072,3.5,1403461833
21,106487,4.0,1403460683
21,106489,3.0,1418846905
21,106696,4.0,1403460685
21,106782,3.0,1403459964
21,106916,3.0,1403460691
21,106920,2.5,1418846877
21,108190,3.5,1500701759
21,108932,1.0,1468113609
21,108945,3.0,1403461870
21,109374,3.5,1403460482
21,109487,3.0,1423422297
21,110102,3.5,1407619805
21,110553,3.0,1468113465
21,111362,3.5,1412967458
21,111759,4.5,1403460346
21,111781,4.5,1439751899
21,112138,3.5,1500701849
21,112175,3.5,1418063384
21,112852,4.0,1412967449
21,114180,3.5,1468113309
21,115617,4.0,1441393075
21,116797,2.5,1423422308
21,116823,3.5,1452051997
21,117529,4.0,1468113298
21,117590,3.5,1419794206
21,117851,3.0,1419794218
21,119141,0.5,1419793939
21,119155,3.5,1419794090
21,122882,3.5,1436989603
21,122892,3.5,1441392878
21,122900,3.5,1452052140
21,122904,3.5,1483340695
21,130450,3.0,1452051910
21,133419,3.0,1436989597
21,134393,2.5,1439752061
21,134853,4.0,1441392913
21,135133,3.5,1452051811
21,135536,3.5,1500701506
21,135861,0.5,1436989145
21,135887,4.5,1436989124
21,136016,3.0,1452051788
21,136020,4.0,1452051829
21,138036,3.5,1500701931
21,139642,0.5,1441394002
21,143385,4.0,1452051884
21,160565,1.0,1468113965
22,253,4.0,1268726368
22,318,5.0,1268726193
22,356,5.0,1268726309
22,541,5.0,1268726271
22,858,3.0,1268726337
22,1193,5.0,1268726374
22,2959,3.5,1268726211
22,3578,4.0,1268727393
22,4226,3.0,1268726490
22,4306,3.0,1268727454
22,4878,1.5,1268726600
22,4886,3.5,1268727375
22,4993,1.0,1268726251
22,4995,3.5,1268727353
22,5418,3.5,1268727381
22,5464,2.0,1268727450
22,5816,0.5,1268726358
22,6377,3.5,1268727332
22,6539,2.5,1268727433
22,6874,4.0,1268726782
22,7153,1.0,1268726287
22,7361,3.5,1268726531
22,7438,5.0,1268726785
22,8961,4.0,1268726703
22,30707,2.0,1268726686
22,31658,2.5,1268727239
22,33004,1.0,1268726235
22,33794,2.5,1268726623
22,44191,0.5,1268727414
22,48394,1.5,1268726542
22,48516,2.5,1268726520
22,48780,4.0,1268726262
22,49272,5.0,1268727326
22,50872,1.5,1268726651
22,51540,0.5,1268726807
22,55820,4.0,1268726559
22,58559,3.0,1268727214
22,59315,0.5,1268727313
22,60069,2.0,1268726549
22,63082,0.5,1268726299
22,66097,2.0,1268726278
22,68157,4.0,1268726556
22,68358,0.5,1268727244
22,68954,2.0,1268726512
22,69122,0.5,1268727419
22,70286,0.5,1268726596
22,72998,3.5,1268726172
22,74789,0.5,1268726132
23,50,4.0,1107163741
23,296,3.5,1107163773
23,541,5.0,1107164433
23,778,4.0,1107341701
23,858,3.5,1107163336
23,924,4.0,1107162966
23,1036,3.0,1107342203
23,1089,4.0,1107163817
23,1136,3.0,1107341920
23,1193,3.5,1107163763
23,1200,3.0,1107341788
23,1203,3.0,1107341565
23,1208,4.0,1107162888
23,1213,3.0,1107164469
23,1214,4.0,1107341579
23,1221,3.5,1107163341
23,1258,5.0,1107341607
23,2761,3.5,1107162827
23,3000,3.5,1107164425
23,4226,4.5,1107163706
23,4973,3.5,1107163755
23,5618,4.0,1107163683
23,6874,3.0,1107162696
23,7438,3.0,1107164467
23,8961,3.0,1107164371
24,50,4.0,1458942023
24,165,3.5,1458941746
24,253,3.5,1458941225
24,296,4.0,1458942020
24,318,4.5,1458941989
24,356,4.5,1458940987
24,457,3.5,1458941545
24,733,3.0,1458941618
24,780,3.5,1458942032
24,1198,4.5,1458941536
24,1246,4.0,1458942000
24,1265,4.5,1458940991
24,1370,3.5,1458941866
24,1527,4.0,1458941643
24,1580,4.0,1458941715
24,1653,3.0,1458941019
24,1682,3.5,1458942002
24,2028,4.0,1458941924
24,2115,4.0,1458941695
24,2571,4.0,1458941533
24,3147,4.5,1458941985
24,3578,4.0,1458941548
24,4262,4.0,1458941756
24,4973,3.5,1458940978
24,4995,3.5,1458940973
24,5418,4.0,1458941561
24,5445,3.0,1458941621
24,7143,4.0,1458941625
24,7293,3.5,1458941192
24,27773,4.5,1458941571
24,44191,4.0,1458941565
24,49272,3.5,1458941633
24,51662,4.0,1458941627
24,58559,4.0,1458941530
24,58998,4.0,1458941057
24,59615,3.5,1458941901
24,63113,3.0,1458941780
24,64957,4.0,1458941955
24,68157,3.0,1458941578
24,68358,4.0,1458941567
24,70286,4.0,1458941613
24,79132,4.0,1458941535
24,91529,4.0,1458941551
24,91542,3.5,1458941594
24,94777,4.0,1458941732
24,96079,3.5,1458941632
24,102407,3.5,1458941328
24,111759,3.5,1458941550
24,134130,4.0,1458941964
24,134393,2.5,1458941460
24,134853,4.0,1458941969
24,139385,3.0,1458942069
25,260,5.0,1535470429
25,527,5.0,1535470432
25,1198,5.0,1535470495
25,2028,5.0,1535470505
25,2571,5.0,1535470427
25,3578,5.0,1535470497
25,4993,5.0,1535470421
25,5952,5.0,1535470419
25,7153,5.0,1535470418
25,58559,5.0,1535470524
25,59315,4.0,1535470521
25,60069,5.0,1535470523
25,68157,5.0,1535470515
25,68954,5.0,1535470493
25,74458,4.5,1535470529
25,79132,5.0,1535470428
25,91529,5.0,1535470498
25,116797,5.0,1535470507
26,10,3.0,836950403
26,47,4.0,836950431
26,150,3.0,836950245
26,153,3.0,836950286
26,165,4.0,836950286
26,296,4.0,836950245
26,356,3.0,836950483
26,457,4.0,836950379
27,1,3.0,962685262
27,48,4.0,962685318
27,260,4.0,962686637
27,356,5.0,965149932
27,364,4.0,962685351
27,367,4.0,965150022
27,648,4.0,962685941
27,780,3.0,962686571
27,920,4.0,962686447
27,924,2.0,962686660
27,1097,5.0,962686711
27,1101,4.0,965150230
27,1196,4.0,962686386
27,1198,5.0,965150190
27,1200,1.0,962686447
27,1201,4.0,965149552
27,1270,5.0,965151115
27,1387,2.0,962686343
27,1580,3.0,962686758
27,1584,4.0,962686711
27,1721,5.0,965149814
27,1907,4.0,962685318
27,2115,4.0,965150230
27,2161,4.0,965149969
27,2174,2.0,965149969
27,2355,3.0,962685318
27,2628,5.0,965151428
27,2640,4.0,962686758
27,3114,4.0,962685262
27,3471,4.0,962686637
28,47,3.0,1235975946
28,50,3.5,1234337966
28,110,3.5,1234515793
28,253,3.0,1242033136
28,260,4.0,1234338579
28,296,4.5,1234338046
28,318,3.5,1234338000
28,356,4.0,1243837724
28,377,1.5,1234516131
28,457,3.0,1234515692
28,527,3.0,1234570054
28,541,4.0,1234335500
28,589,4.5,1234515689
28,733,1.0,1234516070
28,778,3.5,1235806117
28,780,3.0,1234516111
28,858,4.5,1234338178
28,924,3.0,1234516770
28,1036,2.0,1234515645
28,1089,3.0,1234338253
28,1101,3.0,1234516135
28,1136,3.5,1234338716
28,1196,4.0,1234338139
28,1198,2.5,1234569517
28,1200,4.0,1234338743
28,1201,4.0,1234338285
28,1208,3.0,1234516758
28,1209,3.0,1235805640
28,1213,4.0,1234338180
28,1214,3.5,1234338454
28,1221,4.0,1234338282
28,1240,4.5,1234515680
28,1527,4.5,1234336847
28,1580,3.0,1234516117
28,1584,3.5,1242290563
28,1625,2.0,1242032374
28,1653,3.5,1234572121
28,1682,1.5,1242289815
28,1732,4.0,1242031360
28,2023,3.5,1234516183
28,2028,3.5,1234515641
28,2329,2.5,1234569909
28,2403,2.0,1234516006
28,2571,4.0,1234338350
28,2628,4.0,1234516355
28,2706,3.0,1242290771
28,2762,3.0,1234570602
28,2858,4.0,1234338144
28,2959,3.5,1234338005
28,3147,2.5,1234570479
28,3578,4.0,1234515839
28,4011,3.5,1234338576
28,4022,3.5,1242290467
28,4226,3.5,1234337963
28,4776,2.0,1242290187
28,4878,4.0,1234335490
28,4993,3.0,1234338192
28,4995,3.0,1236313511
28,5349,3.5,1234515706
28,5418,3.5,1234569648
28,5445,3.5,1234516004
28,5464,3.0,1242288783
28,5952,3.5,1234338346
28,5989,3.5,1236314244
28,5995,3.0,1234337599
28,6365,3.5,1234516336
28,6378,2.0,1242290221
28,6537,4.0,1234516415
28,6539,2.0,1242031882
28,6874,4.0,1234515778
28,6934,3.5,1234516339
28,7143,3.5,1242032883
28,7153,3.5,1234338343
28,7361,2.5,1277001831
28,7438,4.0,1234341377
28,7458,4.0,1234516149
28,8644,4.0,1234516108
28,8665,3.5,1236314239
28,8874,2.0,1243837559
28,8961,3.5,1243837502
28,30707,4.0,1234341382
28,32587,3.5,1277001858
28,33004,3.0,1277002101
28,33794,4.5,1234338148
28,34048,3.5,1234516420
28,41566,2.5,1234516078
28,41569,2.5,1242290573
28,44191,3.0,1234515844
28,47099,3.0,1242288778
28,48516,2.5,1234340364
28,48780,1.5,1234338427
28,49272,3.5,1234338817
28,49530,4.5,1234337638
28,51540,2.0,1236313693
28,51662,4.5,1234515873
28,52328,2.5,1234572127
28,53972,2.5,1242032400
28,54997,3.5,1234338456
28,55820,4.5,1234338039
28,56174,4.0,1277001923
28,57640,4.0,1242289883
28,58559,3.5,1234337988
28,59315,4.5,1234338546
28,59369,4.0,1234338711
28,60040,3.0,1234572131
28,60069,4.0,1234338025
28,60684,4.0,1240817508
28,63082,4.0,1234337982
28,63113,3.0,1234853160
28,64614,4.0,1234570126
28,64957,4.5,1234341141
28,65682,2.5,1234340341
28,68358,3.5,1242883340
28,68791,4.5,1277002158
28,70286,4.5,1277001890
28,72998,5.0,1277001853
29,50,3.5,1308007653
29,150,4.0,1362016794
29,165,4.0,1362016840
29,296,3.5,1362016789
29,318,4.5,1307907071
29,356,4.5,1362016780
29,780,4.0,1362016798
29,858,4.5,1307907013
29,924,5.0,1307906672
29,1136,4.0,1308084085
29,1198,4.5,1307906966
29,1201,5.0,1307907031
29,1208,4.0,1308084034
29,1209,4.5,1308025043
29,1213,4.0,1308025032
29,1270,4.0,1307906647
29,2028,5.0,1362016835
29,2761,3.5,1307905804
29,3578,5.0,1362016881
29,5464,4.5,1405816207
29,5995,5.0,1308084202
29,48516,4.5,1308084039
29,51540,4.0,1307948222
29,55820,4.0,1308084198
29,56174,4.0,1309069586
29,70286,4.0,1307906685
29,81845,4.0,1307907049
29,82459,5.0,1310787896
29,99114,4.5,1362016549
29,104841,4.0,1405816277
29,111362,4.5,1405816130
29,111759,4.0,1405816122
30,110,5.0,1500370456
30,260,5.0,1500370339
30,318,5.0,1500370344
30,589,3.5,1500370430
30,1036,4.0,1500370436
30,1196,5.0,1500370341
30,1198,5.0,1500370343
30,1200,3.0,1500370434
30,1240,3.5,1500370449
30,1291,5.0,1500370351
30,2571,5.0,1500370345
30,4993,5.0,1500370423
30,5952,5.0,1500370399
30,7153,5.0,1500370349
30,33794,5.0,1500370439
30,58559,5.0,1500370398
30,59315,5.0,1500370444
30,60069,5.0,1500370453
30,68358,5.0,1500370441
30,68954,5.0,1500370450
30,79132,5.0,1500370425
30,91529,5.0,1500370452
30,93510,5.0,1500370378
30,95510,5.0,1500370369
30,97913,4.0,1500370371
30,108932,4.0,1500370367
30,109487,5.0,1500370443
30,111759,5.0,1500370446
30,112852,5.0,1500370426
30,115617,5.0,1500370457
30,116823,4.0,1500370376
30,122904,5.0,1500370440
31,1,5.0,850466616
31,10,4.0,850467366
31,165,4.0,850467366
31,377,5.0,850467368
31,588,5.0,850467365
31,648,5.0,850466616
31,733,5.0,850466642
31,780,4.0,850466616
31,1036,5.0,850467468
31,1136,3.0,850467408
31,1196,4.0,850467408
31,1198,4.0,850467408
31,1200,3.0,850467408
31,1214,4.0,850467425
31,1240,4.0,850467408
31,1246,3.0,850467468
31,1265,2.0,850467444
31,1270,4.0,850467468
32,1,3.0,856736119
32,50,5.0,856737002
32,153,3.0,856737123
32,260,5.0,856736227
32,296,5.0,856737001
32,318,5.0,856737003
32,527,4.0,856737205
32,648,3.0,856736119
32,733,4.0,856736172
32,780,3.0,856736119
32,1036,5.0,856737338
32,1196,4.0,856737165
32,1198,5.0,856737270
33,1,3.0,939647444
33,50,5.0,939646733
33,110,5.0,939648134
33,150,3.0,939647816
33,296,5.0,939717613
33,318,4.0,939716778
33,356,5.0,939654815
33,457,5.0,939646784
33,527,5.0,939716661
33,588,5.0,939646939
33,589,4.0,939647370
33,778,4.0,939647370
33,919,5.0,940422746
33,1213,3.0,939646865
33,1580,3.0,939718916
33,1653,5.0,939715317
33,1682,4.0,939715324
33,1721,4.0,939646820
33,1923,5.0,939647016
33,2028,5.0,939646902
33,2355,5.0,939718916
33,2571,5.0,939646784
33,2762,4.0,939646424
34,10,5.0,1162048773
34,70,3.5,1162048002
34,110,0.5,1162049056
34,318,4.0,1162050357
34,356,4.0,1162049069
34,377,4.5,1162048796
34,589,3.5,1163954746
34,780,3.0,1162050135
34,1036,2.5,1166463521
34,1527,4.5,1162048875
34,1580,2.5,1162048827
34,1682,2.5,1162048961
34,1721,0.5,1162048752
34,2571,3.0,1162048690
34,2628,3.5,1162050129
34,2762,3.0,1162050482
34,2953,2.0,1162048979
34,2959,4.0,1162049153
34,3000,4.0,1163954620
34,3717,4.5,1162048501
34,4226,4.5,1162049184
34,4306,3.5,1162048723
34,4643,4.0,1168811375
34,4973,4.0,1162049117
34,5349,5.0,1162048858
34,5459,2.0,1162048159
34,5952,1.0,1162049047
34,6378,4.5,1162050501
34,6539,5.0,1162047962
34,6874,5.0,1162048034
34,6934,0.5,1162048208
34,7438,4.5,1162048087
34,8957,2.0,1162050052
35,50,5.0,830939598
35,150,5.0,830939391
36,318,4.0,1100804003
36,919,1.5,1100803557
36,1090,2.5,1100803399
36,4995,1.0,1100803560
36,5464,1.5,1100803567
37,150,5.0,845239388
37,153,3.0,845239426
37,165,5.0,845239426
37,296,5.0,845239388
37,318,4.0,845239483
37,356,4.0,845239483
37,457,4.0,845239442
38,48,3.0,841341570
38,50,5.0,841341362
38,110,5.0,841341295
38,150,4.0,841341161
38,153,3.0,841341195
38,253,1.0,841341271
38,296,3.0,841341163
38,318,5.0,841341249
38,356,3.0,841341271
38,364,2.0,841341323
38,367,2.0,841341341
38,377,3.0,841341341
38,457,5.0,841341220
38,527,5.0,841341405
38,588,3.0,841341195
38,648,4.0,841341618
39,47,3.0,974789632
39,50,5.0,974788030
39,260,5.0,974787510
39,296,5.0,974789540
39,364,4.0,974788976
39,457,4.0,974789432
39,588,4.0,974788841
39,589,4.0,974788030
39,594,3.0,974788841
39,858,4.0,974789111
39,924,2.0,974787586
39,1036,4.0,974788126
39,1089,5.0,974788071
39,1097,4.0,974787586
39,1136,4.0,974788244
39,1196,5.0,974789111
39,1198,4.0,974789111
39,1200,5.0,974787586
39,1213,4.0,974789540
39,1214,5.0,974787510
39,1219,5.0,974788126
39,1221,5.0,974789111
39,1258,5.0,974787836
39,1270,4.0,974787510
39,1291,5.0,974789327
39,1387,5.0,974787836
39,1527,2.0,974787510
39,1584,5.0,974787637
39,1907,2.0,974788976
39,1954,2.0,974789327
39,2174,3.0,974789854
39,2571,5.0,974787586
39,2762,5.0,974788030
39,2858,5.0,974788291
39,2947,3.0,974789327
39,3000,5.0,974789174
40,1,5.0,832058959
40,48,2.0,832059371
40,110,4.0,832059053
40,111,5.0,832059116
40,150,5.0,832058854
40,153,3.0,832058897
40,165,4.0,832058897
40,296,5.0,832058854
40,318,5.0,832058930
40,364,5.0,832059644
40,367,4.0,832059676
40,457,3.0,832059534
40,588,4.0,832058897
41,47,3.5,1458939486
41,50,3.0,1459367479
41,111,2.0,1459367437
41,296,5.0,1458933695
41,356,2.0,1459367500
41,541,2.0,1459367431
41,778,4.0,1458933752
41,920,3.0,1458939112
41,924,2.0,1459367435
41,1089,2.0,1459367458
41,1097,3.0,1459367688
41,1200,2.0,1459367478
41,1208,2.0,1459367446
41,1213,2.0,1459367440
41,1214,0.5,1459367443
41,1219,4.0,1459367455
41,1258,5.0,1458939478
41,1259,5.0,1459367673
41,1265,3.0,1459367661
41,1584,2.0,1459367550
41,1682,3.0,1458938835
41,1721,5.0,1458939738
41,1732,4.0,1458938846
41,1961,4.0,1459367625
41,2028,2.0,1459367469
41,2115,2.0,1459367648
41,2329,4.0,1458933698
41,2571,2.0,1459367665
41,2858,4.0,1458933687
41,2959,4.0,1458933677
41,3578,4.0,1458939542
41,4011,3.0,1459367471
41,4022,5.0,1459367696
41,4226,4.0,1458942816
41,4262,2.0,1459367450
41,4306,3.0,1458939651
41,4878,5.0,1459367735
41,4963,3.0,1458939699
41,4973,4.0,1458933682
41,5418,2.0,1459368584
41,5618,3.5,1458939566
41,5816,1.0,1458939735
41,5952,2.0,1459367614
41,5989,4.0,1458939704
41,5995,4.0,1458939707
41,6373,4.0,1459368556
41,6377,4.0,1459367565
41,6539,3.0,1458939642
41,6874,5.0,1458939495
41,7293,5.0,1459367700
41,7361,4.0,1458933684
41,7438,5.0,1458939502
41,8874,2.0,1459368422
41,8961,3.0,1459367596
41,30707,4.0,1458942832
41,47099,3.5,1459367548
41,48394,3.0,1458933746
41,48516,3.5,1459367539
41,48780,3.0,1458939668
41,49530,4.0,1459367658
41,50872,4.0,1458939664
41,51662,2.0,1459368610
41,54001,0.5,1458939744
41,55820,5.0,1459368455
41,58998,4.0,1459367515
41,66097,4.0,1459368463
41,68157,4.0,1459367518
41,68954,4.0,1458938821
41,69122,3.0,1459367594
41,79132,0.5,1459367686
41,81591,3.5,1458939555
41,81845,3.0,1459367496
41,87869,5.0,1459367663
41,88129,3.5,1459368433
41,91529,1.0,1458939520
41,93840,2.0,1458943554
41,97921,4.0,1458939770
41,99114,4.0,1458933737
41,102407,3.0,1458940195
41,104879,5.0,1459368419
41,106920,3.0,1458938841
41,109374,3.5,1458939514
41,111659,1.0,1458940199
41,111921,4.0,1458938979
41,112183,3.0,1459367616
41,112552,4.0,1458939648
41,112556,3.0,1458939634
41,115569,4.0,1458939768
41,115713,0.5,1459367667
41,122882,2.5,1458939623
41,122904,0.5,1459367333
41,125916,0.5,1458940245
41,128360,4.0,1459367507
41,135887,3.0,1458943698
41,136864,0.5,1459367339
41,138036,2.0,1459367656
41,139385,4.0,1458943547
41,140110,3.5,1458943809
42,10,5.0,996215205
42,47,4.0,996218105
42,50,5.0,996217838
42,110,4.0,996217933
42,150,5.0,996217989
42,153,2.0,996255744
42,165,2.0,996216316
42,253,5.0,996215413
42,260,5.0,996261559
42,296,5.0,996214107
42,318,4.0,996217804
42,356,5.0,996218222
42,364,4.0,996218379
42,457,4.0,996216038
42,527,4.0,996217804
42,648,5.0,996219248
42,733,2.0,996218488
42,780,2.0,996220093
42,858,5.0,996213544
42,924,5.0,996216038
42,1036,4.0,996216013
42,1089,5.0,996217838
42,1090,5.0,996212773
42,1097,4.0,996212773
42,1101,5.0,996213578
42,1196,3.0,996215831
42,1213,5.0,996214157
42,1221,5.0,996213544
42,1246,5.0,996214893
42,1265,5.0,996218017
42,1270,4.0,996258052
42,1370,2.0,996216255
42,1580,4.0,996214503
42,1625,4.0,996218017
42,1653,5.0,996218645
42,1682,3.0,996218934
42,1923,4.0,996218709
42,1961,4.0,996258052
42,2023,5.0,996213544
42,2028,5.0,996217964
42,2115,4.0,996258201
42,2329,5.0,996217964
42,2571,5.0,996214210
42,2628,3.0,996220790
42,2706,5.0,996220196
42,2959,3.0,996217838
42,3527,2.0,996216146
42,3578,3.0,996212879
42,3717,4.0,996213142
42,4022,4.0,996213481
42,4262,5.0,996258510
43,1,5.0,848993983
43,10,4.0,848993747
43,47,4.0,848993793
43,48,5.0,848994152
43,110,3.0,848993747
43,150,5.0,848993627
43,153,5.0,848993662
43,165,5.0,848993660
43,253,4.0,848993769
43,296,3.0,848993627
43,318,4.0,848993718
43,356,5.0,848993693
43,364,5.0,848993793
43,367,5.0,848993793
43,377,3.0,848993769
43,457,5.0,848993662
43,588,5.0,848993660
43,589,5.0,848993769
43,594,5.0,848994152
43,648,5.0,848994102
44,1,3.0,869251860
44,260,5.0,869251910
44,648,3.0,869251861
44,733,5.0,869251910
44,780,3.0,869251860
45,1,4.0,951170182
45,50,5.0,951756750
45,70,4.0,951170563
45,110,5.0,950741520
45,150,5.0,1007484259
45,165,5.0,1091305945
45,260,5.0,950726388
45,296,5.0,1007483989
45,356,5.0,951170194
45,364,5.0,950726215
45,367,4.0,950724840
45,457,4.0,950726408
45,541,3.0,950718561
45,588,5.0,950726248
45,589,5.0,950726569
45,594,4.0,950726215
45,648,4.0,950740583
45,733,4.0,950740478
45,778,4.0,1007484068
45,780,3.0,950741000
45,858,5.0,950722240
45,919,3.0,950740452
45,924,4.0,950740805
45,1028,4.0,1121724907
45,1036,3.0,950741520
45,1097,5.0,1007484441
45,1101,4.0,1091306211
45,1136,5.0,1091306083
45,1196,5.0,950726388
45,1198,4.0,950726408
45,1213,5.0,951756891
45,1221,4.0,950723493
45,1240,3.0,950740818
45,1246,5.0,1121724720
45,1258,5.0,1007484543
45,1259,3.0,1020802033
45,1265,3.0,950724757
45,1270,3.5,1091305972
45,1291,5.0,950726569
45,1370,4.5,1121724800
45,1377,2.0,951170693
45,1527,4.0,950740871
45,1580,3.0,950740871
45,1584,5.0,950740871
45,1653,4.0,950740986
45,1676,4.0,950740565
45,1682,4.0,1121724734
45,1721,4.0,1091306055
45,1732,5.0,951170525
45,1923,5.0,951170238
45,1961,4.0,1007484335
45,2028,5.0,950726408
45,2115,4.5,1121724747
45,2174,3.0,1020802309
45,2329,5.0,1007484492
45,2355,5.0,950728148
45,2571,5.0,950718872
45,2628,4.0,950740549
45,2706,4.0,950728042
45,2762,5.0,959624096
45,2858,5.0,959624096
45,2947,4.0,950726657
45,2959,5.0,1007483918
45,3114,5.0,950727914
45,3147,5.0,950723180
45,3578,5.0,1020803425
45,3717,5.0,1007994717
45,4011,5.0,1021412499
45,4016,5.0,1007484242
45,4022,5.0,1007995016
45,4306,5.0,1007483642
45,4308,5.0,1009399292
45,4886,5.0,1007483502
45,4896,4.0,1007483576
45,4963,5.0,1007994440
45,4993,5.0,1034343730
45,5218,3.5,1121724091
45,5349,5.0,1021412297
45,5418,5.0,1091305617
45,5445,4.0,1057007317
45,5989,5.0,1057007320
45,6365,5.0,1057006892
45,6373,4.0,1057006922
45,6377,5.0,1057006897
45,6539,5.0,1121724104
45,8665,5.0,1121724114
45,33004,4.0,1121724181
45,50872,5.0,1193288853
45,53125,4.0,1193288942
46,1,5.0,834787906
46,10,3.0,834787826
46,50,5.0,834788094
46,110,5.0,834788016
46,111,4.0,834788094
46,153,4.0,834787678
46,165,4.0,834787677
46,253,4.0,834787906
46,318,4.0,834787757
46,364,5.0,834788146
46,367,4.0,834788227
46,457,5.0,834787967
46,588,5.0,834787677
47,47,3.0,1496209354
47,150,3.0,1496206707
47,318,4.0,1496208166
47,356,4.5,1496206696
47,1097,4.0,1496209401
47,1203,2.5,1496205502
47,1259,3.0,1496205253
47,1265,2.0,1496205353
47,1580,1.5,1496209799
47,1721,3.5,1496209715
47,1961,4.0,1496205246
47,2028,4.0,1496205180
47,2762,3.0,1496205184
47,2959,2.0,1496205268
47,3147,5.0,1496205029
47,4022,3.0,1496209904
47,4776,3.5,1496210522
47,4878,0.5,1496211868
47,5989,2.0,1496206727
47,6373,2.0,1496205057
47,8533,3.5,1496205491
47,30707,4.0,1496205318
47,30793,3.0,1496212048
47,47099,2.5,1496206808
47,49530,3.0,1496206730
47,63082,4.0,1496205289
47,69122,0.5,1496209805
47,72998,2.5,1496209178
47,80463,3.5,1496209653
47,81591,1.5,1496210235
47,96811,4.0,1496207286
47,97921,3.5,1496208475
47,97938,3.5,1496209606
47,100383,3.5,1496208216
47,104841,2.0,1496205293
47,105504,3.5,1496210907
47,106100,4.0,1496205277
47,106782,3.5,1496209142
47,111921,3.5,1496205603
47,112183,1.5,1496206635
47,112552,5.0,1496205226
47,112556,2.0,1496205321
47,139385,0.5,1496210341
47,140174,2.5,1496205483
47,140715,4.0,1496207354
47,146656,3.5,1496209516
47,148626,3.0,1496209907
48,48,4.0,1127128718
48,780,3.5,1127128851
48,1193,3.0,1127129756
48,1527,4.0,1127128838
48,1580,5.0,1127128859
48,1584,4.5,1127128836
48,1625,4.5,1127128739
48,1653,4.5,1127128650
48,2115,5.0,1127128639
48,2571,5.0,1127128841
48,3623,2.5,1127128748
48,4886,5.0,1127128753
48,5349,4.0,1127128913
48,5445,4.5,1127128898
49,110,4.0,1493093005
49,318,4.0,1493089778
49,356,4.0,1493089782
49,527,4.5,1493089770
49,1097,4.5,1493093009
49,1200,4.5,1493093189
49,1214,4.0,1493093185
49,2028,4.5,1493089784
49,2571,4.5,1493093047
49,4022,4.5,1493092982
49,5218,4.0,1493093122
49,6377,4.0,1493093127
49,47099,4.5,1493093082
49,70286,4.0,1493093030
49,79091,4.0,1493093114
49,79132,4.5,1493093216
49,103335,4.0,1493093120
49,109487,4.5,1493093231
49,122920,4.0,1493093016
49,139385,4.5,1493093206
50,1,3.0,1514238116
50,111,4.0,1534178790
50,165,3.0,1514238058
50,296,4.0,1500573696
50,318,3.5,1514237959
50,356,3.0,1514238146
50,541,4.0,1514238015
50,858,4.0,1514240681
50,924,4.5,1514238077
50,1028,3.0,1527542562
50,1036,3.5,1514238054
50,1101,2.5,1527372035
50,1136,4.0,1514238006
50,1198,3.5,1527106209
50,1201,4.0,1536870006
50,1208,4.5,1527106159
50,1258,4.0,1527370745
50,1291,3.0,1527371937
50,1370,3.0,1514238395
50,1377,3.0,1514238591
50,1380,2.5,1514238334
50,1387,3.0,1527542352
50,1580,2.5,1514237995
50,1682,2.5,1527370879
50,1721,3.0,1514237992
50,1732,3.5,1527371218
50,2571,2.5,1514237967
50,2947,3.5,1514238648
50,2959,3.0,1527542290
50,3000,3.5,1527106195
50,3114,3.0,1514238183
50,4226,3.0,1514241617
50,4306,2.0,1514238088
50,4886,3.0,1514238422
50,4896,2.5,1514238240
50,5218,2.0,1514238391
50,5459,2.0,1514238599
50,5618,4.0,1527106171
50,5816,2.5,1514238291
50,6377,3.0,1514238065
50,6539,3.0,1514238028
50,6874,3.5,1514238071
50,7438,3.5,1514496676
50,8368,3.0,1514238238
50,8961,3.0,1527542552
50,27773,3.0,1527542527
50,30793,1.5,1514238694
50,33794,2.5,1527371330
50,41566,2.0,1514238691
50,44022,1.5,1514239147
50,45517,2.0,1527108190
50,47099,2.0,1527108232
50,48780,2.5,1518168203
50,49272,2.5,1514238317
50,50872,3.0,1514238375
50,56174,1.5,1514238666
50,58559,3.0,1527542309
50,59615,2.0,1514239001
50,59784,2.5,1527108426
50,63082,2.5,1514238347
50,69122,1.0,1514238580
50,69644,1.0,1514239300
50,72998,2.0,1514891142
50,74458,2.5,1527371316
50,78499,2.0,1514238650
50,79132,2.5,1514238021
50,81562,2.0,1514239099
50,87222,2.0,1527108208
50,89774,2.5,1514239289
50,90746,2.5,1514239373
50,94864,1.5,1514239056
50,95543,1.0,1514239648
50,96079,2.5,1514238937
50,97225,2.0,1527108237
50,97304,3.5,1500673964
50,97938,2.0,1514239038
50,99114,3.0,1514238526
50,100498,1.0,1514239763
50,102407,2.5,1514239230
50,103228,2.0,1514239192
50,103335,1.5,1514239217
50,104841,1.5,1514238848
50,106782,3.0,1514238685
50,108932,2.5,1514239108
50,109374,3.0,1514238789
50,109487,2.5,1527372052
50,110102,2.0,1514239030
50,111921,2.5,1514239318
50,112183,3.0,1514239065
50,112552,2.5,1527542171
50,116797,2.5,1514238612
50,117176,2.0,1514239207
50,117529,1.5,1514842744
50,122882,3.0,1514238776
50,122904,1.5,1514891080
50,128360,2.5,1514239153
50,135887,1.0,1514239519
50,136020,2.0,1517954715
50,136864,1.5,1514239425
50,137857,2.0,1514239521
50,139385,2.5,1514239112
50,139644,3.0,1527108261
50,142448,2.0,1527108368
50,142997,2.0,1514239826
50,148626,3.0,1514239107
50,149406,2.0,1514239641
50,156607,1.0,1514240000
51,70,5.0,1230932691
51,111,5.0,1230929314
51,260,5.0,1230931614
51,377,3.0,1230931596
51,527,3.0,1230929292
51,589,5.0,1230929287
51,858,3.5,1230931501
51,919,2.0,1230932502
51,924,5.0,1230929275
51,1090,3.0,1230932491
51,1196,5.0,1230929268
51,1200,5.0,1230929263
51,1201,4.0,1230932475
51,1214,5.0,1230929258
51,1580,5.0,1230929254
51,2023,3.5,1230932337
51,2762,5.0,1230929240
51,3471,5.0,1230929483
51,4262,5.0,1230929420
51,4308,0.5,1230929415
51,4878,4.0,1230929401
51,4886,4.0,1230929389
51,5254,2.5,1230929994
51,5459,3.5,1230929364
51,5816,5.0,1230931868
51,6934,0.5,1230929340
51,7254,4.5,1230929929
51,7438,5.0,1230931785
51,8533,5.0,1230930740
51,8874,5.0,1230929328
51,33615,3.5,1230930714
51,51662,5.0,1230932776
51,52722,3.5,1230930672
51,54001,5.0,1230929858
51,58559,4.0,1230932758
51,59615,5.0,1230930660
51,60074,5.0,1230931645
52,150,4.0,1468051525
52,260,4.0,1468051102
52,318,5.0,1468051091
52,356,5.0,1468051518
52,364,5.0,1468051398
52,588,5.0,1468051449
52,733,5.0,1468051359
52,1196,4.0,1468051103
52,1198,3.5,1468051097
52,1923,5.0,1468051573
52,2571,5.0,1468051094
52,2959,4.5,1468051516
52,5418,5.0,1468051305
52,6874,4.5,1468051320
52,7153,5.0,1468051114
52,7361,3.5,1468051580
52,7438,4.5,1468051321
52,8665,5.0,1468051306
52,8874,5.0,1468051444
52,8961,4.0,1468051403
52,44191,5.0,1468051317
52,47099,4.0,1468051961
52,47200,5.0,1468052042
52,48516,4.0,1468051514
52,49272,5.0,1468051362
52,49530,5.0,1468051532
52,50872,4.0,1468051400
52,51662,5.0,1468051345
52,52328,5.0,1468052016
52,54997,5.0,1468051963
52,58559,5.0,1468051847
52,58998,5.0,1468051557
52,59369,4.0,1468051356
52,59784,4.0,1468051905
52,60069,4.0,1468051396
52,60684,4.0,1468051599
52,63082,5.0,1468051575
52,63113,4.0,1468051972
52,68358,5.0,1468051605
52,68954,4.0,1468051394
52,69122,5.0,1468051452
52,70286,5.0,1468051616
52,71535,4.5,1468051464
52,72998,4.5,1468051610
52,73017,5.0,1468051458
52,74458,4.5,1468051642
52,76093,5.0,1468051415
52,79091,4.0,1468051426
52,79132,5.0,1468051284
52,81847,4.0,1468051408
52,89745,5.0,1468051351
52,95167,5.0,1468051421
52,96079,3.0,1468051310
52,96811,5.0,1468051259
52,98809,3.5,1468051314
52,112138,5.0,1468051456
52,112175,4.5,1468051417
52,112852,5.0,1468051607
52,122882,5.0,1468051298
52,122900,5.0,1468051323
52,122904,5.0,1468051176
52,134130,5.0,1468051169
52,134853,5.0,1468051390
54,1,3.0,830247330
54,47,3.0,839921084
54,50,3.0,830248246
54,110,3.0,830247832
54,150,3.0,830247106
54,296,3.0,830247106
54,318,4.0,830247358
54,356,4.0,839921027
54,377,3.0,839921390
54,457,3.0,839920981
54,588,3.0,830247330
54,589,3.0,839921161
55,4011,5.0,1312748875
55,48516,5.0,1312748410
56,10,4.0,835799162
56,47,5.0,835799219
56,110,4.0,835799188
56,153,4.0,835799081
56,165,3.0,835799081
56,253,3.0,835799162
56,296,4.0,835799034
56,318,4.0,835799115
56,356,5.0,835799274
56,364,5.0,835799253
56,367,3.0,835799295
56,457,4.0,835799162
56,589,4.0,835799330
56,733,4.0,835799427
57,1,5.0,965796031
57,10,3.0,965798286
57,50,5.0,965796686
57,70,1.0,965797305
57,110,4.0,965799491
57,150,3.0,972172393
57,153,2.0,969753973
57,260,5.0,965798203
57,296,3.0,972172502
57,356,4.0,965795650
57,364,4.0,965796140
57,367,3.0,965797050
57,377,2.0,969754312
57,457,5.0,965796698
57,527,5.0,965799430
57,541,5.0,965796471
57,588,4.0,965796062
57,589,4.0,965798703
57,594,4.0,965796004
57,648,4.0,965795589
57,733,3.0,965798313
57,778,4.0,972173655
57,780,3.0,965799571
57,858,5.0,965795615
57,920,4.0,965796578
57,924,5.0,965796656
57,1028,4.0,969753499
57,1036,4.0,969754215
57,1101,4.0,969754482
57,1136,5.0,965796238
57,1193,4.0,965795928
57,1196,4.0,965798130
57,1198,5.0,965798130
57,1200,4.0,965799430
57,1201,5.0,965798542
57,1208,4.0,965799430
57,1221,5.0,965795745
57,1240,4.0,965796733
57,1265,5.0,965796352
57,1270,4.0,965798685
57,1291,4.0,965798248
57,1370,2.0,972173722
57,1377,2.0,969754612
57,1527,4.0,965798806
57,1562,2.0,969754038
57,1580,4.0,965797070
57,1584,3.0,965798731
57,1653,5.0,965798785
57,1676,4.0,965798347
57,1682,4.0,972172686
57,1721,2.0,965799094
57,1907,4.0,972173465
57,1954,4.0,969754244
57,2023,3.0,969754641
57,2028,5.0,965799491
57,2115,3.0,965798155
57,2174,3.0,969753562
57,2288,3.0,969754244
57,2355,4.0,965796062
57,2403,4.0,969754456
57,2571,5.0,965796810
57,2628,3.0,965798332
57,2640,4.0,969753832
57,2706,4.0,972174751
57,2761,4.0,965796004
57,2762,5.0,965796686
57,2858,5.0,965796238
57,2947,4.0,965795650
57,2949,3.0,969754215
57,3114,4.0,965796004
57,3471,5.0,965798662
57,3527,3.0,965798716
57,3578,4.0,969754290
58,47,5.0,847718657
58,48,3.0,847719035
58,50,5.0,847718718
58,110,5.0,847718580
58,150,4.0,847718380
58,153,3.0,847718434
58,165,4.0,847718433
58,253,2.0,847718617
58,296,5.0,847718380
58,318,5.0,847718544
58,356,4.0,847718461
58,364,4.0,847718657
58,367,4.0,847718657
58,377,5.0,847718657
58,457,5.0,847718433
58,527,5.0,847718718
58,588,5.0,847718433
58,589,4.0,847718617
58,594,5.0,847719035
58,648,5.0,847719035
58,780,5.0,847718910
59,10,3.0,953609378
59,110,2.0,953609098
59,111,5.0,953608356
59,260,4.0,953610660
59,367,4.0,953610692
59,527,5.0,953609857
59,541,5.0,953609611
59,589,4.0,953609167
59,648,5.0,953609356
59,733,4.0,953609415
59,780,4.0,953609540
59,858,5.0,953609775
59,924,5.0,953610267
59,1090,4.0,953610028
59,1097,5.0,953610660
59,1196,4.0,953609923
59,1208,5.0,953609954
59,1219,5.0,953610203
59,1221,4.0,953610986
59,1580,3.0,953609283
59,1625,5.0,953610555
59,2028,5.0,953609057
59,2174,2.0,953610692
59,2571,1.0,953609098
59,3471,4.0,953608525
60,48,3.0,1393541734
60,50,3.0,1393542060
60,318,4.0,1393542053
60,527,5.0,1393542064
60,858,5.0,1393542055
60,1203,3.0,1393542084
60,1562,3.0,1393541892
60,58559,5.0,1393542075
61,50,4.5,1145532639
61,318,5.0,1145532707
61,1089,4.5,1145532577
61,1090,4.0,1145532596
61,1101,1.5,1145531624
61,1201,4.5,1145532700
61,1208,4.5,1145531565
61,1213,4.0,1145532539
61,1214,4.5,1145532688
61,1258,4.0,1145531678
61,1653,4.5,1145531727
61,1917,3.0,1145531574
61,2174,3.5,1145531650
61,4011,4.5,1145532610
61,4226,4.5,1145532579
61,4878,4.0,1145532542
61,4993,4.5,1145532353
61,5952,4.5,1145531615
61,6874,4.0,1145532616
61,7153,4.5,1145532573
61,7361,4.0,1145532717
61,7438,4.0,1145532551
61,30707,4.5,1145532681
62,47,4.5,1521489234
62,110,4.5,1521822303
62,260,4.5,1521488893
62,296,4.5,1521488575
62,318,4.0,1521488565
62,356,5.0,1521822306
62,527,4.5,1521488569
62,778,4.5,1521488884
62,858,5.0,1521488566
62,1089,5.0,1521488724
62,1097,4.5,1521822348
62,1193,4.0,1521488855
62,1196,4.5,1521488711
62,1198,4.5,1521490520
62,1203,5.0,1521822604
62,1221,5.0,1521488574
62,1246,4.5,1521822408
62,1265,4.0,1536618534
62,1270,4.5,1521822319
62,1291,4.5,1523111068
62,1580,3.0,1521822333
62,1653,5.0,1521489167
62,1682,4.5,1521489738
62,1721,4.0,1521822338
62,1732,4.5,1521488871
62,1961,5.0,1523134030
62,2023,5.0,1525636725
62,2028,4.0,1521489641
62,2115,4.5,1521822456
62,2329,4.5,1522418540
62,2571,5.0,1521489407
62,2628,4.5,1521822355
62,2762,4.5,1523111064
62,2953,3.5,1525636880
62,2959,5.0,1521488573
62,3000,4.0,1521822696
62,3114,3.0,1525636897
62,3147,5.0,1521489752
62,3578,4.5,1521489618
62,4011,4.5,1521488896
62,4262,5.0,1521489459
62,4306,1.0,1521488595
62,4878,4.0,1521488880
62,4896,4.5,1521489784
62,4963,4.5,1521489743
62,4973,4.5,1521488600
62,4993,5.0,1521488587
62,4995,4.5,1521822370
62,5254,3.0,1521489715
62,5349,4.0,1521490245
62,5445,4.0,1521489745
62,5459,3.0,1521822660
62,5618,5.0,1521488944
62,5816,4.5,1521490262
62,5952,5.0,1521488589
62,5989,4.5,1521490252
62,5995,4.5,1521488875
62,6365,5.0,1521489359
62,6373,4.0,1521490280
62,6539,4.0,1521488598
62,6564,3.5,1525554328
62,6874,5.0,1521489355
62,6934,5.0,1521490090
62,7143,4.0,1521489737
62,7153,5.0,1521488588
62,7254,4.0,1521489196
62,7293,4.0,1521822849
62,7361,4.5,1521488882
62,7438,5.0,1521489358
62,7458,4.0,1521490369
62,8368,4.5,1521489361
62,8529,4.5,1521489778
62,8961,4.5,1521489915
62,8972,3.5,1521490406
62,8984,5.0,1521490022
62,30793,4.5,1521822764
62,31658,3.5,1525869033
62,32587,4.5,1521489360
62,33794,5.0,1521489357
62,40815,4.5,1521489708
62,41566,4.0,1521490334
62,41569,4.0,1521490298
62,44191,5.0,1521488886
62,45517,3.0,1525553893
62,45722,4.5,1521490305
62,46972,4.0,1525554198
62,47099,5.0,1521489657
62,48394,4.5,1521489461
62,48516,4.5,1521488756
62,48780,5.0,1521488751
62,49272,4.5,1521489572
62,49530,4.5,1536874696
62,51540,4.5,1522533220
62,51662,4.5,1521489885
62,52722,4.0,1521490430
62,53125,4.5,1521490024
62,53464,3.0,1525554739
62,54001,4.5,1521489700
62,54997,4.5,1521489698
62,55820,5.0,1521489268
62,56174,4.0,1521489956
62,58559,5.0,1521488846
62,59315,3.5,1521489710
62,59501,4.0,1525637504
62,60040,3.5,1525165396
62,60069,4.5,1521490257
62,60072,3.5,1521490159
62,60074,3.0,1525553927
62,60684,4.5,1521822822
62,63113,4.5,1521490043
62,63992,1.0,1528934225
62,64957,4.5,1521489875
62,68157,4.0,1521488881
62,68554,4.0,1521490070
62,68954,5.0,1521488928
62,69122,4.0,1521488917
62,69844,4.5,1521489666
62,71535,3.5,1529777113
62,72998,4.0,1521488927
62,73017,5.0,1521488921
62,74458,4.0,1521488745
62,74789,5.0,1523135841
62,77561,3.5,1521490357
62,78105,3.5,1523788888
62,78772,1.0,1523788913
62,79132,5.0,1521488715
62,81564,3.5,1523786536
62,81845,5.0,1521488748
62,82461,2.0,1523786551
62,85414,4.5,1521489185
62,86332,4.0,1521490291
62,86880,4.0,1523786545
62,86911,4.0,1523788875
62,87430,3.5,1525555156
62,88140,4.0,1521490228
62,89745,4.0,1521488914
62,91500,4.0,1521490055
62,91529,5.0,1521488726
62,91542,5.0,1521489748
62,94777,3.5,1521490234
62,94864,3.5,1521490107
62,96079,4.5,1521489704
62,96861,3.5,1529611221
62,97921,4.0,1521489732
62,97938,4.5,1521489658
62,98809,4.5,1521489734
62,99114,5.0,1521488759
62,99149,4.0,1524172811
62,101864,4.0,1522533578
62,102125,3.5,1521490450
62,102903,4.0,1521489785
62,103042,3.5,1525555304
62,103341,4.0,1522190324
62,104211,3.5,1521490132
62,104374,4.5,1523721884
62,104879,3.0,1525125410
62,106072,3.5,1523786562
62,106487,4.0,1521490112
62,106489,5.0,1521490444
62,106782,4.0,1521488752
62,107406,4.0,1521489944
62,108190,3.0,1525554826
62,109374,5.0,1521489662
62,109487,5.0,1521488747
62,110102,4.0,1521489943
62,111360,4.0,1524950167
62,111362,4.0,1521489750
62,111659,3.5,1521490297
62,111759,4.0,1521489609
62,112552,4.0,1521488852
62,112556,4.0,1521488746
62,112852,4.0,1521489638
62,114180,3.5,1525554378
62,114662,4.0,1521490183
62,115210,4.5,1522190590
62,115569,4.5,1521489242
62,115713,4.0,1521489156
62,116797,4.5,1521488742
62,116823,4.0,1521490236
62,117176,4.5,1521489591
62,118696,4.0,1523111252
62,119141,3.0,1525555123
62,122882,4.0,1521490340
62,122892,4.0,1521490136
62,122900,3.5,1521490276
62,122904,4.5,1521489917
62,122920,4.0,1521489966
62,122924,4.0,1525125413
62,128360,5.0,1521489877
62,128512,3.5,1523047259
62,135133,3.5,1525637477
62,135518,3.5,1530471334
62,135536,4.0,1525555066
62,135569,2.5,1521490167
62,136020,4.5,1521490068
62,136864,4.0,1525555209
62,137857,3.0,1523048818
62,139385,4.0,1521489905
62,140110,4.0,1522265901
62,159093,3.5,1523047944
63,1,5.0,1443199669
63,10,3.0,1443201199
63,47,4.0,1443201084
63,50,5.0,1443199758
63,110,2.5,1443199850
63,111,3.0,1443199818
63,150,3.0,1443201072
63,153,1.0,1443201088
63,165,4.0,1443201090
63,260,5.0,1443199688
63,296,5.0,1443201070
63,318,5.0,1443199751
63,356,3.5,1443199681
63,364,4.0,1443200128
63,367,4.0,1443201104
63,377,2.5,1443201077
63,527,4.0,1443199764
63,588,4.0,1443200252
63,589,4.0,1443199783
63,648,4.0,1443201073
63,778,4.0,1443199878
63,780,3.0,1443201081
63,858,4.0,1443199776
63,924,3.5,1443199909
63,1036,4.0,1443199792
63,1089,3.0,1443201184
63,1097,2.5,1443201101
63,1136,5.0,1443199789
63,1193,4.0,1443201170
63,1196,5.0,1443199754
63,1198,5.0,1443199755
63,1200,2.5,1443199762
63,1201,4.0,1443199813
63,1203,4.0,1443735650
63,1208,5.0,1443199821
63,1213,4.0,1443201226
63,1214,2.5,1443199787
63,1221,4.0,1443201175
63,1265,3.0,1443201196
63,1270,5.0,1443199663
63,1291,4.0,1443199779
63,1387,3.0,1443200100
63,1527,3.5,1443200201
63,1580,2.0,1443201093
63,1682,3.5,1443201256
63,1732,0.5,1443199918
63,1923,2.0,1443201254
63,2028,3.5,1443199838
63,2115,4.0,1443200254
63,2329,4.0,1443199801
63,2571,3.5,1443199667
63,2858,5.0,1443199797
63,2959,5.0,1443200442
63,3000,3.5,1443200472
63,3578,3.0,1443199923
63,3623,2.5,1443200578
63,3717,2.5,1443200635
63,4011,3.5,1443199845
63,4022,3.0,1443200566
63,4226,3.5,1443200550
63,4262,2.5,1443199912
63,4306,2.5,1443200549
63,4878,3.0,1443199871
63,4886,3.5,1443200554
63,4896,1.5,1443200572
63,4963,4.0,1443200556
63,4993,4.0,1443199786
63,4995,4.0,1443200558
63,5218,4.0,1443290261
63,5349,0.5,1443200379
63,5418,4.0,1443200560
63,5445,4.0,1443200261
63,5464,4.0,1443290320
63,5618,4.0,1443200445
63,5872,3.0,1443200798
63,5952,3.5,1443200469
63,5989,4.0,1443200569
63,6365,2.0,1443200574
63,6539,4.0,1443200039
63,6874,3.5,1443199987
63,6934,3.0,1443290270
63,7153,4.0,1443199780
63,7254,2.5,1443290300
63,7361,5.0,1443200470
63,7438,2.5,1443200006
63,8665,3.0,1443200020
63,8874,5.0,1443199966
63,30793,2.5,1443368323
63,31658,4.0,1443200483
63,32587,5.0,1443200021
63,33004,3.5,1443200735
63,33794,3.5,1443199905
63,41566,3.0,1443290332
63,45722,4.0,1443200624
63,48516,4.5,1443199828
63,48780,3.5,1443200478
63,49272,4.0,1443368271
63,50872,2.5,1443199730
63,53125,3.5,1443290371
63,53972,4.0,1443200358
63,54259,3.5,1443200858
63,58559,5.0,1443199770
63,59615,4.0,1443729588
63,60069,4.0,1443199853
63,68358,3.5,1443368303
63,68954,4.0,1443200509
63,71535,4.0,1443200052
63,73017,4.0,1443200123
63,74458,4.0,1443200693
63,77561,2.5,1443200324
63,78499,4.0,1443200970
63,79132,3.5,1443200448
63,81845,4.5,1443200952
63,85414,4.0,1443200160
63,88140,4.0,1443200372
63,89745,3.5,1443199946
63,91500,0.5,1443200265
63,91529,5.0,1443199885
63,91630,4.0,1443200291
63,96079,3.5,1443200115
63,97913,5.0,1443348579
63,102445,4.5,1443200092
63,106487,0.5,1443200230
63,106696,5.0,1443461176
63,108932,5.0,1443348415
63,110102,4.0,1443200150
63,111362,3.5,1443200063
63,111759,4.0,1443199982
63,111781,5.0,1443200278
63,112852,4.0,1443199980
63,115617,5.0,1443199933
63,122892,4.0,1443200176
63,134853,5.0,1443200486
64,1,4.0,1161520134
64,47,4.5,1161520185
64,48,3.0,1161529467
64,50,3.0,1161528982
64,70,4.0,1161559767
64,110,4.0,1161520230
64,111,4.0,1161521289
64,153,2.5,1161520389
64,253,4.0,1161521002
64,260,3.5,1161520007
64,296,4.5,1161520143
64,318,5.0,1161520540
64,356,4.0,1161520004
64,364,4.0,1161520878
64,367,3.5,1161520598
64,377,3.0,1161520155
64,527,5.0,1161520178
64,588,4.0,1161520247
64,589,4.0,1161520454
64,778,5.0,1161521611
64,780,3.0,1161520462
64,858,5.0,1161520037
64,919,4.0,1161521149
64,924,1.0,1161521031
64,1028,4.0,1161559800
64,1036,3.0,1161520494
64,1089,4.0,1161520988
64,1090,5.0,1161528856
64,1097,4.5,1161520129
64,1101,3.0,1161521245
64,1136,4.0,1161520638
64,1193,5.0,1161528996
64,1196,3.5,1161520897
64,1203,5.0,1161565961
64,1208,5.0,1161521096
64,1213,5.0,1161520853
64,1214,4.0,1161520595
64,1221,5.0,1161528995
64,1240,3.5,1161520175
64,1258,3.5,1161521337
64,1265,4.0,1161520350
64,1387,5.0,1161521187
64,1527,3.5,1161520360
64,1580,3.5,1161520051
64,1625,3.0,1161521622
64,1682,4.0,1161520745
64,1732,5.0,1161521585
64,1907,4.0,1161566450
64,1917,2.5,1161520519
64,1961,4.0,1161520193
64,2023,3.5,1161529245
64,2028,4.0,1161520159
64,2115,3.0,1161521395
64,2161,4.0,1161559639
64,2174,3.5,1161520624
64,2329,4.0,1161519962
64,2355,4.0,1161520576
64,2571,4.0,1161519966
64,2640,4.5,1161519699
64,2706,2.5,1161520644
64,2761,5.0,1161565763
64,2762,4.5,1161520995
64,2858,2.5,1161520054
64,2959,4.5,1161520542
64,3114,4.0,1161520511
64,3147,4.0,1161520923
64,3717,2.5,1161529326
64,4011,4.5,1161520796
64,4016,4.5,1161564478
64,4022,3.5,1161521294
64,4226,4.5,1161520122
64,4262,3.5,1161559735
64,4306,3.5,1161520021
64,4308,3.0,1161521141
64,4776,4.0,1161529258
64,4878,4.0,1161520780
64,4886,4.0,1161520043
64,4896,3.5,1161520592
64,4973,5.0,1161520450
64,4993,4.5,1161519956
64,5218,3.5,1161521167
64,5254,3.0,1161563848
64,5266,4.0,1161528870
64,5418,3.5,1161520694
64,5445,4.0,1161519691
64,5816,3.5,1161520344
64,5952,4.5,1161519958
64,6365,3.0,1161520443
64,6373,3.5,1161521692
64,6377,5.0,1161520313
64,6539,4.0,1161520011
64,6874,4.0,1161520239
64,7153,4.5,1161519718
64,7254,3.0,1161521699
64,7293,3.0,1161559745
64,7361,4.5,1161519997
64,7438,4.0,1161520059
64,8368,3.5,1161520296
64,8874,5.0,1161528841
64,8957,3.5,1161559613
64,8961,3.5,1161520721
64,27773,5.0,1161529930
64,30707,3.5,1161520729
64,30793,4.0,1161520874
64,32587,4.5,1161521307
64,33794,4.0,1161520706
64,40815,4.0,1161520530
64,41566,4.0,1161520426
64,41569,4.0,1161520959
65,318,4.0,1494767049
65,527,4.0,1494767109
65,1036,3.0,1494767212
65,1246,4.0,1494767216
65,1682,4.5,1494767202
65,2028,4.0,1494768486
65,2329,4.5,1494767143
65,2959,4.5,1494767045
65,3147,4.5,1494767156
65,4226,4.0,1494767113
65,4993,3.5,1494767062
65,7153,4.0,1494767041
65,7458,3.5,1494767330
65,44191,4.5,1494767097
65,48780,4.5,1494802296
65,58559,4.5,1494802468
65,64614,4.5,1494802276
65,74458,4.5,1494768535
65,79132,4.5,1494802456
65,88140,3.0,1494767074
65,89774,4.0,1494767219
65,91542,4.5,1494767081
65,97752,4.0,1494767354
65,97921,3.0,1494767083
65,109487,4.5,1494802244
65,111759,4.0,1494802716
65,116797,4.5,1494767104
65,122904,3.0,1494767242
66,1,4.0,1104643957
66,47,5.0,1093747353
66,50,4.0,1104644110
66,110,5.0,1093747481
66,111,4.5,1099187536
66,260,2.5,1093747550
66,296,5.0,1093747506
66,318,4.5,1093747397
66,356,5.0,1093747854
66,457,3.0,1093747700
66,541,5.0,1093748041
66,589,4.0,1104643949
66,780,3.5,1104643954
66,919,3.5,1104645169
66,1036,4.0,1093747439
66,1089,4.0,1093747663
66,1090,4.0,1093747746
66,1136,5.0,1093747499
66,1196,4.0,1093747539
66,1198,3.0,1104644125
66,1200,5.0,1093747661
66,1201,5.0,1099187356
66,1203,4.5,1099187301
66,1213,3.5,1099187078
66,1214,4.0,1093747875
66,1240,4.0,1093747795
66,1246,4.5,1093144016
66,1258,4.0,1093747860
66,1259,3.5,1093747427
66,1265,3.5,1093748059
66,1270,3.0,1093747585
66,1370,3.5,1093144021
66,1527,3.0,1093143939
66,1625,4.5,1099187514
66,1682,4.5,1093747644
66,1917,3.0,1113190108
66,1923,4.0,1093747647
66,1961,4.0,1093747568
66,2028,4.5,1093747622
66,2115,3.0,1099187073
66,2288,5.0,1113190069
66,2355,3.5,1093143963
66,2571,5.0,1093747372
66,2628,3.0,1113190079
66,2706,4.0,1093143957
66,2762,5.0,1093747384
66,2858,5.0,1093747418
66,2959,5.0,1093143975
66,3578,3.5,1093747720
66,4226,5.0,1093747316
66,4306,5.0,1093144044
66,4886,4.5,1099187215
66,4993,5.0,1093747405
66,5349,4.0,1093747788
66,5418,5.0,1093748020
66,5445,3.5,1093747761
66,5459,2.0,1113188404
66,5464,5.0,1093747535
66,5618,4.5,1093747753
66,5952,5.0,1093747320
66,6377,4.5,1093747322
66,6378,4.5,1113189909
66,6539,3.5,1093747292
66,6754,4.5,1113190465
66,6874,5.0,1093747485
66,7143,4.5,1093747894
66,7153,5.0,1093747306
66,7293,4.5,1097804045
66,7361,4.5,1104643987
66,7438,5.0,1093747275
66,8665,5.0,1093747996
66,8874,5.0,1112589663
66,8961,4.0,1104644077
67,296,4.5,1501273753
67,318,4.5,1501274024
67,356,4.5,1501274064
67,589,3.5,1501273841
67,1036,4.0,1501273849
67,1270,4.5,1501273836
67,1291,3.5,1501274102
67,1527,5.0,1501273646
67,1580,4.0,1501273559
67,2028,4.5,1501273553
67,2329,3.0,1501273601
67,2571,4.5,1501273541
67,2858,4.0,1501273550
67,2959,4.5,1501273544
67,4011,4.5,1501273607
67,4306,3.5,1501273883
67,4886,4.5,1501273889
67,4993,2.0,1501274083
67,5418,3.0,1501274015
67,5952,2.0,1501274082
67,6377,4.0,1501273885
67,6539,4.5,1501273908
67,7153,2.0,1501274080
67,60069,3.5,1501273959
67,68157,4.0,1501273924
67,79132,4.0,1501273757
67,99114,4.0,1501274191
68,1,2.5,1158531426
68,10,4.5,1158531612
68,47,4.0,1158531489
68,48,4.0,1158533544
68,50,3.0,1158531764
68,70,4.0,1158534541
68,110,2.5,1158531496
68,150,3.0,1158531364
68,153,3.0,1158531596
68,165,3.5,1158531548
68,253,2.5,1158531739
68,260,5.0,1158531191
68,296,2.0,1180916156
68,318,3.0,1158531293
68,356,3.5,1158531181
68,364,4.5,1158531894
68,367,3.0,1158531592
68,377,5.0,1158531516
68,457,4.5,1158531542
68,527,4.0,1305861414
68,541,2.0,1158532190
68,588,3.5,1158531766
68,589,3.5,1158531164
68,594,3.0,1158532827
68,648,4.0,1158531681
68,780,4.0,1158531402
68,858,4.0,1268848984
68,919,3.0,1158531038
68,920,5.0,1158532765
68,924,1.5,1158532482
68,1028,2.5,1158533303
68,1036,3.0,1158531885
68,1089,3.5,1158532755
68,1090,2.5,1240093386
68,1097,1.5,1158531418
68,1101,3.5,1158533140
68,1136,3.5,1158532161
68,1193,3.0,1240092977
68,1196,5.0,1158531361
68,1198,5.0,1158531882
68,1200,2.5,1158531997
68,1201,3.5,1230497900
68,1208,3.0,1158532363
68,1213,3.5,1240093011
68,1214,2.0,1158531713
68,1219,4.5,1158532359
68,1221,3.0,1158531015
68,1240,4.0,1158531602
68,1258,3.5,1158532317
68,1265,2.5,1158531759
68,1270,3.0,1271544201
68,1291,5.0,1158531732
68,1370,2.5,1158532812
68,1377,3.5,1158533408
68,1380,3.5,1158532790
68,1387,3.5,1158532008
68,1527,3.0,1158531651
68,1562,3.5,1158534919
68,1580,4.0,1158531346
68,1584,2.5,1158531968
68,1625,2.0,1158532719
68,1653,2.5,1158532274
68,1676,2.0,1158532501
68,1682,4.5,1158531979
68,1721,3.0,1158531226
68,1732,0.5,1158532491
68,1917,3.0,1158531708
68,1923,4.0,1158531081
68,1954,3.5,1230497753
68,1961,2.5,1158531027
68,2023,3.5,1158533286
68,2028,4.0,1158531283
68,2115,4.0,1271544860
68,2161,2.0,1158533863
68,2174,2.5,1158531910
68,2288,3.0,1230498441
68,2329,2.5,1158532441
68,2355,3.0,1158531701
68,2571,4.5,1158531187
68,2572,4.5,1158534664
68,2628,3.0,1158531291
68,2640,3.5,1158531936
68,2706,4.0,1268849086
68,2762,2.5,1158531219
68,2858,5.0,1158531519
68,2947,3.5,1158533350
68,2949,3.5,1158535249
68,2953,0.5,1158535533
68,2959,2.5,1158531333
68,3000,3.5,1158535147
68,3114,3.0,1271544523
68,3147,3.5,1158532167
68,3471,1.5,1254028207
68,3527,3.5,1158532314
68,3578,4.0,1158531236
68,3623,4.5,1158531686
68,3717,3.0,1158533581
68,4011,3.0,1158532130
68,4016,4.0,1268849072
68,4022,2.0,1158531783
68,4226,4.0,1158531458
68,4262,5.0,1158533289
68,4306,5.0,1158531222
68,4308,1.5,1158532299
68,4366,3.0,1526948498
68,4643,2.0,1158532884
68,4776,4.5,1158533118
68,4878,2.5,1158532153
68,4886,4.5,1158531462
68,4896,5.0,1158531717
68,4963,3.5,1158531698
68,4973,2.0,1158531456
68,4993,4.5,1158531063
68,4995,3.5,1158531267
68,5218,3.5,1158532311
68,5254,3.5,1158534696
68,5266,2.0,1158533058
68,5349,4.5,1158531619
68,5418,4.5,1158531568
68,5444,4.5,1158534160
68,5445,3.0,1158531331
68,5459,3.5,1180916147
68,5464,2.0,1233381166
68,5618,2.5,1198454699
68,5816,5.0,1158531666
68,5872,3.5,1158533559
68,5952,4.0,1158531245
68,5989,3.5,1158531389
68,5995,4.0,1208744728
68,6365,4.0,1158531306
68,6373,3.5,1158532493
68,6377,4.5,1271544881
68,6378,3.0,1158532836
68,6537,3.0,1158532334
68,6539,5.0,1158531197
68,6564,3.0,1158535887
68,6754,3.5,1158534952
68,6874,3.0,1158531535
68,6934,3.5,1158531776
68,7143,4.5,1158532025
68,7153,4.5,1158531337
68,7254,2.5,1158533261
68,7293,2.5,1158535370
68,7361,4.5,1158531395
68,7438,3.0,1158531214
68,7458,4.0,1158533071
68,8368,5.0,1158531664
68,8529,2.5,1158533300
68,8533,3.0,1233376587
68,8644,3.0,1158532939
68,8665,3.5,1158531645
68,8874,4.0,1158532111
68,8961,3.5,1158531177
68,8972,3.0,1240093282
68,8984,3.0,1158533305
68,8985,3.5,1269123148
68,27773,1.0,1269120988
68,32587,5.0,1158531868
68,33004,3.0,1180915958
68,33615,3.5,1230498551
68,33794,2.5,1158531231
68,34048,2.0,1158532246
68,40815,5.0,1158531466
68,41566,4.5,1158531538
68,41569,4.5,1158531585
68,42738,3.0,1269122762
68,44022,3.5,1268849053
68,44191,3.0,1158531296
68,45186,2.0,1158533400
68,45517,4.5,1166402434
68,45720,4.5,1271544885
68,45722,4.5,1158531258
68,46530,4.5,1166392804
68,46972,3.0,1261623505
68,47200,2.0,1269122780
68,48394,4.5,1198454548
68,48516,3.5,1180915910
68,48780,3.5,1252727923
68,49272,5.0,1180915427
68,49530,3.0,1198454751
68,50872,4.0,1198454471
68,51540,3.0,1230497927
68,51662,4.0,1198454565
68,52722,3.0,1198454680
68,53125,4.5,1198454572
68,53464,3.0,1261623961
68,53972,3.0,1208743400
68,54001,5.0,1198454306
68,54259,4.0,1312685661
68,54997,4.5,1208744668
68,55820,3.5,1208744692
68,56174,3.5,1218679021
68,57640,3.5,1240093573
68,58559,5.0,1218679006
68,58998,5.0,1208743388
68,59315,4.5,1218678955
68,59369,5.0,1252729690
68,59501,2.5,1240093161
68,59615,1.0,1230497684
68,59784,3.5,1233376560
68,60040,3.0,1269120984
68,60069,4.5,1233381171
68,60072,2.5,1230498053
68,60074,3.0,1261622690
68,60514,3.0,1275958483
68,60684,3.5,1240092511
68,63082,4.5,1240092484
68,63113,3.0,1230497844
68,66097,3.0,1261085664
68,68157,4.5,1252727861
68,68358,4.0,1252727913
68,68554,3.0,1268848741
68,68791,3.5,1261622515
68,68954,3.0,1261084433
68,69122,4.5,1261084618
68,69644,3.0,1269122279
68,69844,4.0,1252727892
68,70286,4.0,1252727878
68,71535,5.0,1268849094
68,72998,5.0,1261622471
68,73017,3.0,1268687395
68,74458,3.0,1332628678
68,74789,4.0,1269120961
68,76093,5.0,1291164826
68,77561,4.0,1273861471
68,78499,3.5,1305861268
68,78772,2.0,1293499844
68,79091,3.0,1332628605
68,79132,5.0,1305861331
68,80463,3.5,1305861291
68,81564,4.5,1304977737
68,81591,3.5,1305861319
68,81845,3.0,1357084228
68,81847,4.0,1304374485
68,82459,3.5,1316322183
68,86332,3.5,1332629042
68,86880,1.5,1526948402
68,87430,3.5,1312685419
68,88129,3.0,1332628226
68,88140,3.5,1313622704
68,88744,4.0,1313622695
68,89745,4.5,1336605252
68,89774,3.0,1332628553
68,91500,5.0,1351295099
68,91529,4.0,1346109699
68,91630,3.0,1342219808
68,92420,2.0,1343932997
68,93510,5.0,1342219841
68,93840,3.5,1351295106
68,94864,3.0,1355269781
68,95167,3.0,1359323339
68,95441,3.5,1526948408
68,95510,4.0,1357084104
68,96079,4.5,1355269764
68,97913,4.0,1372618197
68,97921,3.5,1372618271
68,98809,4.5,1359323180
68,99114,2.5,1526948305
68,102407,2.5,1526948485
68,102445,5.0,1372618131
68,103042,4.5,1372911486
68,103249,3.5,1526948388
68,104841,3.0,1526947692
68,106487,4.0,1526947632
68,106489,3.0,1526947640
68,106782,3.0,1526947699
68,107406,1.5,1527554136
68,109374,3.5,1526948316
68,111362,3.0,1532897143
68,111759,4.5,1526947629
68,112175,4.5,1526948447
68,112183,1.5,1526948363
68,112852,4.5,1526947558
68,116797,3.5,1526947636
68,116823,4.0,1526948380
68,117529,4.0,1526948395
68,118696,3.0,1526948415
68,122882,5.0,1526948311
68,122904,4.0,1526947540
68,134130,5.0,1526947541
68,139385,3.0,1526948372
69,50,5.0,1021646926
69,260,5.0,1021643144
69,296,5.0,1021644176
69,318,5.0,1021646944
69,356,4.0,1021643709
69,541,5.0,1021643744
69,589,4.0,1021643884
69,924,5.0,1021645837
69,1101,5.0,1021645224
69,1193,5.0,1021642934
69,1196,5.0,1021643068
69,1258,5.0,1021643477
69,1580,4.0,1021645562
69,1721,4.0,1021643744
69,1917,4.0,1021645562
69,2571,5.0,1021643884
69,2628,4.0,1021645687
69,2762,5.0,1021647032
69,4022,4.0,1021647579
69,4643,4.0,1021645486
69,4963,3.0,1021646104
70,150,4.0,1355198045
70,318,4.5,1355185390
70,356,4.0,1355198377
70,527,5.0,1355198357
70,858,5.0,1355198320
70,1097,4.5,1355185283
70,1193,5.0,1355198584
70,1246,5.0,1355198395
70,1259,4.5,1355198298
70,1270,4.0,1355198332
70,1682,3.5,1355198544
70,1954,4.5,1355185315
70,2858,4.0,1355185380
70,3147,2.5,1355198512
70,4306,4.0,1355198229
70,4995,4.5,1355198459
70,5995,4.0,1355198446
70,7361,4.5,1355185235
70,55820,4.0,1355198524
70,63082,5.0,1355198254
71,1,5.0,864737933
71,165,5.0,864739931
71,260,3.0,864737969
71,589,3.0,864739946
71,648,4.0,864739239
71,733,3.0,864737969
71,780,5.0,864737933
71,1036,4.0,864739931
71,1101,5.0,864739360
71,1240,4.0,864739946
71,1370,4.0,864739931
72,47,4.5,1217324851
72,50,4.5,1217324720
72,110,4.5,1217324791
72,150,4.0,1217324795
72,165,4.0,1217324886
72,260,5.0,1217324775
72,296,4.5,1217324757
72,318,5.0,1217324771
72,356,4.0,1217324762
72,377,3.5,1217324831
72,457,4.5,1217324789
72,527,4.5,1217324706
72,589,4.5,1217324801
72,648,4.0,1217324936
72,780,3.5,1217324805
72,858,4.5,1217324695
72,1193,4.0,1217324703
72,1196,4.5,1217324882
72,1198,4.5,1217324858
72,1221,4.5,1217324698
72,1270,4.0,1217324884
72,2329,4.5,1217324969
72,2571,5.0,1217324848
72,2858,4.5,1217324839
72,4973,5.0,1217324685
72,56174,4.5,1217323649
73,1,4.5,1464196374
73,150,2.0,1464196379
73,260,2.0,1464196535
73,924,4.0,1464282755
73,1193,5.0,1464282741
73,1682,5.0,1464196138
73,1732,5.0,1464267306
73,2028,5.0,1464267293
73,2706,3.5,1464267308
73,2858,5.0,1464267288
73,4016,2.5,1464197231
73,4226,4.0,1464267291
73,4306,2.5,1464196962
73,4878,5.0,1464267305
73,4886,4.0,1464196969
73,4995,4.0,1464196972
73,6373,3.0,1464275221
73,6377,4.5,1464196965
73,6539,4.5,1464196275
73,6874,5.0,1464275196
73,7438,4.0,1464275199
73,8533,3.0,1464197274
73,8961,4.0,1464196975
73,8972,5.0,1464198831
73,30793,3.5,1464197149
73,41566,3.0,1464197158
73,45720,4.0,1464197299
73,45722,4.0,1464196283
73,47099,4.0,1464275325
73,49272,5.0,1464275210
73,51540,4.5,1464275338
73,52722,5.0,1464275313
73,53125,4.5,1464196291
73,58559,4.5,1464196527
73,58998,3.5,1464199539
73,59315,4.0,1464275201
73,59784,2.5,1464196885
73,60684,5.0,1464275277
73,63992,2.0,1464282935
73,64957,3.5,1464196899
73,66097,1.5,1464198516
73,68135,3.5,1464198141
73,68157,5.0,1464275211
73,68358,5.0,1464275224
73,68954,4.0,1464196694
73,69122,3.0,1464197125
73,69644,1.0,1464198312
73,70286,3.5,1464275226
73,71535,5.0,1464275275
73,72998,3.5,1464197071
73,73017,5.0,1464275240
73,74458,4.5,1464275229
73,78499,5.0,1464196177
73,79091,3.5,1464197287
73,79132,2.5,1464196520
73,80463,4.0,1464199412
73,81562,4.0,1464275376
73,81591,4.0,1464199392
73,86332,5.0,1464275342
73,86880,3.5,1464196302
73,87430,1.0,1464199377
73,87869,3.5,1464198213
73,88140,4.5,1464197386
73,89745,4.0,1464199263
73,91500,4.0,1464199280
73,91529,5.0,1464282897
73,91542,5.0,1464282920
73,93510,4.5,1464197916
73,93840,2.0,1464282962
73,95441,3.5,1464199298
73,95510,4.0,1464282941
73,96079,5.0,1464275316
73,97921,3.5,1464197321
73,99114,5.0,1464275230
73,102407,3.5,1464196199
73,102445,5.0,1464282924
73,103141,4.5,1464196999
73,103249,4.0,1464282975
73,103335,2.0,1464198316
73,104211,3.5,1464198234
73,106072,5.0,1464282996
73,106782,4.5,1464197233
73,108932,3.5,1464197927
73,109374,5.0,1464275303
73,109487,4.5,1464197113
73,110102,5.0,1464282930
73,111362,5.0,1464275356
73,111921,3.5,1464199220
73,112138,4.0,1464197934
73,112183,2.5,1464282951
73,112556,4.0,1464197220
73,112788,2.5,1464198585
73,112852,5.0,1464275288
73,113378,1.0,1464196354
73,115617,5.0,1464282914
73,116823,4.0,1464282976
73,117590,4.0,1464198220
73,122892,5.0,1464282953
73,122904,4.5,1464196265
73,134393,3.5,1464198449
73,134853,4.0,1464196486
73,138036,2.5,1464196603
73,140110,4.0,1464196591
73,151739,2.5,1464198160
74,111,5.0,1207500396
74,296,5.0,1207499596
74,858,5.0,1207501497
74,1193,5.0,1207501807
74,1208,5.0,1207501319
74,1209,4.0,1207502875
74,1219,4.5,1207501896
74,1221,5.0,1207502422
74,2858,5.0,1207501309
74,4226,4.0,1207500729
74,4878,4.0,1207501462
74,4973,5.0,1207500854
74,5995,5.0,1207499219
74,27773,5.0,1207501803
74,30707,4.0,1207502554
74,48394,4.5,1207500361
74,48516,5.0,1207500600
74,51540,4.0,1207500465
74,55820,4.5,1207500062
75,47,2.0,1158968272
75,260,5.0,1158989756
75,541,4.0,1158989785
75,589,4.5,1158989827
75,920,3.0,1158967791
75,924,3.5,1158967613
75,1036,4.0,1158989815
75,1090,1.0,1158967824
75,1196,4.5,1158990239
75,1198,4.5,1158990045
75,1200,2.5,1158967713
75,1214,4.5,1158967602
75,1240,4.0,1158990196
75,1291,4.5,1158990090
75,1653,2.0,1158967079
75,1721,2.5,1158967893
75,2115,3.5,1158990116
75,2571,1.0,1158967564
75,2628,1.0,1158967457
75,2640,1.5,1158967058
75,4306,4.0,1158982794
75,4993,5.0,1158967649
75,5445,2.0,1158967067
75,5952,4.0,1158982929
75,7153,4.0,1158967110
75,8961,4.0,1158982785
75,44191,4.5,1158982577
76,1,0.5,1439165548
76,47,3.5,1439168120
76,48,0.5,1439168949
76,111,3.0,1439166428
76,260,4.0,1439165601
76,296,4.5,1439165672
76,318,3.0,1439165638
76,356,1.0,1439165536
76,541,3.5,1439167669
76,588,0.5,1439168197
76,589,3.5,1439168185
76,778,4.5,1439166459
76,858,5.0,1439165633
76,1089,4.5,1439166069
76,1136,5.0,1439166982
76,1196,4.0,1439168691
76,1201,1.5,1439168755
76,1208,4.0,1439167500
76,1213,5.0,1439165644
76,1214,4.0,1439166544
76,1221,4.5,1439166402
76,1258,3.5,1439168762
76,1682,2.5,1439168248
76,1732,4.0,1439168285
76,2571,4.0,1439165565
76,2628,2.0,1439168151
76,2762,4.0,1439168123
76,2858,4.0,1439167032
76,2959,4.5,1439165676
76,4226,4.5,1439168156
76,4878,2.5,1439165692
76,4963,3.5,1439168260
76,5445,3.5,1439168250
76,5952,3.0,1439168386
76,6373,2.0,1439165830
76,6377,0.5,1439168391
76,6539,2.0,1439168232
76,6874,3.5,1439168272
76,6934,3.0,1439165734
76,7143,2.0,1439165745
76,7153,3.0,1439168389
76,7254,3.0,1439165863
76,8957,5.0,1439165914
76,8961,0.5,1439168397
76,30707,4.0,1439165832
76,33004,4.0,1439165905
76,34048,3.0,1439165897
76,40815,3.0,1439165812
76,41566,1.5,1439165880
76,51662,3.0,1439167904
76,55820,3.0,1439167909
76,56174,2.0,1439167954
76,58559,3.0,1439167675
76,63992,0.5,1439168031
76,68157,4.0,1439167377
76,69122,3.0,1439167917
76,73017,2.0,1439167928
76,74458,4.0,1439167957
76,79132,4.0,1439167492
76,80463,3.0,1439167964
76,82461,3.0,1439168064
76,99114,4.0,1439168587
76,117176,2.0,1439168494
77,260,5.0,1535107459
77,1196,5.0,1535107474
77,1198,5.0,1535107476
77,2571,5.0,1535107478
77,3578,5.0,1535107514
77,4226,2.5,1535107521
77,4878,1.0,1535107550
77,4973,2.5,1535107527
77,4993,5.0,1535107512
77,5349,5.0,1535107538
77,5418,2.5,1535107545
77,5816,5.0,1535107557
77,5952,5.0,1535107482
77,5989,2.0,1535107548
77,6539,4.0,1535107525
77,7153,5.0,1535107481
77,7361,2.0,1535107532
77,7438,2.0,1535107546
77,8961,5.0,1535107541
77,33794,5.0,1535107540
77,58559,5.0,1535107519
77,79132,2.5,1535107524
77,109487,4.0,1535107560
78,1,4.0,1252575124
78,150,4.0,1252575119
78,165,3.0,1252574722
78,260,3.5,1252575114
78,296,4.0,1252574962
78,318,4.5,1252575010
78,356,3.0,1252575107
78,377,3.5,1252575197
78,589,4.5,1252574790
78,648,3.0,1252575204
78,780,3.5,1252575127
78,1036,5.0,1252574711
78,1198,4.5,1252575207
78,1200,3.0,1252575261
78,1240,5.0,1252574777
78,1270,4.0,1252575264
78,1291,4.0,1252575255
78,1370,4.0,1252574717
78,2571,4.5,1252575194
78,6537,1.0,1252574781
78,53972,1.5,1252574724
78,59315,3.0,1252575270
78,68358,4.0,1252575239
78,68791,2.0,1252574796
79,260,5.0,975281842
79,377,4.0,975282070
79,457,4.0,975281934
79,589,5.0,975282037
79,858,5.0,975281842
79,1196,5.0,975281343
79,1200,4.0,975281975
79,1221,5.0,975281842
79,1240,4.0,975281904
79,1291,5.0,975282037
79,1387,5.0,975281874
79,1580,4.0,975282111
79,1954,4.0,975281904
79,2028,5.0,975281874
79,2571,4.0,975281874
79,2947,5.0,975281975
79,3578,2.0,975282111
80,50,4.5,1377308037
80,150,4.0,1377308715
80,318,5.0,1377308028
80,648,4.5,1377308459
80,858,4.0,1377308032
80,1200,4.5,1377473772
80,1214,5.0,1377308249
80,1221,4.0,1377308052
80,1258,4.0,1377473798
80,1527,4.0,1377308323
80,1625,4.5,1377308153
80,1676,3.5,1377308350
80,2571,4.5,1377308089
80,2959,5.0,1377308074
80,3147,4.0,1377308769
80,3527,4.0,1377308343
80,3623,4.0,1377308453
80,4226,5.0,1377308099
80,4776,4.5,1377308554
80,4878,5.0,1377308179
80,4886,4.0,1377308761
80,4963,4.5,1377308707
80,4995,4.5,1377308764
80,5349,4.0,1377309022
80,5418,5.0,1377308426
80,5445,4.5,1377308306
80,5989,4.5,1377308736
80,6365,4.0,1377309055
80,6539,4.0,1377308697
80,6754,5.0,1377391501
80,6874,4.5,1377308812
80,6934,4.5,1377309127
80,7438,4.5,1377308987
80,8644,4.5,1377308277
80,8665,5.0,1377308431
80,8957,4.5,1377309223
80,33794,5.0,1377308792
80,34048,4.0,1377308367
80,42738,4.5,1377391508
80,44191,4.0,1377308717
80,45186,4.5,1377308448
80,48394,4.5,1377308755
80,48516,4.0,1377308996
80,48780,5.0,1377308136
80,49272,4.5,1377308503
80,49530,4.0,1377308766
80,51662,4.5,1377308790
80,53972,4.0,1377308985
80,56174,4.5,1377308393
80,58559,5.0,1377308057
80,59315,4.5,1377308725
80,59369,5.0,1377308712
80,60684,4.0,1377308787
80,63113,4.5,1377308497
80,65682,4.5,1377391971
80,69122,4.0,1377308777
80,70286,4.5,1377308243
80,71535,4.0,1377308802
80,72998,4.0,1377308733
80,74458,4.5,1377308784
80,77561,4.5,1377309113
80,79132,4.5,1377308096
80,81591,4.0,1377308981
80,85414,4.5,1377308300
80,90405,4.0,1377308290
80,91500,4.5,1377308401
80,91535,4.0,1377308443
80,91630,4.5,1377308470
80,91974,4.5,1377391147
80,93840,4.0,1377309057
80,94864,5.0,1377308255
80,96079,4.5,1377308526
80,100383,4.5,1377309093
80,101864,4.0,1377308272
80,102125,4.0,1377309044
80,103075,4.0,1377391150
80,103249,4.0,1377390865
80,103688,4.0,1377309232
81,10,1.0,845299756
81,47,3.0,845299983
81,110,3.0,845299756
81,150,3.0,845299424
81,153,3.0,845299505
81,165,3.0,845299504
81,296,3.0,845299424
81,318,3.0,845299677
81,356,2.0,845299676
81,364,2.0,845299844
81,367,1.0,845299844
81,377,3.0,845299844
81,457,4.0,845299563
81,588,2.0,845299505
81,589,5.0,845299844
82,1,2.5,1084467729
82,10,3.5,1084467796
82,47,3.5,1084467783
82,110,4.5,1084467714
82,153,3.0,1084465021
82,165,4.0,1084467751
82,260,3.5,1084463958
82,356,4.5,1084467704
82,364,3.5,1084467782
82,367,3.5,1084521277
82,588,2.5,1084464970
82,589,4.5,1084467724
82,648,4.0,1084467757
82,733,4.0,1084467784
82,780,4.0,1084467743
82,858,3.5,1084467795
82,1036,4.0,1084467909
82,1089,3.5,1084465000
82,1101,3.0,1084465304
82,1196,4.0,1084464979
82,1198,4.5,1084464972
82,1200,3.5,1084467941
82,1201,3.0,1084463795
82,1214,3.5,1084467898
82,1221,3.0,1084464993
82,1270,4.0,1084467787
82,1291,4.5,1084463946
82,1370,4.0,1084468199
82,1377,2.5,1084465293
82,1387,2.0,1084467982
82,1527,4.0,1084468012
82,1562,2.0,1084465230
82,1580,4.0,1084467870
82,1721,2.5,1084464232
82,1923,4.0,1084464240
82,2028,3.5,1084467835
82,2115,4.5,1084463963
82,2355,2.0,1084468051
82,2571,4.0,1084467856
82,2628,3.5,1084467885
82,3578,4.5,1084468005
82,3623,2.5,1084465105
82,3717,4.0,1084467355
82,4022,2.5,1084463720
82,4306,4.0,1084468268
82,4886,1.5,1084465089
82,4993,4.0,1084468296
82,5218,4.0,1084465094
82,5349,1.5,1084463955
82,5445,3.0,1084467477
82,5459,4.0,1084466345
82,5872,4.0,1084467373
82,6373,3.5,1084465461
82,6377,3.5,1084466267
82,6378,4.0,1084467452
82,6537,4.5,1084464014
82,6539,4.5,1084467083
82,6564,4.5,1084519660
82,7153,4.0,1084465038
83,110,4.0,1332840449
83,318,5.0,1332839665
83,356,4.5,1332840553
83,364,3.5,1333842074
83,541,4.5,1333091988
83,924,5.0,1332839611
83,1036,2.5,1334193254
83,1090,1.5,1333842149
83,1246,5.0,1333171338
83,1258,5.0,1333169077
83,1270,3.5,1333842036
83,1291,1.0,1333842438
83,1653,3.5,1333841950
83,1676,3.5,1333171127
83,1682,5.0,1333170344
83,2028,5.0,1332840351
83,2115,2.0,1334193265
83,2762,4.0,1332840358
83,2858,3.5,1332839970
83,3147,3.5,1333842456
83,3578,5.0,1333170244
83,4022,3.0,1333843409
83,4226,4.5,1332839882
83,4306,3.0,1333842168
83,4963,3.0,1333843526
83,4973,5.0,1332839836
83,4993,4.0,1332840088
83,4995,3.0,1333842175
83,5349,2.5,1333842608
83,5418,0.5,1333842535
83,5952,3.5,1333843452
83,6539,3.5,1333843436
83,6874,0.5,1333842381
83,7143,3.5,1333843458
83,7153,4.5,1332840094
83,7254,3.5,1333170376
83,7438,0.5,1333842065
83,7458,3.0,1333171263
83,8874,3.0,1333842570
83,44191,4.0,1333842486
83,48394,3.5,1333843447
83,51662,1.5,1333169680
83,58559,5.0,1332839815
83,59615,2.0,1332838125
83,68954,4.5,1332840492
83,69844,3.5,1332838967
83,70286,3.5,1333843478
83,71535,2.0,1333841976
83,72998,4.5,1333170644
83,76093,2.5,1333842352
83,79132,5.0,1332839850
83,81845,4.0,1332840329
84,10,3.0,860397812
84,50,4.0,857653594
84,150,5.0,857653693
84,165,3.0,858772953
84,260,4.0,857653693
84,296,4.0,857653593
84,318,5.0,857653594
84,356,5.0,857653593
84,377,4.0,858772009
84,457,4.0,857653593
84,527,5.0,857653594
84,733,4.0,857653289
84,858,4.0,858772206
84,919,5.0,858772586
84,920,4.0,858772515
84,1028,4.0,858772136
84,1036,3.0,857653843
84,1090,4.0,858772239
84,1097,3.0,860397207
84,1101,4.0,858772292
84,1136,4.0,858772064
84,1193,4.0,858772258
84,1196,4.0,858772153
84,1198,4.0,858772111
84,1200,4.0,858772698
84,1203,4.0,858772641
84,1208,5.0,858772615
84,1213,3.0,858772461
84,1214,3.0,860397257
84,1219,4.0,858772845
84,1227,3.0,860397382
84,1246,4.0,858772136
84,1258,4.0,858772733
84,1259,4.0,858772565
84,1265,3.0,860397426
84,1270,3.0,860397278
84,1291,3.0,858772733
84,1380,4.0,860397426
84,1387,4.0,860397244
85,527,5.0,889467704
85,1584,3.0,889467110
86,1,4.0,1344082549
86,165,4.0,1344083044
86,260,4.5,1344082545
86,318,4.5,1343945158
86,356,4.0,1344083260
86,457,4.0,1344082980
86,588,4.0,1344082668
86,648,4.5,1344082866
86,780,3.5,1344083232
86,1097,4.0,1344083048
86,1196,4.0,1344083118
86,1265,4.0,1344083247
86,1721,3.5,1344082821
86,1961,4.0,1344083078
86,2028,3.5,1344082583
86,2571,4.5,1344082935
86,2628,3.5,1344082805
86,2762,4.0,1344082799
86,2858,4.0,1344082557
86,2959,3.5,1344082958
86,3578,4.0,1344082855
86,4226,4.5,1344082569
86,4306,4.0,1344082606
86,4886,4.0,1344193067
86,4963,4.5,1344083278
86,4993,4.0,1344082794
86,5266,3.5,1343944747
86,5418,4.5,1344083176
86,5445,4.0,1344082829
86,5952,4.0,1344082673
86,6373,4.0,1344192873
86,6377,4.5,1344082872
86,6539,4.0,1344082601
86,7153,4.0,1344082577
86,7361,4.5,1344082968
86,33794,4.0,1344083012
86,51662,1.5,1344192733
86,58559,4.5,1343945174
86,59315,4.0,1344083069
86,60069,3.0,1344083251
86,66097,4.5,1344192837
86,79132,4.0,1344082554
86,95510,4.5,1343944948
87,1136,5.0,1296109068
87,1584,4.0,1296109099
87,4973,5.0,1296109055
87,5618,5.0,1296109045
88,50,5.0,1331421330
88,318,5.0,1331421326
88,527,4.0,1331421334
88,1193,5.0,1331421346
88,1625,3.5,1331421490
88,1732,5.0,1331421382
88,4226,4.0,1331421887
88,4262,4.5,1331421968
88,4878,4.5,1331421809
88,4963,4.5,1331421775
88,4993,5.0,1331421804
88,4995,4.5,1331421834
88,5418,4.5,1331421388
88,5952,5.0,1331421828
88,5989,4.0,1331421744
88,5995,4.5,1331421739
88,6874,4.5,1331421477
88,7153,5.0,1331421831
88,7438,4.5,1331421464
88,8665,4.5,1331421798
88,44191,4.5,1331421759
88,48394,5.0,1331421724
88,48516,4.0,1331421817
88,55820,4.5,1331421771
88,58559,5.0,1331421795
88,68157,4.5,1331421747
88,79132,4.5,1331421494
89,1,3.0,1520408314
89,356,0.5,1520408275
89,588,1.0,1520408342
89,1136,2.5,1520408267
89,1265,1.0,1520408349
89,1270,1.0,1520408312
89,1580,1.5,1520408311
89,1682,0.5,1520408338
89,1732,2.5,1520408372
89,1923,3.5,1520408829
89,2355,3.5,1520408550
89,2706,4.0,1520408413
89,3114,3.0,1520408306
89,4306,3.0,1520408313
89,4886,4.5,1520408523
89,4973,2.0,1520408268
89,5218,4.0,1520408543
89,7293,2.0,1520408377
89,30793,2.0,1520408421
89,33004,3.0,1520408535
89,40339,4.0,1520408983
89,44022,1.0,1520408336
89,45517,1.0,1520408413
89,50872,5.0,1520409024
89,58998,3.0,1520408577
89,59784,3.5,1520408413
89,68793,4.0,1520408807
89,69122,3.5,1520408816
89,69644,4.0,1520408594
89,71535,3.5,1520408972
89,87869,2.5,1520408866
89,93510,3.0,1520408605
89,95167,1.5,1520408423
89,95543,4.0,1520408596
89,97225,5.0,1520409149
89,104211,2.5,1520408542
89,108932,5.0,1520408471
89,109374,3.5,1520408945
89,112138,3.0,1520408629
89,113453,2.5,1520408844
89,117590,4.0,1520408746
89,119141,2.5,1520408871
89,119155,4.5,1520408733
89,129354,5.0,1520408802
89,130520,2.0,1520408586
89,135887,4.5,1520408722
89,149406,4.0,1520408477
89,151739,2.0,1520408825
90,1,3.0,856353996
90,260,5.0,856354072
90,780,3.0,856353996
91,1,4.0,1112713037
91,10,3.5,1112713269
91,47,4.5,1112712832
91,50,4.5,1112712816
91,110,4.0,1112712339
91,111,4.0,1112713352
91,150,3.5,1112712023
91,153,2.0,1112711306
91,165,3.0,1112713245
91,253,4.5,1112713303
91,260,4.5,1112712846
91,296,4.5,1112711264
91,318,2.0,1112712135
91,356,3.0,1112711237
91,364,3.5,1112711195
91,367,3.5,1112713273
91,377,3.0,1112713224
91,457,4.0,1112713197
91,541,5.0,1112711219
91,588,3.5,1112711205
91,589,4.0,1112711446
91,594,3.0,1112711217
91,648,4.0,1112713238
91,733,3.0,1112713262
91,778,4.0,1112713437
91,780,3.5,1112713211
91,858,5.0,1112711140
91,919,3.0,1112713366
91,920,2.5,1112713503
91,924,3.5,1112711183
91,1028,3.0,1112713728
91,1036,4.0,1112713347
91,1089,4.0,1112711148
91,1097,3.0,1112713281
91,1101,3.0,1112711132
91,1136,5.0,1112711175
91,1193,4.0,1112711128
91,1196,4.5,1112711436
91,1198,5.0,1112712826
91,1200,5.0,1112711448
91,1201,4.5,1112716602
91,1208,2.5,1112713456
91,1213,4.0,1112712318
91,1214,5.0,1112713343
91,1219,5.0,1112710880
91,1221,4.0,1112712986
91,1240,4.5,1112711461
91,1246,2.0,1112713530
91,1258,4.5,1112710883
91,1259,3.0,1112712007
91,1265,4.0,1112713330
91,1270,3.5,1112713112
91,1291,4.0,1112712858
91,1370,3.0,1112713590
91,1377,3.0,1112712213
91,1380,2.0,1112713666
91,1387,5.0,1112713407
91,1527,4.0,1112712045
91,1580,3.5,1112711168
91,1584,3.0,1112711146
91,1653,4.5,1112712176
91,1676,4.0,1112713669
91,1682,4.0,1112713540
91,1917,2.5,1112710847
91,1923,3.0,1112711077
91,1954,5.0,1112713821
91,1961,3.5,1112713372
91,2028,4.5,1112713067
91,2115,3.5,1112712160
91,2174,4.0,1112711866
91,2288,5.0,1112711595
91,2355,3.5,1112713442
91,2403,4.5,1112716771
91,2571,5.0,1112712839
91,2628,4.0,1112713335
91,2706,2.0,1112711096
91,2761,5.0,1112711475
91,2762,4.0,1112712914
91,2947,4.5,1112713096
91,2949,3.0,1112711518
91,2959,4.5,1112711473
91,3000,4.0,1112711478
91,3114,4.0,1112713040
91,3147,2.5,1112713009
91,3471,4.0,1112713813
91,3578,3.5,1112713384
91,3623,2.0,1112712123
91,4226,4.5,1112712170
91,4262,3.5,1112712995
91,4306,5.0,1112713468
91,4878,4.0,1112712017
91,4886,4.0,1112712128
91,4896,4.0,1112717839
91,4963,3.5,1112712364
91,4993,4.5,1112711439
91,5349,5.0,1112712351
91,5418,4.0,1112716504
91,5445,3.5,1112712361
91,5459,2.5,1112712384
91,5464,2.5,1112713160
91,5618,4.0,1112712849
91,5952,4.0,1112713695
91,5989,2.5,1112713128
91,6365,3.0,1112716620
91,6378,3.0,1112712373
91,6539,5.0,1112712353
91,6874,4.0,1112711490
91,7153,4.5,1112711441
91,7438,4.0,1112711466
91,8368,4.5,1112711255
91,8874,5.0,1112711481
91,8961,4.5,1112712003
92,2572,5.0,1294941782
92,51662,4.5,1294942835
93,1,3.0,942767337
93,10,4.0,942946208
93,110,5.0,942947377
93,150,5.0,942947377
93,153,4.0,942946445
93,260,5.0,942946932
93,318,4.0,942947205
93,356,5.0,942766907
93,367,5.0,942946986
93,527,5.0,942947205
93,588,4.0,942766957
93,648,4.0,942946508
93,733,4.0,942946091
93,1097,5.0,942946932
93,1265,5.0,942767374
93,1377,4.0,942946445
93,1562,4.0,942946588
93,1580,5.0,942767007
93,1676,4.0,942946677
93,1721,5.0,942947205
93,1917,5.0,942946588
93,1923,5.0,942767298
93,2028,5.0,942947205
93,2161,5.0,942946932
93,2174,4.0,942946932
93,2355,4.0,942767298
93,2628,5.0,942946013
94,10,3.0,843406732
94,47,2.0,843406765
94,110,5.0,843406748
94,150,4.0,843406616
94,153,3.0,843406644
94,165,4.0,843406644
94,253,1.0,843406732
94,296,4.0,843406616
94,318,5.0,843406707
94,356,3.0,843406707
94,364,4.0,843406765
94,367,3.0,843406765
94,377,3.0,843406826
94,457,4.0,843406685
94,588,4.0,843406644
94,589,4.0,843406765
95,260,5.0,1043340455
95,541,5.0,1043340455
95,589,4.0,1043340485
95,924,5.0,1043340392
95,1036,5.0,1043339248
95,1089,5.0,1048382826
95,1196,5.0,1043340018
95,1198,5.0,1069614382
95,1200,4.5,1105400608
95,1208,5.0,1043339777
95,1214,4.0,1043340455
95,1221,5.0,1043340018
95,1240,5.0,1043340485
95,1270,5.0,1043339320
95,1291,3.5,1071803793
95,1527,5.0,1043339507
95,1584,4.0,1105400895
95,1653,5.0,1043340522
95,2023,4.0,1043339302
95,2028,5.0,1043339248
95,2115,4.5,1071803863
95,2571,5.0,1043340455
95,2640,4.5,1105401101
95,2706,4.0,1043340043
95,3527,4.5,1105400926
95,4262,5.0,1043339870
95,4878,4.0,1105401219
95,4973,5.0,1044744647
95,5349,4.0,1043340392
95,5418,5.0,1048382977
95,5445,4.0,1043340522
95,5464,4.0,1048382977
95,5618,4.5,1105400677
95,5816,3.0,1053153706
95,5952,4.5,1069614400
95,6365,4.0,1071803883
95,6378,3.5,1071803850
95,6934,4.0,1069614309
95,7361,5.0,1105400794
95,8644,4.0,1105400976
96,1,5.0,964772990
96,50,5.0,964773008
96,110,5.0,964772750
96,150,5.0,964773108
96,260,5.0,964772681
96,296,5.0,964772972
96,367,5.0,964773672
96,377,5.0,964772795
96,527,5.0,964772956
96,589,5.0,964772731
96,648,3.0,964772610
96,733,4.0,964772883
96,780,3.0,964772862
96,858,4.0,964772681
96,1036,3.0,964772750
96,1089,5.0,964773108
96,1097,4.0,964773672
96,1198,5.0,964772622
96,1200,5.0,964772731
96,1214,5.0,964773743
96,1221,4.0,964772610
96,1291,4.0,964772731
96,1387,4.0,964772712
96,1625,4.0,964774008
96,1721,2.0,964773788
96,2028,4.0,964772956
96,2115,5.0,964772610
96,2174,4.0,964773672
96,2571,4.0,964772731
96,2628,2.0,964773686
96,2858,5.0,964772972
96,2947,3.0,964772764
96,3578,4.0,964772750
97,377,4.0,1047481515
97,858,5.0,1043382068
97,1193,4.0,1043382111
97,1961,2.0,1043381823
97,2028,5.0,1043382089
97,2571,5.0,1047481450
97,3578,4.0,1043382744
97,3623,5.0,1043382848
97,3717,4.0,1043382867
97,4011,5.0,1043383291
97,4022,5.0,1043382998
97,4306,5.0,1043383111
97,4643,4.0,1043382900
97,4963,5.0,1043383291
97,4993,5.0,1043382998
98,1,4.5,1532457849
98,356,5.0,1532457441
98,364,3.0,1532457847
98,858,3.0,1532458318
98,1036,5.0,1532457796
98,1193,4.5,1532458201
98,1214,4.5,1532457890
98,1219,5.0,1532458204
98,1240,1.0,1532457892
98,1258,5.0,1532457919
98,1270,3.0,1532457845
98,3114,4.5,1532457852
98,4016,4.5,1532457794
98,4226,4.0,1532457943
98,4306,5.0,1532457782
98,4995,4.0,1532457950
98,5444,4.5,1532457999
98,5618,4.0,1532458161
98,7153,1.5,1532457777
98,8529,3.5,1532458041
98,8961,5.0,1532457742
98,47099,5.0,1532458013
98,50872,5.0,1532458002
98,53464,2.5,1532457575
98,59615,1.5,1532457486
98,60040,4.0,1532457540
98,63992,2.0,1532457530
98,69644,1.5,1532457605
98,74458,5.0,1532457910
98,74789,2.0,1532457516
98,79132,4.0,1532457409
98,81564,5.0,1532457544
98,81845,5.0,1532457912
98,81847,4.5,1532457483
98,82461,1.5,1532457548
98,97921,5.0,1532457833
98,97938,4.0,1532457941
98,104841,4.5,1532457992
98,109487,5.0,1532457413
98,112852,3.0,1532457995
98,116797,5.0,1532457767
98,117176,4.0,1532457917
98,122904,3.5,1532457779
98,134130,4.5,1532457755
98,134853,2.0,1532457748
98,152077,4.5,1532458398
99,10,4.0,829827514
99,150,5.0,829828005
99,153,5.0,829828005
99,165,5.0,829828005
99,253,4.0,829828006
99,296,5.0,829828006
99,318,5.0,829828006
99,588,5.0,829828005
100,296,3.5,1100184820
100,356,4.0,1100184829
100,377,4.0,1100184047
100,594,3.0,1100183782
100,648,4.0,1100185920
100,919,4.5,1100183748
100,920,4.0,1100184140
100,1028,4.5,1100185898
100,1101,5.0,1100184137
100,1203,4.0,1100186395
100,1213,3.5,1100183731
100,1246,4.5,1100185896
100,1265,3.5,1100184080
100,1270,4.0,1100185872
100,1380,4.0,1100184348
100,1580,4.0,1100185878
100,1923,3.5,1100183784
100,1961,3.5,1100183740
100,2028,4.0,1100185865
100,2329,4.0,1100186142
100,2706,3.5,1100184816
100,3717,4.0,1100186056
100,4308,4.5,1100186012
100,4643,4.0,1100186018
100,4995,4.0,1100184053
100,5989,4.5,1100185975
100,6377,4.0,1100185965
100,8529,4.0,1100184289
101,2706,4.0,968440828
101,2762,4.0,968441198
101,2858,4.0,968440828
101,2959,5.0,968440983
101,3578,4.0,968441029
101,3623,1.0,968441102
101,3717,4.0,968441029
102,47,5.0,835876045
102,150,3.0,835875691
102,153,3.0,835875790
102,165,3.0,835875790
102,253,3.0,835875992
102,296,5.0,835875691
102,318,4.0,835875836
102,356,5.0,835876195
102,364,4.0,835876151
102,377,3.0,835876318
102,457,4.0,835875992
102,588,4.0,835875790
102,589,4.0,835876272
103,1,4.0,1431954238
103,48,3.5,1431957563
103,50,4.0,1431955220
103,70,3.5,1431957632
103,110,4.5,1431957016
103,111,4.5,1431957192
103,150,4.0,1431957022
103,260,4.0,1431954922
103,296,5.0,1431954439
103,318,5.0,1431954380
103,356,4.0,1431954248
103,364,3.0,1431957059
103,367,3.5,1522172093
103,527,3.5,1431954472
103,858,4.5,1431954477
103,920,4.5,1431957405
103,924,4.0,1431957200
103,1028,4.0,1431957550
103,1089,4.5,1432086525
103,1193,4.5,1431954401
103,1196,4.5,1431955078
103,1198,3.5,1431957032
103,1201,5.0,1431954445
103,1208,4.0,1431957246
103,1213,5.0,1431954394
103,1221,4.5,1431954396
103,1258,4.0,1432137354
103,1291,4.0,1431957092
103,1387,4.0,1431957264
103,1682,4.5,1431957209
103,1732,5.0,1432086520
103,1954,5.0,1431957501
103,1961,5.0,1440773613
103,2028,4.0,1431957058
103,2161,3.5,1431957850
103,2174,4.0,1431957295
103,2329,5.0,1440773468
103,2571,4.0,1431954260
103,2628,3.5,1431957094
103,2706,3.5,1431957231
103,2761,3.0,1431968046
103,2953,5.0,1431968351
103,2959,5.0,1431954432
103,4011,4.0,1431957351
103,4016,3.5,1431969168
103,4226,5.0,1431954594
103,4262,5.0,1431957877
103,4306,3.5,1431957080
103,4886,3.5,1431957215
103,4896,2.5,1431957373
103,4973,5.0,1431954565
103,4993,4.0,1431955231
103,5218,3.5,1431957737
103,5349,3.0,1431957240
103,5444,4.0,1431969562
103,5618,4.0,1431954589
103,5816,2.5,1431957518
103,5952,3.5,1431970503
103,6373,3.5,1431957980
103,6377,3.5,1431957229
103,6539,4.5,1431957197
103,6874,4.5,1431957262
103,7153,4.0,1431955214
103,7361,4.5,1431957254
103,7438,5.0,1431970574
103,8368,2.0,1431957616
103,8961,3.5,1431957306
103,8972,3.5,1431969469
103,30793,3.5,1431968286
103,31658,4.5,1431969137
103,33794,4.5,1431957328
103,40815,4.0,1431957906
103,41566,3.5,1431968361
103,41569,4.0,1431969086
103,45517,3.5,1431969581
103,45722,4.0,1431957916
103,48516,4.5,1522172129
103,48780,4.5,1431957780
103,50872,4.0,1431954362
103,53125,4.5,1431969172
103,54001,2.5,1431968897
103,55820,4.5,1431957871
103,58559,5.0,1431954562
103,59315,1.5,1431957691
103,59615,2.5,1431969635
103,59784,3.0,1431969490
103,60040,3.5,1431955306
103,60069,4.0,1431955134
103,64614,5.0,1522172064
103,68157,5.0,1440990360
103,68954,3.5,1431954988
103,69122,4.0,1431968235
103,69844,1.5,1431969586
103,72407,2.5,1431955494
103,72998,3.0,1431957882
103,73017,4.0,1431969047
103,74789,3.0,1431970351
103,77561,0.5,1431969639
103,78499,3.0,1431968941
103,78772,2.5,1431955587
103,79091,4.0,1431955281
103,79132,4.5,1431957494
103,80463,4.0,1431969220
103,87222,3.0,1431955580
103,88744,3.5,1431955319
103,89745,3.0,1431969271
103,89774,4.5,1431955564
103,91500,3.5,1431970014
103,91529,4.5,1431969361
103,91542,4.0,1431955325
103,91976,3.5,1431955827
103,96079,4.0,1431970406
103,99114,4.5,1431955015
103,105844,4.0,1431955066
103,109374,4.0,1432086538
103,109487,4.5,1431955250
103,111781,4.0,1440773645
103,112556,4.5,1431955249
103,117529,4.0,1440773703
103,122882,4.0,1431970494
103,132046,1.0,1440773794
103,134853,3.5,1440773774
103,139642,3.5,1440773846
103,140715,4.5,1440773817
103,148626,5.0,1477364363
104,10,3.0,1048595683
104,47,0.5,1053336550
104,110,1.0,1090595910
104,260,3.0,1049044730
104,356,4.0,1048586269
104,364,4.0,1048589315
104,367,3.0,1048587616
104,527,4.5,1053336374
104,588,4.0,1048589315
104,594,4.0,1048590891
104,733,3.0,1049205396
104,780,4.0,1048595468
104,858,1.5,1055630130
104,919,3.0,1090595804
104,1136,4.5,1292699463
104,1246,4.0,1048586355
104,1265,4.0,1048587352
104,1270,2.0,1048586355
104,1380,4.5,1053336368
104,1580,3.0,1048586389
104,1653,3.0,1048793980
104,2355,4.0,1048589315
104,2572,5.0,1048586179
104,2628,3.0,1049044730
104,4016,4.0,1048586684
104,4226,4.0,1301182957
104,4306,4.5,1053336418
104,4308,5.0,1048586839
104,4886,4.0,1048586617
104,4896,4.5,1053336345
104,4963,3.5,1416241898
104,4973,5.0,1048586531
104,4993,3.0,1048586475
104,5218,3.5,1071746233
104,5349,3.5,1101152665
104,5618,4.0,1087721492
104,5816,4.5,1053336400
104,5952,4.0,1048586462
104,6377,4.0,1068925612
104,6539,3.0,1161675780
104,7361,2.5,1200096885
104,8368,4.0,1087721472
104,8533,4.0,1377184795
104,8961,4.0,1101152609
104,8972,4.0,1205534639
104,30793,4.5,1129242195
104,33004,4.0,1294441573
104,33615,3.0,1231167741
104,40815,4.5,1136331474
104,41566,4.5,1219930219
104,48780,4.5,1294573596
104,50872,3.5,1193686193
104,52722,3.0,1199053725
104,53125,3.0,1357584303
104,54001,4.0,1189089397
104,54259,4.0,1355729646
104,59501,3.5,1357584330
104,68954,4.0,1377129926
104,72737,3.5,1351209937
104,72998,3.0,1292698887
104,73017,3.5,1292699792
104,74789,3.0,1292698386
104,76093,4.0,1416242008
104,81845,4.0,1352760302
104,81847,4.0,1351209920
104,91500,4.0,1347613115
104,94015,3.0,1357584388
104,108190,3.5,1411775477
104,114180,4.0,1411775490
105,47,5.0,1446571714
105,50,5.0,1446571713
105,110,3.5,1446571835
105,111,4.5,1446571897
105,260,4.0,1446572093
105,296,5.0,1446571768
105,318,5.0,1446571534
105,356,3.5,1446572081
105,527,3.5,1446571560
105,541,4.0,1446571848
105,589,4.0,1446571832
105,778,5.0,1447574041
105,858,5.0,1447574026
105,924,4.0,1448214035
105,1089,5.0,1447586269
105,1193,4.5,1447574045
105,1198,4.0,1448196223
105,1201,4.0,1448168233
105,1203,4.5,1447574052
105,1208,5.0,1448168140
105,1213,5.0,1447574024
105,1214,4.0,1448195676
105,1219,4.5,1447574141
105,1221,4.5,1447574027
105,1227,4.0,1448195899
105,1258,4.0,1448168145
105,1259,4.0,1447574023
105,1265,4.0,1447579905
105,2028,5.0,1448213999
105,2329,4.0,1446571577
105,2571,4.0,1446571567
105,2762,4.5,1448196106
105,2858,5.0,1446749499
105,2959,5.0,1446571567
105,3147,5.0,1447411440
105,3578,4.0,1446573294
105,3623,4.0,1446573346
105,3717,3.5,1446573402
105,4011,5.0,1446573339
105,4022,5.0,1446573334
105,4226,3.5,1446573297
105,4262,4.5,1446621878
105,4306,4.0,1446573295
105,4308,3.5,1446573372
105,4776,4.0,1446573453
105,4878,5.0,1446573336
105,4886,3.5,1446573310
105,4896,3.5,1446573345
105,4963,4.0,1446573318
105,4973,4.0,1446573302
105,4993,4.0,1446573293
105,4995,4.0,1446573323
105,5218,4.5,1446573368
105,5349,3.5,1446573322
105,5418,3.5,1446571985
105,5445,3.5,1446749722
105,5459,4.0,1446573393
105,5464,3.5,1446572075
105,5618,4.0,1446571759
105,5816,3.5,1446573675
105,5872,4.0,1446749917
105,5952,4.0,1446571726
105,5989,4.5,1446571824
105,5995,4.0,1446572114
105,6365,4.5,1446573345
105,6373,4.0,1446573407
105,6377,3.5,1446573311
105,6537,3.5,1446573433
105,6539,4.0,1446573300
105,6874,4.0,1446571806
105,6934,4.5,1446573710
105,7143,3.5,1446571612
105,7153,4.5,1446571717
105,7254,4.0,1446571915
105,7361,5.0,1446571724
105,7438,4.0,1446571808
105,7458,3.5,1446749862
105,8368,4.0,1446573691
105,8529,4.0,1446610509
105,8533,3.5,1466024353
105,8644,3.5,1446571621
105,8665,3.5,1446610324
105,8874,3.5,1446571605
105,8957,4.0,1446573619
105,8961,3.5,1446573326
105,8984,4.0,1446749865
105,27773,5.0,1446571867
105,30707,4.0,1446572056
105,30793,4.0,1446749803
105,31658,4.0,1446573566
105,32587,4.5,1446571733
105,33615,4.0,1446750675
105,33794,4.0,1446572099
105,34048,3.5,1446749836
105,40815,3.0,1446571618
105,41566,3.5,1446749814
105,44022,4.0,1447538314
105,44191,4.0,1446571719
105,45517,4.0,1446750331
105,45720,3.5,1446750657
105,45722,4.0,1446571623
105,47099,4.5,1446750049
105,48394,3.5,1446571602
105,48516,5.0,1446571700
105,48780,5.0,1446571710
105,49272,4.0,1446573697
105,49530,3.5,1446571902
105,50872,4.0,1446573385
105,51540,4.0,1446750537
105,51662,4.5,1446571609
105,53125,4.5,1446573586
105,54001,4.0,1446749833
105,54259,3.0,1446749998
105,54997,3.5,1466024366
105,55820,3.5,1446571829
105,56174,4.0,1446750408
105,58559,3.5,1446571697
105,59315,3.5,1446571742
105,59369,3.5,1446571747
105,59784,3.5,1446749910
105,60069,5.0,1446573690
105,60072,3.0,1446773508
105,60684,3.5,1446573571
105,63082,4.0,1446572698
105,63113,4.0,1446750690
105,63992,3.0,1447562906
105,64614,4.0,1446571899
105,64957,4.0,1446571910
105,66097,3.0,1446750714
105,68157,4.0,1446571827
105,68554,4.5,1446574346
105,68954,3.5,1446571754
105,69122,4.5,1446573427
105,69644,4.0,1446574091
105,69844,4.0,1446749900
105,70286,4.0,1446750380
105,71535,4.0,1446749856
105,72998,4.0,1446571761
105,73017,5.0,1446573513
105,74458,5.0,1446571810
105,74789,4.0,1446750746
105,76093,5.0,1446573558
105,77561,3.5,1448698973
105,78499,4.0,1446573503
105,79091,4.0,1446610448
105,79132,5.0,1446571569
105,80463,4.0,1446571862
105,81562,4.0,1446572068
105,81564,3.0,1447563433
105,81591,4.5,1446571912
105,81845,4.0,1446571722
105,81847,4.0,1446610230
105,85414,3.5,1446571766
105,88129,3.5,1446750702
105,89745,3.5,1446573513
105,89774,4.0,1446572614
105,90405,3.5,1447563417
105,91500,4.0,1446749940
105,91529,4.0,1446571703
105,91542,4.0,1446750794
105,97304,4.0,1446572197
105,97752,4.0,1447563394
105,97921,4.0,1447538228
105,98809,4.0,1447538089
105,99114,4.0,1446571707
105,102407,4.5,1447410950
105,104374,5.0,1446572423
105,104841,4.0,1447538114
105,104879,4.5,1446572305
105,105844,4.0,1446572552
105,106100,4.5,1446572059
105,106487,3.5,1446773232
105,106696,3.5,1447563589
105,106782,4.0,1446572166
105,106920,5.0,1446572055
105,108932,3.5,1447563537
105,109374,4.5,1446571895
105,109487,4.0,1446571650
105,111360,3.5,1447563422
105,111759,3.5,1446571729
105,112183,4.0,1446572001
105,112552,4.0,1446571942
105,112556,4.0,1446572332
105,112852,4.0,1446750017
105,115569,4.5,1446572302
105,115617,3.5,1446571658
105,116797,4.0,1446571652
105,117176,4.0,1447580031
105,117851,3.5,1446573043
105,118696,4.0,1447580042
105,119141,3.5,1447563118
105,120466,4.0,1447580051
105,122882,4.0,1446572456
105,122904,4.0,1466024382
105,134853,4.0,1446571650
105,138036,4.0,1447580030
106,318,5.0,1489498472
106,2571,5.0,1467360688
106,4896,5.0,1467360453
106,4993,5.0,1467360286
106,5218,3.5,1467360466
106,5349,3.5,1467360748
106,5952,5.0,1467360288
106,6539,5.0,1467360730
106,7153,5.0,1467360283
106,8368,5.0,1467360422
106,40815,5.0,1467360423
106,41566,3.5,1467360756
106,45722,5.0,1467360760
106,47099,5.0,1484929568
106,53125,5.0,1467360763
106,59315,3.5,1467360729
106,59501,3.5,1467360785
106,59784,5.0,1467360438
106,69844,5.0,1467360420
106,72998,5.0,1467360456
106,73017,5.0,1467360745
106,85414,3.0,1467360772
106,86332,4.0,1467360481
106,86880,4.0,1467360778
106,97938,4.5,1467567463
106,106489,5.0,1467360741
106,112852,3.5,1467360714
107,1,4.0,829322340
107,110,5.0,832003811
107,111,4.0,832003891
107,150,5.0,832003609
107,153,3.0,832003644
107,165,3.0,832003678
107,253,4.0,832003700
107,296,3.0,832003609
107,318,5.0,832003644
108,541,5.0,1042840111
108,1097,5.0,1042840884
108,1270,5.0,1042841018
108,1721,4.0,1042838935
108,1917,2.0,1042840566
108,2571,5.0,1042840183
108,2947,3.0,1042841018
108,4308,5.0,1042839946
108,4878,5.0,1042841559
108,4973,5.0,1042841603
108,4993,3.0,1042839597
108,4995,5.0,1042841603
108,5218,4.0,1042839273
108,5349,5.0,1042841085
108,5445,5.0,1042839079
108,5952,3.0,1042839780
108,5989,5.0,1042839780
109,47,3.0,841107393
109,50,4.0,841107584
109,110,5.0,841106621
109,150,3.0,841106309
109,153,3.0,841106402
109,165,3.0,841106402
109,253,3.0,841106550
109,296,5.0,841106309
109,318,5.0,841106509
109,356,5.0,841106550
109,364,3.0,841107487
109,367,3.0,841107487
109,377,3.0,841107538
109,457,4.0,841106453
109,527,3.0,841107643
109,588,3.0,841106402
109,589,3.0,841107487
109,733,3.0,844079136
109,778,4.0,841441442
109,780,3.0,841108877
110,47,4.5,1175330162
110,110,3.5,1175329878
110,111,4.0,1175330211
110,296,4.5,1175330118
110,527,4.0,1175330162
110,541,4.0,1175329865
110,778,3.5,1175330233
110,1089,4.0,1175330137
110,1193,4.0,1175330077
110,1198,3.5,1175330124
110,1208,4.0,1175329843
110,2028,3.5,1175330156
110,2571,4.0,1175330041
110,2762,3.0,1175330177
110,2858,4.5,1175329831
110,2959,4.5,1175329962
110,4011,3.5,1175330180
110,4973,5.0,1175329835
110,5459,2.5,1175329445
110,27773,4.0,1175330071
111,48,3.5,1518640791
111,318,4.5,1518640631
111,356,5.0,1516140793
111,364,3.5,1518661552
111,588,4.5,1516156189
111,1028,4.0,1517441192
111,1036,2.0,1516140654
111,1562,3.0,1518640828
111,1580,3.0,1516140709
111,1676,2.0,1518640781
111,1682,4.0,1516156052
111,1721,4.0,1518902680
111,1907,3.5,1518640826
111,2174,4.5,1517441184
111,2329,3.5,1516140740
111,2355,4.0,1516156241
111,2571,0.5,1516140656
111,2572,4.0,1516153699
111,2858,4.0,1518902665
111,2959,5.0,1516140759
111,4011,3.0,1519415306
111,4016,2.5,1516141085
111,4226,3.5,1516153842
111,4262,2.0,1516154010
111,4306,3.0,1516140840
111,4308,2.5,1516140952
111,4878,4.0,1516140863
111,4886,3.0,1516140848
111,4896,4.0,1516140868
111,4963,4.5,1516140855
111,4995,4.0,1516140854
111,5218,3.5,1516140890
111,5418,0.5,1516140860
111,5445,2.0,1516140766
111,5816,4.0,1516143170
111,5989,4.0,1516140866
111,6365,1.0,1519415307
111,6373,3.0,1516140954
111,6377,4.0,1516140849
111,6539,3.0,1516140846
111,6564,3.5,1516141271
111,6754,3.0,1516141143
111,6874,3.5,1516140851
111,7254,0.5,1516140916
111,7293,4.5,1516223103
111,7361,3.5,1516140853
111,7438,3.0,1516140862
111,8368,4.0,1516143167
111,8533,2.5,1516141086
111,8957,0.5,1516141066
111,8961,1.0,1516140859
111,8972,3.5,1516143338
111,8984,4.0,1516141046
111,30793,1.5,1516141000
111,33615,3.5,1516143912
111,33794,2.0,1516140679
111,40815,4.0,1516140892
111,44022,3.0,1516143982
111,45720,4.0,1516141101
111,45722,3.0,1516140909
111,46972,3.5,1516143941
111,48394,3.0,1516223017
111,48516,4.5,1516140731
111,48780,4.0,1516143173
111,50872,3.0,1516223064
111,51662,4.0,1516140798
111,53125,3.5,1516140807
111,54001,4.0,1516143242
111,56174,2.5,1516143236
111,58559,4.0,1516140842
111,58998,5.0,1516141157
111,59315,2.0,1516140680
111,59784,2.5,1516141029
111,60069,3.5,1516140737
111,60072,4.0,1516141234
111,63992,1.5,1516143943
111,68157,4.5,1516143172
111,68554,4.0,1516141304
111,68954,4.0,1516139571
111,69122,4.5,1516140914
111,69844,4.0,1516140986
111,71057,1.5,1516144107
111,71535,3.5,1516140991
111,71838,3.0,1516141888
111,72407,1.5,1516141802
111,72998,2.0,1516140751
111,73017,3.5,1516140967
111,74458,3.5,1516143203
111,78772,1.5,1516141819
111,79091,3.5,1516141074
111,79132,4.5,1516140844
111,80463,3.5,1516140981
111,81564,2.0,1516141247
111,81591,3.5,1516140988
111,81847,1.5,1516141132
111,86880,3.0,1516141248
111,86911,3.5,1516141354
111,87869,4.0,1516141284
111,91529,3.5,1516140713
111,91542,4.0,1516141098
111,93270,1.5,1516152647
111,93510,5.0,1516141212
111,94478,4.0,1516151853
111,94777,1.0,1516140763
111,95441,2.5,1516141259
111,95543,3.0,1516152203
111,97913,3.5,1516141188
111,98203,1.5,1516152167
111,99114,4.0,1516140887
111,101142,3.5,1516151905
111,102407,3.5,1516141346
111,102903,5.0,1516141204
111,103335,4.0,1516141319
111,104211,4.5,1516141597
111,106782,5.0,1516140978
111,106916,3.5,1518640634
111,111659,2.5,1516144129
111,112138,4.5,1516141454
111,112556,4.0,1516143257
111,112788,2.5,1516156057
111,112852,4.5,1516143215
111,113453,4.0,1516153690
111,115617,3.0,1516141049
111,116977,2.5,1516152600
111,117590,3.5,1516152290
111,117851,3.5,1516156036
111,119141,4.5,1516141867
111,119155,3.5,1516152412
111,122882,4.0,1516143259
111,122900,3.0,1518661474
111,122904,5.0,1516141018
111,129354,2.5,1516151775
111,130520,4.5,1516152612
111,133419,3.5,1516152351
111,134393,3.0,1516152201
111,134853,2.5,1516140998
111,135137,4.0,1516152610
111,135536,4.0,1516141883
111,135861,2.0,1516152286
111,135887,3.5,1516151589
111,140110,4.5,1516141864
111,140715,4.5,1518640686
111,148626,5.0,1516141184
111,151739,4.0,1516153545
111,156609,2.0,1516153694
111,158813,2.5,1516153857
111,158872,0.5,1516152353
111,159093,4.5,1516141954
111,160080,3.5,1516154833
112,1,3.0,1442535639
112,47,5.0,1442535846
112,50,5.0,1442535839
112,110,3.5,1442535826
112,150,4.0,1442535835
112,253,4.5,1513989915
112,260,5.0,1442535777
112,356,3.5,1442535627
112,778,3.5,1513989917
112,780,5.0,1442535837
112,1196,5.0,1442535776
112,1198,5.0,1442535778
112,1270,4.0,1442535641
112,1917,5.0,1444606649
112,2028,5.0,1442535853
112,2571,5.0,1442535637
112,3147,5.0,1444606653
112,3717,4.0,1513990140
112,4993,5.0,1442535783
112,5952,5.0,1442535787
112,7153,5.0,1442535781
112,58559,5.0,1442535780
112,68157,4.5,1518888241
112,68954,4.0,1518888237
112,70286,3.5,1518888248
112,72998,4.0,1518888239
112,79132,4.5,1518888233
112,91529,5.0,1518888246
112,99114,4.0,1518888243
112,109487,5.0,1444606663
112,115617,3.5,1444606676
113,111,4.0,980087884
113,260,4.0,980087884
113,356,4.0,980051894
113,858,4.0,980087838
113,1193,5.0,980087865
113,1265,3.0,980051734
113,1380,3.0,980306983
113,1721,4.0,980051838
113,2858,5.0,980051320
114,260,3.5,1485387458
114,1136,3.5,1485390580
114,3147,4.0,1485387728
114,4306,2.0,1485391393
114,4896,4.0,1485388146
114,5349,4.0,1485391411
114,5816,4.0,1485388209
114,6377,3.0,1485391404
114,8368,4.0,1485387906
114,8961,3.5,1485388105
114,40815,3.5,1485388153
114,52722,4.5,1485388542
114,54001,4.0,1485388273
114,60069,3.5,1485387711
114,69844,2.0,1485387886
114,95510,0.5,1485388534
114,106782,4.5,1485388020
114,122882,3.0,1485388142
114,122904,3.5,1485387872
115,110,3.0,958574203
115,153,3.0,957647972
115,260,5.0,959800922
115,296,5.0,944954937
115,364,4.0,944950805
115,457,4.0,970756771
115,588,4.0,948322710
115,589,5.0,958574098
115,594,3.0,944958085
115,780,2.0,970838729
115,919,4.0,944958086
115,1196,5.0,949126947
115,1198,4.0,944950887
115,1200,5.0,959801035
115,1208,5.0,966978689
115,1240,5.0,959801072
115,1377,1.0,959800666
115,1387,5.0,959800946
115,1562,2.0,959800666
115,1580,4.0,944953431
115,1682,4.0,965425190
115,1721,4.0,957647634
115,1907,5.0,948322710
115,1923,5.0,977610946
115,2028,5.0,944950805
115,2355,3.0,948322711
115,2571,3.0,955845509
115,2762,3.0,957647483
115,2858,1.0,959800667
115,2947,4.0,959801072
115,3114,5.0,948322663
115,3578,5.0,977610136
116,47,3.5,1337199584
116,150,1.0,1337199701
116,165,3.5,1337199802
116,356,4.0,1337199672
116,367,5.0,1337199834
116,377,3.5,1337199774
116,457,3.0,1337199695
116,527,2.0,1337199734
116,541,5.0,1337199338
116,589,4.0,1337199708
116,780,2.5,1337199715
116,858,1.5,1337199795
116,920,1.0,1337200265
116,1036,3.5,1337199890
116,1101,5.0,1337200060
116,1193,4.0,1337199877
116,1198,5.0,1337199765
116,1219,2.5,1337199455
116,1270,4.5,1337199782
116,1291,4.0,1337199881
116,1380,4.5,1337200241
116,1387,5.0,1337200040
116,1562,3.0,1337195975
116,1721,4.0,1337199824
116,1954,3.0,1337200360
116,1961,4.5,1337199946
116,2115,4.5,1337200069
116,2174,1.5,1337200075
116,3578,4.5,1337199860
116,4963,4.0,1337200051
116,5349,3.5,1337200037
116,5995,3.5,1337199544
116,6539,4.0,1337200005
117,10,3.0,844162850
117,47,4.0,844162892
117,48,3.0,844163082
117,50,4.0,844162933
117,110,5.0,844162850
117,150,4.0,844162743
117,153,3.0,844162770
117,165,3.0,844162770
117,253,4.0,844162832
117,296,4.0,844162744
117,318,5.0,844162811
117,356,4.0,844162810
117,364,4.0,844162870
117,367,3.0,844162892
117,377,3.0,844162892
117,457,4.0,844162793
117,527,5.0,844162933
117,588,4.0,844162770
117,589,4.0,844162870
117,594,4.0,844163204
117,648,3.0,844163136
117,733,3.0,844163216
117,778,3.0,844163821
117,780,3.0,844163204
117,1028,4.0,844163734
117,1036,3.0,844163454
118,153,2.0,944923703
118,296,4.0,944924487
118,527,4.0,944923926
118,858,5.0,944923703
118,1196,4.0,944924329
118,1213,5.0,944924360
118,1221,5.0,944924276
118,1625,4.0,944924731
118,1961,5.0,944923926
118,2028,4.0,944924731
118,2329,3.0,944924731
119,1,3.5,1435942468
119,10,4.0,1435943180
119,296,4.0,1436563596
119,318,4.5,1468432386
119,356,4.0,1435942470
119,364,5.0,1437815672
119,1270,4.0,1435942458
119,1580,4.0,1437815683
119,1732,4.0,1435944296
119,2329,4.0,1435942698
119,2571,4.0,1435942472
119,3147,5.0,1435944293
119,3578,5.0,1435944175
119,4306,4.0,1435944180
119,4643,4.0,1435944492
119,4776,4.0,1435944523
119,4886,4.5,1443813263
119,4963,5.0,1435944285
119,4993,5.0,1435944174
119,4995,5.0,1435944289
119,5218,4.0,1436563338
119,5418,4.0,1435944994
119,5952,4.5,1435944765
119,5989,4.5,1437850946
119,5995,4.5,1439148522
119,6365,4.0,1439153846
119,6377,4.0,1436008346
119,6378,4.5,1440881479
119,6539,4.0,1436563804
119,6934,4.5,1436563334
119,7153,5.0,1435944759
119,7458,4.5,1505333121
119,8644,4.0,1440881475
119,8961,4.0,1436008305
119,30707,5.0,1436563812
119,32587,4.0,1439153850
119,33615,4.0,1436007538
119,33794,3.5,1450537446
119,44022,3.5,1436007573
119,44191,4.5,1435944755
119,45517,4.0,1436007488
119,47099,4.0,1436007530
119,48516,4.0,1436563627
119,49272,5.0,1435944762
119,50872,4.0,1455448362
119,51662,5.0,1437859236
119,52722,3.5,1436007497
119,56174,4.5,1455448369
119,58559,4.5,1437850702
119,59369,4.0,1437941156
119,59784,4.0,1436006076
119,60069,4.0,1437850727
119,60072,3.0,1436007571
119,60074,3.5,1436007555
119,63082,5.0,1438439640
119,63113,4.0,1436007552
119,64614,4.5,1436563837
119,66097,3.0,1439148560
119,68157,4.0,1438439642
119,68954,5.0,1436008357
119,69122,5.0,1438439652
119,70286,4.5,1438439649
119,72998,5.0,1437859238
119,73017,4.5,1438439656
119,74458,4.0,1436007606
119,76093,4.0,1437763251
119,78499,3.5,1436007608
119,79091,5.0,1436008311
119,79132,4.0,1436007604
119,80463,5.0,1436007615
119,81845,4.0,1436007612
119,82459,4.0,1435944138
119,86911,5.0,1447664496
119,87869,4.5,1438440214
119,88744,4.5,1438440527
119,91529,4.5,1436007619
119,91542,4.0,1450537060
119,95441,4.5,1438440166
119,96079,3.5,1436122207
119,96861,5.0,1437859100
119,99112,4.0,1436563613
119,99114,4.0,1438547766
119,101142,4.0,1436042420
119,102903,5.0,1436123447
119,103141,4.5,1438440162
119,103335,5.0,1436008297
119,104841,3.5,1439495694
119,105504,5.0,1441486258
119,105844,4.0,1448750575
119,106782,4.5,1449440654
119,106920,5.0,1438354968
119,108932,4.5,1436008461
119,109374,3.5,1436563795
119,110730,4.0,1455657237
119,111781,4.0,1450612021
119,112183,3.0,1437814564
119,112552,4.5,1505073183
119,114662,5.0,1436563651
119,114795,4.0,1455448437
119,115617,5.0,1435943203
119,115713,4.0,1440277383
119,116797,5.0,1435944261
119,116823,4.0,1437859195
119,117176,5.0,1436007654
119,120635,4.5,1437859125
119,122882,4.0,1442647731
119,122904,4.5,1468093264
119,128488,3.0,1439836951
119,129354,4.0,1459195875
119,130520,3.5,1438452592
119,134853,4.0,1455448380
119,135532,4.5,1459195778
119,135861,3.0,1448652763
119,135887,4.0,1447664578
119,136562,3.5,1459195741
119,138036,4.5,1450536964
119,139385,4.0,1468432442
119,139642,4.0,1505073229
119,148626,5.0,1468093256
120,260,5.0,860070065
120,648,3.0,860069973
120,733,4.0,860070029
120,780,2.0,860069973
120,858,5.0,860070306
121,1,4.0,847656180
121,47,3.0,847656010
121,110,4.0,847655980
121,150,3.0,847655899
121,253,3.0,847655996
121,296,4.0,847655899
121,318,5.0,847655960
121,356,4.0,847655945
121,377,3.0,847656010
121,457,3.0,847655927
121,527,3.0,847656045
121,780,4.0,847656203
122,47,4.5,1461561420
122,50,5.0,1461561151
122,70,4.5,1461562250
122,111,5.0,1461561504
122,165,5.0,1461562066
122,253,4.5,1461562158
122,260,5.0,1461561351
122,296,5.0,1461561354
122,318,5.0,1461561133
122,356,5.0,1461561332
122,589,5.0,1461561440
122,778,5.0,1461561523
122,780,4.0,1461561583
122,858,5.0,1461561142
122,1089,5.0,1461561470
122,1090,5.0,1461562305
122,1136,5.0,1461561527
122,1196,5.0,1461561368
122,1200,5.0,1461561520
122,1208,5.0,1461561687
122,1213,5.0,1461561146
122,1214,5.0,1461561511
122,1219,4.0,1461561765
122,1265,5.0,1461561524
122,1270,5.0,1461561374
122,1377,4.5,1461562595
122,1562,3.0,1461562647
122,1676,4.5,1461562121
122,1682,5.0,1461561457
122,1732,5.0,1461561502
122,1923,4.5,1461562164
122,1961,5.0,1461561680
122,2355,4.5,1461561799
122,2571,5.0,1461561331
122,2761,4.5,1461562398
122,2762,5.0,1461561426
122,2959,5.0,1461561144
122,3114,5.0,1461561618
122,4011,5.0,1461561476
122,4016,4.5,1461562284
122,4262,5.0,1461561671
122,4643,4.0,1461562189
122,4776,5.0,1461562030
122,4886,5.0,1461561432
122,4963,4.0,1461561478
122,5989,4.5,1461561485
122,6377,4.5,1461561401
122,7438,5.0,1461561437
122,8644,4.0,1461561518
122,8874,5.0,1461561501
122,27773,4.0,1461561548
122,31658,5.0,1461561631
122,33004,4.5,1461561774
122,46530,4.0,1461562439
122,48516,5.0,1461561397
122,48780,5.0,1461561434
122,49272,4.5,1461561459
122,51540,5.0,1461561867
122,55820,5.0,1461561494
122,56174,4.0,1461561537
122,58559,4.0,1461561340
122,58998,4.5,1461562143
122,60069,5.0,1461561372
122,60074,3.5,1461561757
122,60684,4.5,1461561586
122,63113,4.5,1461561761
122,64957,4.5,1461561589
122,66097,4.5,1461562169
122,68954,5.0,1461561370
122,69122,4.5,1461561481
122,71535,4.5,1461561508
122,72407,2.0,1461562587
122,72998,4.5,1461561389
122,74458,5.0,1461561407
122,77561,4.0,1461561531
122,79132,4.5,1461561337
122,80463,5.0,1461563274
122,81591,5.0,1461561472
122,87869,3.5,1461562082
122,91529,4.0,1461561387
122,91535,4.0,1461562323
122,93510,4.5,1461561794
122,93840,5.0,1461561802
122,94864,4.0,1461561643
122,96079,4.5,1461561540
122,96737,5.0,1461562301
122,99114,5.0,1461561375
122,101142,4.5,1461563008
122,101864,4.0,1461561788
122,103042,4.0,1461561822
122,103141,4.5,1461562207
122,103228,4.5,1461561859
122,103253,4.0,1461561811
122,103341,5.0,1461562446
122,104841,4.5,1461561466
122,106782,5.0,1461561445
122,106920,5.0,1461561493
122,107406,4.5,1461562058
122,108932,4.5,1461561651
122,109487,5.0,1461561347
122,112852,4.0,1461561415
122,114662,3.5,1461561742
122,115569,4.5,1461561575
122,115617,4.0,1461561417
122,117529,4.0,1461561277
122,120466,5.0,1461562139
122,121231,5.0,1461562536
122,122882,5.0,1461561216
122,122900,4.0,1461561662
122,128360,5.0,1461561234
122,134130,4.0,1461561189
122,139385,5.0,1461561218
122,152077,4.0,1461561222
123,47,4.5,1447291940
123,260,4.5,1447269141
123,296,4.0,1447291797
123,318,4.0,1447269105
123,1196,4.0,1447291880
123,2329,4.5,1447269130
123,2571,4.0,1447269089
123,2858,3.5,1447291736
123,2959,4.5,1447269071
123,4226,4.5,1447291885
123,4776,4.0,1448836068
123,4886,4.0,1447292485
123,4993,3.5,1447269095
123,5952,3.5,1447269135
123,7153,3.5,1447269086
123,48780,4.0,1447291944
123,51540,4.0,1448836008
123,59315,4.0,1447292423
123,60684,4.0,1448382175
123,68157,4.0,1447292276
123,68554,4.5,1448382333
123,76093,4.5,1447292258
123,79132,4.0,1447269091
123,80463,4.5,1448382173
123,85414,4.5,1448382206
123,89745,4.0,1447292422
123,91500,3.5,1448382200
123,91542,4.0,1448382255
123,99114,4.5,1447291764
123,104879,4.0,1447292408
123,106920,3.5,1447292445
123,109487,4.5,1447291938
123,111759,4.5,1448382232
123,112171,3.5,1448836057
123,112552,3.5,1447291816
123,112556,4.5,1447292383
123,112852,4.0,1447292431
123,115569,4.5,1448382344
123,115617,3.5,1447292401
123,116797,4.5,1447292250
124,1,4.0,1336584336
124,50,4.5,1336412889
124,110,3.5,1336584326
124,260,4.0,1336423436
124,296,4.5,1336423393
124,318,4.5,1336412895
124,356,5.0,1336423402
124,1196,4.5,1336584447
124,1961,4.0,1336412878
124,2161,3.5,1336409645
124,2329,4.5,1336412851
124,2858,5.0,1336584459
124,3147,4.5,1336412867
124,4226,4.5,1336413304
124,4995,4.0,1336584442
124,6377,5.0,1336584435
124,7361,5.0,1336413015
124,50872,4.5,1336584602
125,110,4.5,1474311613
125,296,4.5,1474141538
125,318,4.0,1474141490
125,356,5.0,1474142139
125,589,4.0,1474289503
125,858,4.5,1474141453
125,1193,5.0,1474141468
125,1221,4.5,1474289973
125,1240,4.0,1474289509
125,1265,4.5,1474413801
125,1270,5.0,1474282985
125,1580,4.0,1474569886
125,1625,5.0,1474375054
125,1732,4.5,1474411921
125,2571,5.0,1474141548
125,2858,5.0,1474294616
125,2959,5.0,1474141464
125,3147,4.0,1474470150
125,4022,3.5,1474470187
125,4226,4.0,1474413424
125,4643,4.0,1475407893
125,4878,4.5,1474376373
125,4973,0.5,1474141865
125,4995,4.0,1474470121
125,5218,3.5,1474289877
125,5459,3.0,1474569899
125,5816,3.0,1474289902
125,6539,4.0,1474481294
125,6874,4.5,1474311683
125,7254,5.0,1474289782
125,7361,4.5,1474311680
125,7438,4.5,1474311716
125,8368,3.0,1474289904
125,8665,3.0,1474415015
125,8957,5.0,1474141821
125,27773,4.5,1474381667
125,33615,3.0,1474415203
125,33794,4.0,1507490380
125,44191,3.5,1474482342
125,45722,3.5,1474481214
125,48516,4.0,1474481000
125,52328,2.5,1474414706
125,53125,4.0,1474481324
125,55820,0.5,1474481096
125,56174,2.0,1474295135
125,58559,4.0,1474296807
125,58998,2.0,1474414431
125,59315,3.5,1474480944
125,59784,4.0,1474424744
125,60069,4.0,1474480962
125,60072,4.0,1474481392
125,60684,3.5,1474482238
125,68157,2.5,1474481035
125,68358,3.5,1474481128
125,68954,4.0,1474481051
125,70286,4.0,1474481068
125,71057,4.0,1474482104
125,72998,4.5,1474480904
125,74789,2.0,1474295022
125,76093,4.0,1474283299
125,79132,4.0,1474297303
125,81562,4.0,1474495255
125,86332,3.0,1474295314
125,87869,4.0,1474481433
125,88129,4.5,1474294429
125,88140,3.0,1474295360
125,88744,4.0,1474480730
125,91500,2.0,1474283308
125,91542,3.5,1474485429
125,92420,4.5,1474296305
125,93510,4.0,1474570525
125,93840,4.5,1474296376
125,95167,3.5,1474570008
125,95441,4.5,1474296341
125,97752,4.0,1474482227
125,97913,3.5,1474570322
125,97938,4.0,1474495239
125,99114,4.0,1474283226
125,103341,4.5,1474295694
125,104374,4.0,1474413912
125,106782,4.5,1474283367
125,106920,4.0,1474283659
125,108932,3.0,1474569953
125,109487,3.5,1474482084
125,111759,4.0,1474283560
125,112183,4.0,1474283809
125,112552,4.0,1474414167
125,112623,4.0,1475446231
125,115617,4.0,1474570310
125,117466,3.5,1474425049
125,119141,4.0,1474382076
125,120466,3.0,1475407828
125,122882,4.5,1474283369
125,122890,3.5,1481392791
125,122892,3.0,1474414820
125,122904,4.5,1474283798
125,128360,4.0,1474284240
125,130490,3.0,1474414778
125,134130,4.0,1474283297
125,134393,4.0,1474371799
125,135567,2.5,1485508720
125,135887,3.0,1474414799
125,136864,2.5,1474414553
125,137857,3.5,1480789748
125,138036,4.0,1474283878
125,139385,3.0,1474284127
125,148626,3.5,1474424812
125,152077,4.0,1474425167
125,158872,5.0,1474141733
125,160080,3.5,1475283110
126,47,5.0,845925822
126,110,4.0,845925785
126,150,4.0,845925577
126,153,4.0,845925615
126,165,4.0,845925615
126,253,1.0,845925785
126,296,1.0,845925577
126,318,5.0,845925690
126,356,4.0,845925690
126,364,5.0,845925822
126,367,5.0,845925854
126,377,5.0,845925822
126,457,5.0,845925656
126,588,3.0,845925615
126,589,3.0,845925822
127,4226,2.0,1263527337
127,68954,0.5,1263527555
128,110,5.0,899032847
128,260,5.0,899033269
128,1036,3.0,899033127
128,1136,4.0,899033506
128,1193,3.0,899033127
128,1196,4.0,899033229
128,1198,5.0,899032806
128,1291,4.0,899033269
128,1387,3.0,899033437
128,1721,4.0,899032461
129,47,3.5,1167376335
129,110,4.0,1167375621
129,253,3.5,1167376383
129,260,4.0,1167375413
129,541,3.5,1167376597
129,588,3.5,1167375395
129,648,4.0,1167376093
129,733,4.0,1167376166
129,780,3.5,1167375481
129,1101,4.0,1167375540
129,1136,3.5,1167375403
129,1196,4.0,1167375417
129,1380,4.5,1167377566
129,1527,4.5,1167376349
129,1625,4.0,1167377597
129,1676,5.0,1167375460
129,1721,3.5,1167375999
129,1907,4.5,1167378161
129,2028,4.5,1167375631
129,2174,4.5,1167376688
129,2571,4.5,1167375624
129,2628,3.5,1167376125
129,2706,3.5,1167375468
129,2858,4.5,1167375658
129,2959,4.0,1167376127
129,3000,4.5,1167378075
129,3578,4.5,1167375964
129,3623,3.5,1167376286
129,4226,3.0,1167375933
129,4306,3.5,1167375918
129,4308,4.0,1167375447
129,4878,2.5,1167376533
129,4886,4.0,1167375848
129,4896,4.0,1167376436
129,4963,4.0,1167376120
129,4993,4.5,1167375869
129,5418,4.0,1167376195
129,5445,4.0,1167375910
129,5618,4.5,1167377037
129,5816,4.0,1167376264
129,5952,4.5,1167375628
129,6365,4.0,1167375997
129,6378,4.0,1167376574
129,6537,3.5,1167376814
129,6539,4.0,1167375893
129,6874,4.5,1167375854
129,6934,3.5,1167376365
129,7143,5.0,1167376536
129,7153,4.5,1167376071
129,7438,4.0,1167376056
129,7458,3.5,1167377906
129,8368,4.0,1167376400
129,8644,4.0,1167376704
129,8665,4.0,1167378423
129,8874,4.0,1167376683
129,30793,3.5,1167376460
129,31658,4.0,1167378071
129,32587,4.5,1167376045
129,33004,3.5,1167377482
129,33615,3.0,1167378219
129,33794,4.5,1167376147
129,34048,3.5,1167376772
129,40815,4.0,1167376410
129,41566,4.0,1167376364
129,44191,4.5,1167375970
129,45186,4.0,1167377822
129,45722,4.0,1167376152
130,1,3.0,832589610
130,110,5.0,832589660
130,150,4.0,832589516
130,153,4.0,832589546
130,165,4.0,832589546
130,253,4.0,832589635
130,296,4.0,832589516
130,318,5.0,832589583
130,588,2.0,832589546
131,47,4.0,1349840567
131,50,4.0,1349840171
131,110,2.5,1349840503
131,111,4.0,1349840160
131,260,2.5,1349840250
131,296,4.0,1349840345
131,318,4.0,1349840163
131,356,3.0,1349840626
131,541,4.0,1349840347
131,778,4.0,1349840763
131,858,4.0,1349840197
131,1089,4.0,1349840429
131,1136,3.0,1349840276
131,1193,3.5,1349840190
131,1196,2.5,1349840282
131,1200,3.5,1349840772
131,1213,4.0,1349840259
131,1214,4.5,1349840573
131,1221,4.0,1349840201
131,2028,2.5,1349840456
131,2329,3.5,1349840312
131,2571,3.0,1349840252
131,2858,3.5,1349840284
131,4011,3.5,1349840633
131,4226,4.0,1349840254
131,4878,1.5,1349840594
131,4993,3.5,1349840317
131,5952,3.5,1349840393
131,7153,3.5,1349840319
131,7361,3.5,1349840371
131,48516,3.5,1349840409
131,48780,3.5,1349840736
131,58559,4.0,1349840215
131,64614,3.5,1349840720
131,79132,4.0,1349840241
131,89745,4.0,1349840436
131,91529,4.0,1349840536
132,1,2.0,1157921785
132,47,4.0,1157921243
132,48,3.0,1157919960
132,50,4.0,1157920377
132,70,2.5,1157923053
132,253,2.0,1157922662
132,260,2.0,1157920586
132,296,4.0,1329983943
132,318,4.5,1329983827
132,356,4.0,1157920481
132,364,4.5,1157921351
132,588,3.5,1157921180
132,594,3.0,1157922805
132,778,3.0,1157922796
132,858,3.0,1157920986
132,919,3.5,1157922721
132,920,3.0,1157919867
132,1028,4.0,1157923009
132,1089,3.0,1157920267
132,1097,3.5,1157921390
132,1196,2.0,1157922624
132,1219,4.0,1157922823
132,1221,3.0,1157920997
132,1246,3.5,1157921863
132,1258,4.0,1157919831
132,1259,3.0,1157922770
132,1270,3.5,1157921202
132,1380,3.0,1157922879
132,1527,3.5,1329983549
132,1562,1.5,1157923590
132,1682,3.5,1329983628
132,1721,3.0,1157921273
132,1732,2.5,1329983666
132,1917,3.0,1157922785
132,1923,2.0,1157922732
132,2023,3.0,1157923210
132,2174,4.0,1157921400
132,2329,4.0,1157920389
132,2571,4.5,1157920630
132,2572,4.0,1157923396
132,2628,2.0,1157922681
132,2706,2.0,1157922783
132,2858,4.5,1157922636
132,2953,2.0,1157979248
132,2959,4.0,1329984076
132,3717,2.0,1157968793
132,4016,2.0,1161799351
132,4226,4.0,1157920977
132,4306,3.5,1157921397
132,4308,4.0,1329984011
132,4643,1.0,1157978871
132,4878,3.5,1157920657
132,4886,3.0,1157922876
132,4896,3.0,1157921367
132,4963,3.0,1157921240
132,4973,4.0,1329984107
132,4993,4.5,1157920555
132,4995,3.0,1157921525
132,5218,3.5,1157978809
132,5349,3.0,1157921227
132,5464,2.5,1157978973
132,5618,3.5,1157920690
132,5816,3.0,1157921268
132,5952,3.0,1157920621
132,6365,3.5,1157921282
132,6377,3.0,1157923069
132,6539,3.0,1157920895
132,6874,4.5,1157922367
132,6934,3.0,1157979112
132,7153,4.0,1157919901
132,7361,4.0,1157920648
132,7438,4.5,1157921205
132,8368,3.0,1157921298
132,8874,3.5,1329983684
132,8961,3.0,1157920903
132,30793,3.5,1329984085
132,31658,4.0,1161799252
132,32587,4.0,1157921320
132,33794,3.0,1157920542
132,44022,2.0,1161799379
132,44191,3.0,1329983574
132,45720,3.0,1161799231
132,45722,3.0,1157920047
132,48394,3.0,1329983538
132,48516,3.0,1329983583
132,48780,3.5,1329983602
132,50872,3.5,1329983821
132,58559,3.5,1329983669
132,60069,0.5,1329983716
132,63082,3.5,1329983505
132,68157,3.5,1329983509
132,68954,3.5,1329983748
132,79132,3.0,1329983560
133,47,4.0,843491396
133,50,3.0,843491446
133,110,3.0,843491209
133,150,3.0,843490780
133,153,1.0,843490845
133,253,2.0,843491249
133,296,3.0,843490780
133,318,4.0,843490980
133,356,4.0,843490980
133,367,3.0,843491396
133,377,3.0,843491793
133,457,4.0,843490862
133,527,4.0,843491514
133,588,3.0,843490845
133,589,3.0,843491249
133,780,3.0,843491793
133,1036,3.0,843491446
134,1,3.0,832841103
134,47,4.0,832841168
134,48,3.0,832841524
134,110,5.0,832841168
134,153,4.0,832841003
134,253,4.0,832841137
134,296,4.0,832840929
134,364,3.0,832841586
134,367,3.0,832841687
134,588,3.0,832841003
135,1,4.0,1009691859
135,47,5.0,1009691144
135,110,4.0,1009692826
135,153,1.0,1009692987
135,165,1.0,1009691403
135,260,4.0,1009693267
135,296,4.0,1009693583
135,318,5.0,1009693583
135,367,4.0,1009692764
135,377,4.0,1009691186
135,457,4.0,1009691164
135,527,5.0,1009690817
135,589,4.0,1009691144
135,648,4.0,1009692865
135,780,3.0,1009691746
135,858,4.0,1009694067
135,919,5.0,1009693267
135,1036,5.0,1009693055
135,1097,4.0,1009690752
135,1136,5.0,1009694275
135,1196,4.0,1009693055
135,1198,4.0,1009690737
135,1200,5.0,1009691562
135,1203,5.0,1009694318
135,1213,4.0,1009693602
135,1214,4.0,1009694067
135,1240,5.0,1009691562
135,1259,5.0,1009693280
135,1265,5.0,1009691846
135,1291,4.0,1009693055
135,1370,2.0,1009691292
135,1377,2.0,1009692098
135,1387,5.0,1009690990
135,1562,2.0,1009693022
135,1580,4.0,1009691695
135,1584,3.0,1009691695
135,1625,3.0,1009691207
135,1653,5.0,1009691186
135,1676,3.0,1009691761
135,1682,4.0,1009691026
135,1721,2.0,1009690782
135,1732,4.0,1009691207
135,1917,1.0,1009691761
135,1923,5.0,1009691873
135,1954,4.0,1009694067
135,2028,4.0,1009692826
135,2115,4.0,1009693108
135,2161,3.0,1009693348
135,2571,5.0,1009691144
135,2628,2.0,1009691726
135,2706,4.0,1009692024
135,2762,3.0,1009691122
135,2858,4.0,1009691833
135,2959,5.0,1009693602
135,3527,4.0,1009691588
135,3578,2.0,1009692532
135,3623,2.0,1009690737
135,4022,4.0,1009692532
135,4226,5.0,1009692470
135,4306,4.0,1009692519
135,4776,5.0,1009692582
135,4896,4.0,1009692556
135,4993,5.0,1009692470
136,10,5.0,832449222
136,47,5.0,832449299
136,110,5.0,832449274
136,150,2.0,832449136
136,153,3.0,832449165
136,165,5.0,832449163
136,253,4.0,832449254
136,296,1.0,832449136
136,364,5.0,832449683
136,367,4.0,832449729
136,457,5.0,832449522
136,588,3.0,832449163
137,1,4.0,1204859907
137,110,4.0,1204859490
137,111,5.0,1204863636
137,150,3.5,1204859352
137,260,4.0,1204859469
137,296,3.0,1204859460
137,318,3.5,1204859137
137,356,3.5,1204859455
137,527,3.5,1204859356
137,541,5.0,1204859758
137,588,4.0,1204859525
137,589,3.5,1204859360
137,778,2.0,1204859879
137,780,3.0,1204859345
137,858,5.0,1204859691
137,919,5.0,1204859924
137,924,4.0,1204863861
137,1136,5.0,1204863777
137,1193,4.0,1204863618
137,1196,4.0,1204859543
137,1198,4.5,1204859688
137,1200,4.0,1204859777
137,1203,4.5,1204859709
137,1208,5.0,1204859781
137,1214,5.0,1204859754
137,1219,5.0,1204859799
137,1221,5.0,1204859699
137,1258,3.5,1204859851
137,1270,3.5,1204859897
137,1580,3.5,1204859475
137,1721,4.0,1204859407
137,2028,4.0,1204859327
137,2288,3.0,1204859087
137,2571,4.0,1204859379
137,2628,3.0,1204859532
137,2762,4.5,1204859315
137,2959,3.0,1204859536
137,3471,3.0,1204859953
137,3578,3.5,1204859529
137,4262,3.5,1204859893
137,4306,4.0,1204859371
137,4963,2.5,1204859503
137,4993,5.0,1204859309
137,4995,4.0,1204859463
137,5952,4.5,1204859376
137,6365,3.5,1204859397
137,6377,4.0,1204859323
137,7153,5.0,1204859478
138,59784,5.0,1222676516
139,260,4.0,1453923975
139,1198,4.0,1453923978
139,3578,2.5,1453924097
139,3717,1.5,1453924312
139,4306,2.5,1453924100
139,4886,3.0,1453924117
139,4993,4.0,1453923961
139,5254,1.5,1453924651
139,5349,3.0,1453924140
139,5418,2.5,1453924144
139,5445,1.5,1453924128
139,5459,2.0,1453924285
139,5464,2.5,1453924404
139,5816,3.0,1453924192
139,5952,4.0,1453923969
139,6378,2.0,1453924306
139,6537,2.5,1453924353
139,6539,3.0,1453924106
139,6874,3.0,1453924136
139,6934,2.0,1453924255
139,7153,4.0,1453923970
139,7254,1.0,1453924308
139,7438,3.0,1453924161
139,8368,3.0,1453924202
139,8665,2.0,1453924205
139,8874,1.0,1453924256
139,8961,3.5,1453924148
139,8972,2.0,1453924617
139,8985,0.5,1453925292
139,33004,2.0,1453924506
139,33615,2.5,1453924842
139,33794,3.0,1453924154
139,34048,1.5,1453924481
139,45722,2.5,1453924277
139,46530,0.5,1453924905
139,48394,1.5,1453924232
139,48780,2.5,1453924212
139,49272,3.5,1453924208
139,52722,1.0,1453924666
139,53125,2.0,1453924502
139,54001,3.0,1453924440
139,54259,2.5,1453924708
139,58559,3.5,1453924116
139,59315,3.0,1453924202
139,59369,2.5,1453924529
139,59615,1.5,1453924671
139,59784,2.5,1453924562
139,60040,1.5,1453924998
139,60072,1.5,1453925062
139,60074,2.5,1453924850
139,60684,4.0,1453924493
139,63113,3.0,1453924860
139,66097,2.5,1453924898
139,68358,3.0,1453924318
139,68791,2.5,1453925194
139,68954,2.5,1453923981
139,69844,3.0,1453924530
139,70286,0.5,1453924297
139,72998,1.5,1453924231
139,74458,1.0,1453924356
139,74789,1.5,1453924902
139,76093,2.0,1453924478
139,77561,1.5,1453924578
139,78499,2.0,1453923985
139,79091,2.5,1453924797
139,79132,2.0,1453924150
139,79293,1.5,1453925398
139,81564,2.0,1453925291
139,81591,2.5,1453924461
139,82459,3.0,1453924784
139,86332,2.0,1453924840
139,86880,2.0,1453925384
139,88140,2.5,1453924928
139,88744,1.0,1453924932
139,89745,2.5,1453924402
139,91500,2.0,1453924582
139,91529,4.0,1453924397
139,94864,1.5,1453925033
139,95510,2.5,1453925110
139,96079,3.5,1453924765
139,98809,4.0,1453924710
139,99114,2.5,1453924383
139,102125,1.5,1453925006
139,102445,2.0,1453924988
139,106489,4.0,1453925048
139,106782,0.5,1453924741
139,109374,3.0,1453924663
139,110102,2.5,1453925110
139,115617,3.0,1453924868
139,122892,2.0,1453925315
140,1,3.0,942924980
140,47,4.0,942842215
140,50,3.0,942840991
140,110,4.0,942903980
140,150,5.0,942842394
140,165,4.0,967049233
140,260,4.0,942842304
140,296,4.0,942843185
140,318,4.0,942840891
140,356,4.0,949666898
140,364,4.0,949666898
140,377,4.0,967048935
140,457,4.0,942841471
140,527,5.0,942840891
140,541,3.0,942841859
140,588,3.0,942841791
140,648,4.0,949667466
140,733,3.0,942844165
140,780,4.0,1008776130
140,858,5.0,942842394
140,919,4.0,1085569784
140,920,5.0,1055092887
140,924,4.0,1021898943
140,1028,4.0,1021899012
140,1036,4.0,942841715
140,1089,3.0,949666815
140,1090,4.0,1055092338
140,1097,4.0,942841866
140,1101,4.5,1055093098
140,1193,3.0,942842304
140,1196,3.0,942842265
140,1198,4.0,942841170
140,1200,4.5,1080845650
140,1201,4.0,942842894
140,1213,3.0,942843185
140,1214,4.0,1080845712
140,1221,3.0,942840891
140,1240,3.0,942841243
140,1246,3.0,942841791
140,1265,3.0,949666815
140,1270,3.0,942841859
140,1291,3.0,942841859
140,1370,3.0,967049042
140,1387,4.0,1055092393
140,1580,3.0,1024051464
140,1584,5.0,949666942
140,1653,2.0,967049014
140,1682,4.0,942841471
140,1721,4.0,942841219
140,1961,4.0,942842394
140,2023,4.0,1035368843
140,2028,5.0,942841170
140,2403,4.0,1030559180
140,2571,4.0,967048185
140,2628,4.0,942844235
140,2640,3.0,942841652
140,2858,4.0,1055092164
140,2947,4.0,1021898943
140,3147,3.5,1055092222
140,3471,4.0,1012506511
140,3578,4.0,973265043
140,3623,3.0,997958427
140,3717,4.0,980422140
140,4011,3.0,1004036226
140,4022,4.0,993208171
140,4226,3.0,1020883962
140,4306,3.0,1010775654
140,4776,4.0,1018535155
140,4886,4.0,1039547738
140,4896,3.0,1030559001
140,4963,3.0,1030558935
140,4993,3.0,1030558904
140,4995,5.0,1012506009
140,5218,4.0,1044405442
140,5266,3.0,1058312998
140,5349,3.5,1115290565
140,5418,4.0,1024682814
140,5445,3.0,1055092997
140,5464,4.0,1028042730
140,5952,4.0,1079472379
140,5989,4.0,1055896017
140,5995,3.0,1058312828
140,6373,3.5,1087314697
140,6377,4.0,1079472354
140,6378,5.0,1055092051
140,6539,3.5,1079472360
140,6874,2.0,1115290612
140,6934,3.0,1115312462
140,7143,3.5,1075154237
140,7153,5.0,1075154234
140,8529,3.5,1115290578
140,8665,3.5,1096908981
140,8961,4.5,1115290248
140,30707,4.5,1126295231
140,34048,3.0,1166645504
140,41566,4.0,1145990626
140,47099,3.5,1180627467
140,48516,3.0,1172255954
140,49272,4.0,1180627460
140,49530,4.0,1172255978
140,53972,3.0,1186077792
141,1,4.0,1513130643
141,47,3.0,1513130660
141,110,3.5,1513129871
141,150,3.5,1513130652
141,260,4.0,1513129794
141,296,4.0,1513130625
141,318,4.0,1513129787
141,356,4.0,1513129888
141,364,4.0,1513130667
141,367,2.5,1513131870
141,588,4.0,1513130147
141,780,3.0,1513130655
141,858,2.5,1513129959
141,1196,3.0,1513129840
141,1198,3.0,1513129799
141,1265,3.5,1513131867
141,1270,2.5,1513131860
141,1291,2.5,1513129853
141,1527,3.5,1513130727
141,1580,3.5,1513130713
141,1653,4.0,1513130821
141,1682,3.0,1513130947
141,1732,4.0,1513130755
141,1917,3.0,1513130780
141,2028,4.0,1513129890
141,2355,4.0,1513130163
141,2571,3.5,1513129802
141,2706,3.0,1513130764
141,2959,5.0,1513130645
141,3114,4.5,1513130145
141,3147,3.5,1513130740
141,3578,5.0,1513130008
141,4011,4.5,1513130266
141,4022,3.5,1513130246
141,4226,3.0,1513130197
141,4306,4.0,1513130194
141,4886,4.0,1513130010
141,4896,3.0,1513130260
141,4963,4.0,1513130228
141,4973,3.5,1513130212
141,4993,4.0,1513129856
141,5218,3.0,1513130419
141,5418,3.5,1513129905
141,5445,4.0,1513130156
141,5459,3.0,1513130468
141,5618,4.5,1513130909
141,5952,3.5,1513129812
141,5989,3.0,1513130242
141,6365,3.0,1513130320
141,6373,3.0,1513131841
141,6377,4.5,1513130221
141,6539,4.0,1513130205
141,6874,3.0,1513129978
141,6934,3.5,1513130404
141,7143,3.0,1513130077
141,7153,4.0,1513129810
141,7438,3.0,1513129995
141,8368,4.0,1513130067
141,8529,4.0,1513132213
141,8874,4.0,1513130386
141,8961,4.5,1513130232
141,32587,2.5,1513130341
141,33794,3.5,1513129874
141,40815,4.5,1513130073
141,44191,5.0,1513130007
141,45517,3.5,1513132281
141,48516,3.0,1513130317
141,50872,3.0,1513129955
141,51662,2.5,1513130390
141,54001,3.0,1513130504
141,55820,3.5,1513130440
141,56174,3.5,1513130493
141,58559,5.0,1513129850
141,59315,3.0,1513129882
141,59784,3.0,1513132174
141,60069,5.0,1513130248
141,68954,5.0,1513129898
141,69122,3.5,1513132006
141,69844,4.0,1513130002
141,71535,3.5,1513130522
141,72998,2.5,1513130337
141,73017,2.5,1513129984
141,78499,4.0,1513130484
141,80463,5.0,1513130508
141,91500,3.5,1513130553
141,91529,4.0,1513130435
141,99114,5.0,1513130399
141,106696,3.0,1513129988
141,109374,5.0,1513132133
141,109487,5.0,1513129896
141,115713,4.5,1513133067
141,122904,5.0,1513129876
141,134853,4.5,1513130586
141,139385,4.0,1513133075
142,47,4.0,838934238
142,50,5.0,838934155
142,150,5.0,838931920
142,165,3.0,838932017
142,296,5.0,838931920
142,356,4.0,838932132
142,364,4.0,838932132
142,367,4.0,838934155
142,377,4.0,838934449
142,457,4.0,838932766
142,527,5.0,838932132
142,588,5.0,838932017
142,589,3.0,838933753
143,356,5.0,1444768677
143,1136,1.0,1444880544
143,1721,4.0,1444880204
143,2706,4.5,1444768580
143,4306,5.0,1444769059
143,5418,2.0,1444769126
143,6377,4.0,1444769084
143,6539,3.0,1444769135
143,7293,5.0,1444880461
143,8533,4.0,1444768543
143,59784,1.0,1444769081
143,60069,2.0,1444769067
143,68954,5.0,1444768668
143,69122,5.0,1444768718
143,71535,1.0,1444881319
143,78499,4.0,1444769070
143,79132,2.0,1444769122
143,81847,5.0,1444769058
143,97921,3.0,1444768824
143,101142,4.0,1444769086
143,103141,4.0,1444769077
143,103335,4.0,1444769031
143,106696,4.0,1444768621
144,1,3.5,1137323419
144,10,3.0,1137323629
144,47,4.5,1137323517
144,48,4.5,1137324255
144,110,4.5,1137323396
144,150,3.0,1137323392
144,153,3.0,1137323495
144,253,4.5,1137323583
144,296,4.0,1136812638
144,356,4.0,1137323359
144,364,4.5,1137323535
144,377,3.5,1137323465
144,527,3.5,1136812705
144,541,3.0,1136812939
144,588,4.5,1137323457
144,589,2.0,1137323405
144,648,3.5,1137323479
144,733,4.0,1137323549
144,778,4.0,1136812815
144,780,2.5,1137323427
144,1028,4.5,1137324274
144,1036,3.5,1137323713
144,1193,4.0,1136812862
144,1214,3.0,1136812788
144,1246,3.0,1136812698
144,1265,3.0,1137323663
144,1291,4.0,1137323708
144,1527,2.5,1136811777
144,1580,3.5,1137323667
144,1682,2.5,1137323966
144,1917,2.5,1136812519
144,1923,3.0,1136812174
144,1961,3.0,1136811794
144,2028,3.5,1137323525
144,2115,4.0,1137323976
144,2329,5.0,1136812603
144,2355,3.5,1137323904
144,2571,4.0,1137323508
144,2706,4.0,1137323921
144,2762,4.0,1137323586
144,2858,4.0,1136812616
144,2959,4.0,1136812146
144,3114,3.0,1136812537
144,3147,4.0,1137324161
144,3578,4.0,1137323761
144,4226,5.0,1136812631
144,4306,5.0,1136812163
144,4973,4.0,1136812796
144,4993,4.5,1136812658
144,5618,4.0,1136813011
144,5952,4.5,1136812665
144,6377,5.0,1136812634
144,6539,5.0,1136812619
144,7153,4.5,1136812675
144,8368,4.0,1136812823
145,1,5.0,832105242
145,50,5.0,832105428
145,111,4.0,832105479
145,150,3.0,832105148
145,153,3.0,832105183
145,165,3.0,832105183
145,296,4.0,832105148
145,318,3.0,832105216
145,588,4.0,832105183
146,7293,4.5,1312508838
146,51662,3.0,1312508753
148,356,4.0,1482548476
148,4308,4.0,1482548613
148,4886,3.0,1482548505
148,4896,4.0,1482548717
148,4993,3.0,1482548771
148,5618,3.0,1482548682
148,5816,4.0,1482548755
148,5952,3.0,1482548769
148,6377,3.0,1482548514
148,7153,3.0,1482548769
148,8368,4.0,1482548676
148,31658,4.0,1482548683
148,40815,4.0,1482548512
148,44191,4.0,1482550089
148,50872,3.0,1482548504
148,54001,4.0,1482548674
148,60069,4.5,1482548484
148,68954,4.0,1482548482
148,69844,4.0,1482548500
148,72998,4.0,1482548525
148,76093,3.0,1482548702
148,79091,3.5,1482548714
148,79132,1.5,1482548463
148,81847,4.5,1482549236
148,89745,4.0,1482548710
148,98243,4.5,1482548883
148,99149,3.0,1482548617
148,108932,4.0,1482548720
148,110102,4.0,1482548669
148,112175,2.5,1482548721
148,112852,3.5,1482548700
148,115617,3.5,1482548495
148,116797,4.5,1482550073
148,122882,4.0,1482548529
148,122920,3.5,1482548707
148,134853,4.0,1482548516
149,260,4.0,902084798
149,541,4.0,902085272
149,589,3.0,902084874
149,780,3.0,902084966
149,924,2.0,902084798
149,1097,4.0,902084874
149,1196,2.0,902084798
149,1200,3.0,902084798
149,1214,5.0,902084716
149,1240,4.0,902084798
149,1270,2.0,902084836
149,1527,4.0,902084909
149,1580,2.0,902084716
149,1584,3.0,902084716
149,1676,5.0,902084966
150,648,4.0,854203072
150,733,4.0,854203123
150,780,4.0,854203071
151,1,5.0,855947195
151,648,3.0,855947196
151,780,3.0,855947195
151,1265,5.0,855948791
152,47,5.0,1450867741
152,50,4.5,1450572430
152,111,5.0,1450867646
152,260,3.0,1450867564
152,296,4.5,1450572451
152,318,3.5,1450572432
152,527,4.5,1450572434
152,541,4.0,1450867576
152,858,5.0,1450572429
152,1136,3.5,1450572527
152,1193,4.5,1450572437
152,1198,3.5,1450572456
152,1203,5.0,1450572515
152,1213,4.0,1450572454
152,1221,4.0,1450572436
152,2329,5.0,1450572468
152,2571,4.0,1450572453
152,2858,4.0,1450572531
152,2959,5.0,1450572450
152,7361,5.0,1450867691
152,27773,4.5,1450867688
152,48516,3.5,1450867566
152,58559,4.0,1450572509
152,60074,2.5,1450867827
152,79132,3.5,1450572524
152,85414,3.0,1450867595
152,88129,4.0,1450867829
152,91630,3.0,1450867875
152,115713,4.5,1450867608
153,1,2.0,1525548642
153,153,0.5,1525552655
153,296,3.0,1525548640
153,356,3.5,1525548096
153,364,3.0,1525548909
153,527,2.0,1525548221
153,778,3.5,1525548538
153,780,0.5,1525552465
153,858,1.0,1525548217
153,1028,2.0,1525552032
153,1193,3.0,1525550558
153,1196,0.5,1525548175
153,1198,0.5,1525548264
153,1208,2.0,1525551043
153,1246,4.5,1525548800
153,1258,3.0,1525550826
153,1259,2.0,1525548948
153,1380,1.0,1525550570
153,1580,0.5,1525552893
153,1682,4.5,1525548854
153,1721,2.0,1525550658
153,1732,3.5,1525550395
153,1907,3.0,1525552223
153,1954,0.5,1525552646
153,1961,3.0,1525548831
153,2174,1.0,1525551067
153,2355,0.5,1525552750
153,2571,0.5,1525548255
153,2572,1.0,1525552933
153,2858,3.0,1525548795
153,2959,0.5,1525548681
153,3623,0.5,1525549440
153,4226,4.0,1525548571
153,4306,2.0,1525550598
153,4308,3.0,1525548118
153,4878,4.5,1525548441
153,4896,3.0,1525552226
153,4973,5.0,1525548444
153,4995,3.5,1525548791
153,5349,0.5,1525552590
153,6373,1.5,1525548148
153,6377,1.0,1525550557
153,7293,0.5,1525548307
153,7361,5.0,1525548436
153,7458,0.5,1525552582
153,8533,1.0,1525552175
153,30707,2.5,1525549325
153,44191,4.0,1525548194
153,45720,0.5,1525550567
153,47099,3.0,1525550553
153,51662,0.5,1525552464
153,63082,1.5,1525548393
153,64957,2.5,1525552006
153,68954,2.5,1525548187
153,69644,0.5,1525552707
153,72998,1.0,1525552980
153,81591,3.0,1525548794
153,81845,2.5,1525549232
153,86880,0.5,1525552628
153,89745,0.5,1525552984
153,91529,0.5,1525552987
153,95167,0.5,1525551652
153,95510,0.5,1525551656
153,97921,3.5,1525548446
153,99114,1.0,1525552978
153,102125,0.5,1525552630
153,105844,4.0,1525548778
153,106100,4.0,1525548804
153,106696,2.5,1525552648
153,106782,1.0,1525548824
153,106916,0.5,1525550576
153,106920,4.0,1525548498
153,109374,4.0,1525548490
153,109487,0.5,1525550704
153,111659,0.5,1525552678
153,111921,2.0,1525550683
153,112183,1.0,1525548825
153,112552,1.0,1525548567
153,112556,3.5,1525548828
153,117176,2.5,1525548724
153,118696,2.5,1525552596
153,122892,0.5,1525552631
153,134853,2.0,1525552523
153,140174,4.5,1525549527
154,356,5.0,1486297094
154,1097,5.0,1486297201
154,1580,3.5,1486297224
154,4896,5.0,1486297175
154,68954,5.0,1486297122
154,69844,5.0,1486297146
154,72998,5.0,1486297187
154,76093,5.0,1486297152
154,77561,4.0,1486297227
154,79132,5.0,1486297098
154,89745,5.0,1486297130
154,98243,5.0,1486297248
154,106072,3.5,1486297262
154,108932,5.0,1486297171
154,109487,5.0,1486297151
154,110102,5.0,1486297139
154,112852,5.0,1486297096
154,114662,4.0,1486297212
154,115617,5.0,1486297133
154,122892,5.0,1486297180
154,122900,5.0,1486297182
154,122904,5.0,1486297099
154,130634,0.5,1486297255
155,1,3.0,961861723
155,153,3.0,961861424
155,260,4.0,961889079
155,588,3.0,961861778
155,1200,4.0,965939389
155,1377,3.0,961861424
155,1562,3.0,961861424
155,1580,4.0,965939614
155,1917,4.0,961861341
155,1923,4.0,961861958
155,2028,4.0,961860714
155,2355,4.0,961861901
155,2628,5.0,961889079
155,2959,4.0,961860789
155,3114,3.0,961861610
155,3578,4.0,963872698
156,1,4.0,1106854640
156,47,3.5,1106854709
156,50,4.0,940001349
156,111,4.0,1106854888
156,150,4.0,1106854622
156,260,1.0,939842538
156,296,5.0,939884874
156,318,4.5,1106854626
156,356,3.0,1106854601
156,367,3.0,946799769
156,457,3.5,1106854612
156,541,4.0,1106854868
156,648,3.5,1106854675
156,778,4.0,939884874
156,858,5.0,946798345
156,919,4.0,941922678
156,920,3.0,941922678
156,924,4.5,1106854511
156,1028,3.0,1106855396
156,1089,4.0,1106854501
156,1097,3.0,1106854763
156,1136,5.0,939854531
156,1193,4.0,939884874
156,1198,4.0,939842493
156,1208,4.0,946798960
156,1213,4.0,1106855028
156,1219,4.5,1106855157
156,1221,4.0,1106854933
156,1265,5.0,946799291
156,1270,3.5,1106854726
156,1291,3.5,1106854910
156,1387,3.5,1106855002
156,1580,3.0,946799679
156,1682,3.5,1106855262
156,1721,3.0,939854571
156,1732,3.0,946798434
156,1923,4.0,939853546
156,1954,3.5,1106855539
156,1961,4.0,1106853845
156,2115,3.5,1106855291
156,2174,3.0,946799570
156,2571,3.0,1106854776
156,2858,4.5,1106854732
156,2947,2.0,946800308
156,3114,3.5,1106855144
156,3471,3.0,953534411
156,3578,3.5,1106854990
156,4226,4.5,1106855486
156,4262,3.5,1106853930
156,4973,4.0,1106882006
156,6377,4.0,1106882012
156,6539,4.0,1106881798
157,527,5.0,992479576
157,1193,3.0,992479618
157,1270,4.0,992479516
157,1961,4.0,992479546
157,2959,5.0,992479905
158,2572,3.5,1290764961
159,1,4.5,1508640172
159,110,3.0,1508640168
159,150,4.0,1508641167
159,296,0.5,1508640157
159,318,4.5,1508640105
159,356,4.0,1508640153
159,377,3.0,1508640341
159,1259,2.0,1508640372
159,1265,4.5,1508640275
159,1721,3.5,1508640335
159,1961,3.0,1508641205
159,2858,4.0,1508640256
159,2959,3.0,1508640222
159,3114,4.5,1508641070
159,3147,0.5,1508640210
159,4022,3.0,1508640307
159,4306,4.0,1508641095
159,4308,2.5,1508641254
159,4886,4.0,1508640278
159,6373,4.0,1508640394
159,6377,4.5,1508640358
159,7143,4.0,1508640310
159,7361,0.5,1508641236
159,8533,4.0,1508641045
159,30707,4.0,1508640321
159,45720,4.0,1508641299
159,47099,5.0,1508640302
159,60069,2.0,1508640225
159,63082,0.5,1508640286
159,64957,4.0,1508640383
159,68954,3.0,1508640220
159,72998,4.0,1508640326
159,78499,5.0,1508640269
159,81845,3.5,1508640365
159,89774,4.0,1508641246
159,95167,3.5,1508640356
159,97304,4.5,1508640440
159,103141,3.0,1508640379
159,104374,5.0,1508640504
159,106696,3.0,1508640298
159,106782,2.0,1508641234
159,106920,2.0,1508640479
159,112556,2.0,1508640471
159,140110,4.5,1508641026
160,1,4.0,971115026
160,10,1.0,971196422
160,47,5.0,971115962
160,50,4.0,971113158
160,110,4.0,971112675
160,111,5.0,971195906
160,150,5.0,971620081
160,153,3.0,971115686
160,165,3.0,971115317
160,253,3.0,971620157
160,260,5.0,971113925
160,296,5.0,971113194
160,356,3.0,971115856
160,364,5.0,971619114
160,367,5.0,971437089
160,377,3.0,971115187
160,457,2.0,971115082
160,527,5.0,971113259
160,541,5.0,971113438
160,589,5.0,1065992580
160,594,5.0,971619022
160,648,1.0,971115383
160,733,1.0,971115213
160,778,5.0,971619994
160,780,1.0,971114316
160,858,5.0,1058456802
160,924,5.0,971113925
160,1028,4.0,971619022
160,1036,2.0,971113527
160,1090,5.0,971112754
160,1097,3.0,971113554
160,1196,4.0,971113406
160,1198,3.0,971113406
160,1200,1.0,971113438
160,1208,5.0,991075729
160,1213,4.0,971113158
160,1214,2.0,971113925
160,1219,3.0,971195858
160,1221,5.0,1058456805
160,1240,4.0,971113579
160,1258,2.5,1058456820
160,1265,2.0,971115026
160,1270,5.0,977143765
160,1291,3.0,971113554
160,1370,2.0,971115276
160,1377,3.0,971115356
160,1387,2.0,971112754
160,1527,3.0,971114112
160,1562,1.0,976795939
160,1580,2.0,971114112
160,1584,1.0,971114112
160,1653,5.0,971114075
160,1676,1.0,991076146
160,1917,1.0,971196630
160,2023,5.0,971115356
160,2028,5.0,971112587
160,2115,3.0,971436749
160,2161,2.0,971436749
160,2174,2.0,971113779
160,2329,3.0,976798849
160,2571,4.0,971113953
160,2628,2.0,971114208
160,2640,4.0,971114178
160,2706,2.0,991925266
160,2762,5.0,971113327
160,2858,5.0,971113158
160,2953,1.0,971619754
160,2959,4.5,1065992795
160,3114,2.0,971113259
160,3147,4.0,976799220
160,3471,3.0,971113953
160,3527,4.0,971113802
160,3578,5.0,975850290
160,3623,2.0,971196362
160,4011,4.5,1065991604
160,4306,4.0,1003333307
160,4643,0.5,1065992210
160,4993,2.0,1058457619
160,5349,0.5,1058456918
160,5445,4.5,1065992004
160,5459,1.5,1065992218
160,5952,1.5,1058457627
160,6365,2.0,1058454547
160,6537,2.0,1065992023
160,7153,5.0,1077748466
161,1,4.0,1176751765
161,48,4.0,1176498494
161,318,5.0,1176751745
161,4995,3.0,1176498512
162,50,4.0,836511263
162,150,4.0,836488864
162,153,4.0,836511231
162,296,3.0,836488867
162,318,5.0,836511232
162,356,5.0,836511289
162,527,5.0,836511337
163,1625,4.0,894217570
163,1676,3.0,894217532
163,1721,3.0,894217532
164,110,5.0,999708154
164,589,5.0,999708174
164,780,5.0,999708378
164,1036,5.0,999708195
164,1097,5.0,999707976
164,1101,5.0,999708257
164,1196,4.0,999708174
164,1198,5.0,999708154
164,1200,5.0,999708195
164,1201,5.0,999708209
164,1240,5.0,999708195
164,1291,5.0,999708174
164,1527,3.0,999708293
164,1580,5.0,999708390
164,1923,3.0,999707976
164,2115,4.0,999708378
164,2640,4.0,999708378
164,3527,5.0,999708257
164,3578,5.0,999708257
165,110,4.0,1046741213
165,377,4.0,1046741949
165,858,3.0,1046741758
165,1196,4.0,1046741873
165,1198,5.0,1046741758
165,1221,3.0,1046741758
165,1291,5.0,1046741888
165,2028,3.0,1046741758
165,2571,4.0,1046741873
165,4963,5.0,1046741972
165,5218,4.0,1046741394
165,5418,4.0,1046741356
165,5444,4.0,1046741372
165,5445,4.0,1046741616
165,5464,3.0,1046741356
165,5872,3.0,1046742010
165,5952,5.0,1046741479
165,5989,4.0,1046741479
166,1,5.0,1189980529
166,10,4.5,1190827465
166,47,4.0,1188774624
166,50,5.0,1188774404
166,153,2.5,1189037942
166,260,4.5,1188926253
166,296,4.5,1188774591
166,318,4.5,1188774402
166,356,4.0,1190828745
166,367,3.5,1189037900
166,377,3.0,1190827458
166,457,3.5,1190828706
166,527,4.5,1188926239
166,588,5.0,1190827475
166,648,3.0,1190828622
166,778,4.0,1189038614
166,858,4.5,1188921618
166,1036,4.0,1190828734
166,1089,4.0,1188774622
166,1097,4.0,1190828509
166,1193,4.0,1188926309
166,1196,4.5,1188924422
166,1198,4.5,1188926513
166,1214,4.0,1189038370
166,1221,4.5,1188921623
166,1240,3.0,1190828696
166,1258,4.0,1189038553
166,1265,4.0,1190828662
166,1291,4.5,1189038506
166,1377,3.5,1189037883
166,1562,2.5,1189037973
166,1580,4.0,1189038002
166,1584,3.5,1190828751
166,1682,5.0,1189038119
166,1721,3.0,1190828666
166,1961,4.0,1190827471
166,2028,4.5,1189038178
166,2115,4.0,1190828670
166,2329,5.0,1188773610
166,2571,4.0,1188774339
166,2628,3.5,1188926268
166,2762,4.0,1189038270
166,2858,4.0,1188774585
166,2947,4.0,1189038129
166,2959,4.5,1188774339
166,3000,5.0,1189038604
166,3114,4.5,1189038117
166,3147,4.0,1190828738
166,3578,3.5,1190827473
166,3623,3.5,1190827467
166,4011,4.5,1189038425
166,4022,4.0,1190828522
166,4226,5.0,1188774408
166,4306,4.5,1189980543
166,4878,4.0,1188774610
166,4886,4.0,1189980526
166,4963,4.5,1190827463
166,4973,5.0,1188774462
166,4993,3.5,1188774575
166,5254,3.5,1189037889
166,5349,4.5,1189037860
166,5418,4.5,1190827456
166,5445,4.0,1189980538
166,5464,4.0,1189037853
166,5618,4.5,1188774593
166,5952,4.5,1188774589
166,5989,4.0,1190828617
166,6377,4.5,1190828655
166,6378,3.5,1190828793
166,6874,4.5,1189980540
166,7143,4.5,1190828657
166,7153,5.0,1188774339
166,7361,5.0,1188774024
166,7438,4.5,1190828627
166,8665,5.0,1190828516
166,8961,4.5,1188774344
166,32587,5.0,1189037833
166,33794,5.0,1188774085
166,41569,3.5,1190828749
166,44191,4.5,1189037835
166,46530,5.0,1189037932
166,48394,3.0,1188774105
166,48516,5.0,1188774406
166,48780,2.5,1188774459
166,49272,5.0,1188774291
166,49530,4.0,1189038524
166,51662,4.0,1188773972
166,54001,4.5,1188774138
166,54997,4.5,1189980470
167,1,3.5,1154721923
167,110,3.5,1154721971
167,150,4.0,1154722124
167,260,4.0,1154721952
167,296,3.0,1154723095
167,318,5.0,1154722100
167,356,3.0,1154721979
167,541,3.5,1154723110
167,588,3.0,1154721960
167,594,3.0,1154723252
167,733,3.5,1154718955
167,778,4.5,1154722276
167,924,1.0,1154723239
167,1136,4.0,1154722973
167,1196,4.5,1154721847
167,1198,4.0,1177516040
167,1200,1.5,1154722044
167,1214,2.0,1154723102
167,1265,3.0,1154721985
167,1291,4.5,1177515984
167,1380,0.5,1154718782
167,1527,5.0,1154719029
167,1580,3.5,1154721789
167,1682,3.0,1154719017
167,1732,4.0,1154723140
167,1917,1.0,1154718679
167,2028,3.5,1154722138
167,2174,3.0,1154718711
167,2762,3.0,1154721918
167,2858,3.0,1154722268
167,3114,3.0,1154722066
167,4011,5.0,1154721700
167,4016,4.0,1154721761
167,4022,3.0,1154722084
167,4306,4.5,1154721715
167,4878,3.0,1154718976
167,4886,4.5,1154721834
167,4896,4.5,1154721786
167,4963,4.5,1154721622
167,4993,5.0,1154721752
167,5218,4.0,1154721901
167,5349,4.0,1154721636
167,5418,4.5,1154721766
167,5464,3.5,1154719103
167,5816,4.5,1154721707
167,5952,4.5,1154721758
167,6377,3.5,1154721906
167,6539,4.5,1154721595
167,6754,3.5,1154722359
167,7153,4.5,1154718806
167,8368,4.5,1154719092
167,8665,3.5,1154721794
167,8874,4.5,1154721840
167,8961,4.5,1154721891
167,8984,0.5,1154719347
167,30793,2.5,1154719342
167,33794,5.0,1154719082
167,40815,4.5,1154721607
167,41566,4.0,1154719328
167,42738,2.5,1154722362
167,44191,4.5,1154718915
167,45517,3.5,1154721561
167,45722,3.5,1154721497
168,111,4.5,1306801971
168,296,4.5,1306802051
168,356,4.0,1306806571
168,858,5.0,1306801724
168,1089,5.0,1306802560
168,1193,4.5,1306801716
168,1201,5.0,1306801930
168,1203,5.0,1306801599
168,1208,5.0,1306801984
168,1209,4.5,1306802855
168,1213,5.0,1306802015
168,1219,4.0,1306801603
168,1221,5.0,1306801827
168,2858,5.0,1306801883
168,4973,3.5,1306801658
168,55820,4.5,1306802532
168,68157,5.0,1306801912
168,80463,3.5,1306802570
169,1,4.5,1059427918
169,48,3.5,1059427123
169,150,4.5,1078284469
169,318,5.0,1078284475
169,356,4.5,1059427994
169,364,4.5,1059427520
169,377,4.5,1078284500
169,457,4.0,1078284464
169,527,5.0,1078284493
169,588,5.0,1059427530
169,594,4.5,1070250167
169,919,5.0,1078284334
169,1028,5.0,1059427087
169,1097,4.0,1078284561
169,1136,5.0,1059427872
169,1246,5.0,1078284867
169,1265,4.0,1059428232
169,1270,4.0,1059428025
169,1380,4.5,1059427692
169,1580,3.5,1059428179
169,1682,5.0,1078284875
169,1721,5.0,1078284611
169,1923,4.0,1078284776
169,1961,4.5,1078284723
169,2028,5.0,1078284565
169,2571,4.5,1078284597
169,2628,4.0,1059428780
169,2706,5.0,1078284800
169,2762,4.0,1078284640
169,3114,4.5,1059427909
169,3147,4.5,1078285074
169,4022,4.5,1059494455
169,4306,5.0,1085699612
169,4308,5.0,1059427608
169,4886,5.0,1059427905
169,4896,4.5,1059494471
169,4963,4.5,1059428105
169,4993,4.5,1059494461
169,4995,4.5,1059428888
169,5218,4.0,1059494542
169,5349,4.0,1059428835
169,5444,4.5,1059429050
169,5445,4.0,1059429208
169,5459,3.0,1059494361
169,5464,4.5,1059428714
169,5816,4.5,1059494471
169,5952,4.5,1059494459
169,5989,5.0,1059429189
169,5995,4.5,1059428553
169,6365,4.0,1059427448
169,6373,4.5,1059427452
169,6377,5.0,1059427390
169,6378,3.5,1085699681
169,6537,3.0,1059427411
169,6539,4.5,1059427432
169,6874,3.0,1070250060
169,7143,4.5,1073179789
169,7153,5.0,1073179582
169,8529,4.0,1092373247
169,8644,2.5,1092373271
169,8665,3.5,1092373252
170,10,3.0,840472869
170,48,4.0,840473093
170,110,4.0,840380988
170,150,3.0,840380831
170,153,3.0,840472759
170,296,2.0,840380834
170,318,5.0,840380930
170,356,4.0,840380988
170,364,3.0,840381013
170,377,4.0,840472922
170,457,3.0,840472801
170,588,3.0,840472759
170,594,3.0,840473217
170,733,3.0,840473337
171,1,5.0,866904159
171,47,5.0,866905267
171,111,5.0,866905308
171,260,4.0,866904192
171,296,5.0,866905241
171,318,5.0,866905647
171,367,3.0,866905267
171,541,5.0,866905738
171,648,3.0,866904159
171,780,4.0,866904157
171,858,5.0,866904261
171,919,4.0,866905820
171,1089,5.0,866905820
171,1136,5.0,866905762
171,1193,5.0,866905795
171,1196,4.0,866905738
171,1198,5.0,866905738
171,1201,5.0,866905882
171,1208,5.0,866905820
171,1214,5.0,866905795
171,1246,5.0,866905795
171,1259,5.0,866905820
171,1265,3.0,866905795
171,1270,5.0,866905762
171,1291,5.0,866905738
172,527,4.5,1291065634
172,1270,4.0,1291065641
172,1580,3.5,1291065645
172,2762,4.5,1291065637
172,3578,4.0,1291065652
172,7438,4.0,1291065648
173,10,3.0,843397944
173,110,3.0,843397958
173,150,4.0,843397856
173,153,3.0,843397881
173,253,3.0,843397944
173,296,1.0,843397856
173,356,5.0,843397925
173,377,3.0,843397993
173,527,5.0,843398045
173,588,3.0,843397881
173,589,3.0,843397975
174,10,3.0,848486985
174,50,3.0,848487075
174,150,5.0,848486904
174,153,3.0,848486928
174,165,3.0,848486927
174,253,5.0,848487003
174,296,3.0,848486904
174,356,3.0,848486943
174,457,5.0,848486928
174,527,3.0,848487075
174,588,4.0,848486927
174,589,4.0,848487003
174,648,5.0,848487280
174,780,3.0,848487212
176,10,5.0,840108984
176,47,5.0,840109138
176,110,5.0,840108930
176,150,4.0,840108527
176,153,3.0,840108593
176,165,4.0,840108593
176,296,3.0,840108527
176,318,5.0,840108793
176,377,4.0,840108684
176,457,5.0,840108793
176,588,3.0,840108593
176,589,5.0,840108684
176,733,5.0,840108684
176,780,4.0,840108684
177,1,5.0,1435533535
177,47,4.5,1435533571
177,48,3.0,1435534447
177,50,4.0,1435523529
177,150,4.0,1435533543
177,153,3.0,1435890489
177,253,4.0,1435533709
177,260,2.5,1435524019
177,296,5.0,1435530409
177,318,5.0,1435523517
177,356,5.0,1435523542
177,364,4.0,1435533586
177,367,3.0,1435890503
177,377,3.0,1435533573
177,527,4.5,1435523522
177,588,4.0,1435533563
177,594,4.0,1435539811
177,648,4.0,1435533580
177,780,3.5,1435533546
177,858,5.0,1435533567
177,919,5.0,1435533777
177,920,3.5,1435534305
177,924,1.5,1435890584
177,1028,4.0,1435534426
177,1036,4.0,1435533617
177,1089,4.0,1435533711
177,1097,3.0,1435890498
177,1136,4.5,1435890536
177,1193,4.0,1435533599
177,1196,3.0,1435523533
177,1198,3.5,1435523538
177,1203,4.5,1435534495
177,1213,4.0,1435536859
177,1214,2.5,1435533611
177,1219,5.0,1435534184
177,1221,4.0,1435533674
177,1258,4.0,1435533763
177,1265,4.0,1435533604
177,1270,5.0,1435533569
177,1291,3.0,1435533606
177,1370,3.5,1435534328
177,1377,3.0,1435534533
177,1380,3.5,1435534283
177,1387,3.0,1435534121
177,1527,2.5,1435533706
177,1580,3.5,1435890494
177,1653,3.0,1435534197
177,1682,3.5,1435533734
177,1721,5.0,1435890496
177,1732,3.0,1435890632
177,1907,3.0,1435535032
177,1923,1.0,1435890587
177,1961,5.0,1435720709
177,2023,2.0,1435534625
177,2115,3.0,1435977875
177,2174,4.0,1435534166
177,2355,3.0,1435890634
177,2571,3.0,1435523707
177,2572,4.5,1435534583
177,2628,2.0,1435533608
177,2706,2.5,1435533762
177,2761,2.0,1435534920
177,2858,4.0,1435523796
177,2959,4.0,1435523771
177,3114,3.5,1435533772
177,3623,3.5,1435524318
177,3717,3.0,1435524514
177,4016,5.0,1435524777
177,4022,3.0,1435524241
177,4306,4.0,1435524183
177,4308,4.0,1435524426
177,4366,4.0,1435525299
177,4886,5.0,1435524210
177,4896,5.0,1435524313
177,4963,4.0,1435524217
177,4993,2.0,1435523692
177,4995,4.0,1435524227
177,5218,3.0,1435524395
177,5266,3.5,1435524670
177,5349,3.5,1435524223
177,5418,3.5,1435524233
177,5444,4.0,1435524887
177,5445,5.0,1435524214
177,5459,2.5,1435526025
177,5816,5.0,1435525963
177,5952,2.0,1435523704
177,5989,4.5,1435524309
177,6365,2.5,1435524324
177,6373,3.0,1435526050
177,6377,4.0,1435523573
177,6378,4.5,1435526032
177,6539,5.0,1435523568
177,6874,3.5,1435523582
177,6934,1.5,1435526000
177,7153,2.0,1435523564
177,7293,4.0,1435524745
177,7361,4.0,1435523578
177,7438,3.0,1435523590
177,8368,3.5,1435525982
177,8529,3.0,1435526173
177,8533,3.5,1435524954
177,8665,4.0,1435525969
177,8961,4.0,1435523585
177,8972,4.0,1435524864
177,8984,3.5,1435526140
177,27773,4.0,1435524724
177,30707,5.0,1435524523
177,30793,2.5,1435524610
177,33615,3.5,1435525061
177,33794,4.0,1435523588
177,34048,3.0,1435524709
177,40815,3.5,1435524502
177,41566,3.0,1435524651
177,41569,2.5,1435533039
177,44022,2.5,1435525303
177,44191,5.0,1435524364
177,45186,3.5,1435525099
177,45517,3.0,1435524897
177,45720,3.5,1435533316
177,45722,3.0,1435526027
177,46972,4.0,1435525248
177,48394,4.0,1435524049
177,48516,4.0,1435525965
177,48780,4.5,1435524446
177,49530,4.0,1435524662
177,50872,4.0,1435526056
177,51662,2.0,1435524456
177,52722,1.0,1435524910
177,53125,4.5,1435524766
177,53464,3.0,1435525477
177,54001,5.0,1435524731
177,58559,5.0,1435523703
177,58998,2.0,1435525011
177,59315,3.5,1435525994
177,59369,3.5,1435526187
177,59501,3.0,1435526838
177,59784,4.0,1435524865
177,60074,4.0,1435525089
177,63082,2.5,1435526019
177,63992,3.0,1435526647
177,64614,3.0,1435526122
177,64957,3.5,1435526224
177,66097,4.0,1435525095
177,68135,3.0,1435526906
177,68157,3.5,1435524511
177,68793,4.0,1435837260
177,68954,4.0,1435524505
177,69122,4.0,1435532961
177,69844,5.0,1435526221
177,70286,2.5,1435524591
177,71535,5.0,1435524764
177,72737,4.5,1435837180
177,72998,2.5,1435524485
177,73017,4.5,1435524753
177,74458,5.0,1435524721
177,74789,3.0,1435533349
177,76093,5.0,1435526185
177,77561,3.5,1435524899
177,78499,5.0,1435524741
177,78772,3.0,1435836986
177,79091,4.0,1435525144
177,79132,5.0,1435523764
177,79695,2.0,1435525839
177,80463,4.0,1435524775
177,81564,4.5,1435804362
177,81591,3.5,1435524773
177,81845,5.0,1435524748
177,81847,5.0,1435525266
177,82459,4.0,1435525040
177,86332,4.0,1435525204
177,86880,3.5,1435529717
177,86911,2.5,1435804689
177,87430,2.5,1435837133
177,87869,3.0,1435804497
177,88129,2.0,1435525131
177,88140,4.0,1435526592
177,89745,4.0,1435524779
177,91500,4.5,1435524993
177,91529,4.0,1435524803
177,91535,3.0,1435837121
177,91542,4.0,1435525270
177,91630,3.5,1435525468
177,94478,3.0,1435837946
177,94777,2.0,1435836793
177,95167,4.0,1435804550
177,95510,4.0,1435525464
177,97304,5.0,1435526489
177,97913,4.0,1435525735
177,97921,4.5,1435525348
177,97938,4.5,1435526682
177,99112,3.5,1435837739
177,99114,3.5,1435524830
177,100383,3.5,1435837725
177,101864,2.0,1435836712
177,102407,3.0,1435837479
177,103141,5.0,1435837207
177,104841,3.0,1435525195
177,105504,5.0,1435804649
177,105844,4.0,1435532192
177,106072,3.5,1435836938
177,106100,5.0,1435804693
177,106487,4.0,1435525443
177,106696,5.0,1435529765
177,106916,2.0,1435529819
177,108190,4.0,1435837309
177,109374,3.0,1435525242
177,110553,4.0,1435837729
177,111360,2.0,1435837228
177,111362,3.5,1435525531
177,111759,4.0,1435526621
177,111921,5.0,1435720961
177,112175,4.5,1449720916
177,112556,4.0,1435523615
177,112852,5.0,1435525149
177,114662,4.5,1435838029
177,115617,5.0,1435523609
177,116797,4.0,1435523599
177,116823,5.0,1435720681
177,117176,3.0,1435720730
178,1,4.0,1164354911
178,10,4.0,1164355337
178,47,4.5,1164355292
178,50,4.5,1163673981
178,110,4.0,1164355046
178,296,4.5,1164355189
178,318,5.0,1164355198
178,356,4.5,1164354927
178,377,3.5,1164355249
178,457,5.0,1164355052
178,527,4.5,1164355240
178,589,4.0,1164355211
178,780,3.0,1164355216
178,1193,5.0,1164355404
178,1198,4.0,1164355272
178,1213,4.0,1164355572
178,1240,4.5,1164355380
178,1265,4.5,1164355393
178,1270,4.5,1164355299
178,2028,5.0,1164354854
178,2329,5.0,1163673965
178,2571,4.5,1164355026
178,2858,5.0,1163673983
178,2959,4.5,1164355561
178,4226,4.5,1163673959
178,4973,5.0,1164355534
178,4993,4.0,1164354874
178,5952,4.0,1164355151
178,5995,4.5,1163673634
178,6539,2.5,1164354902
178,7153,4.5,1164355077
178,7361,4.5,1164354934
178,8874,4.0,1163673719
178,8961,4.0,1164354909
178,44191,4.5,1164355057
179,1,4.0,852114051
179,47,4.0,840907616
179,110,5.0,840907561
179,150,4.0,840907313
179,153,3.0,840907370
179,165,4.0,840907370
179,253,4.0,840907511
179,296,4.0,840907314
179,318,5.0,840907462
179,356,5.0,840907511
179,364,4.0,840907616
179,367,3.0,840907679
179,377,5.0,840907679
179,457,4.0,840907417
179,589,5.0,840907616
179,648,3.0,852114116
179,780,5.0,852114051
180,260,4.5,1270237876
180,1136,4.0,1270237867
180,1196,4.0,1270237862
180,1198,4.0,1270237900
180,1213,4.5,1270237889
180,2571,3.5,1270237896
180,2761,4.0,1270237599
180,2959,4.5,1270237884
180,4993,4.5,1270237909
181,10,2.0,845469438
181,47,3.0,845469500
181,110,3.0,845469438
181,165,3.0,845469325
181,296,2.0,845469280
181,356,5.0,845469403
181,367,3.0,845469528
181,377,3.0,845469500
181,457,4.0,845469365
181,588,4.0,845469325
182,1,4.0,1063289621
182,10,3.5,1054782216
182,47,4.0,1054781315
182,50,4.5,1054781309
182,70,4.5,1077804802
182,110,3.5,1054780923
182,111,4.5,1054780398
182,150,2.5,1055157599
182,153,3.5,1055150878
182,165,3.0,1120879588
182,253,3.0,1055157668
182,260,3.5,1120879576
182,296,5.0,1054781290
182,318,4.5,1055157293
182,356,5.0,1054782675
182,377,2.5,1054780896
182,457,3.5,1054783792
182,527,4.0,1054781427
182,541,4.0,1054779827
182,589,2.0,1066331268
182,648,4.0,1054782276
182,733,3.0,1054780903
182,778,4.5,1054780334
182,780,1.5,1054780010
182,858,4.5,1054781812
182,919,4.0,1054781073
182,924,5.0,1054779890
182,1036,4.0,1055158318
182,1089,5.0,1054781289
182,1090,5.0,1054781436
182,1097,2.0,1054779923
182,1101,3.5,1054783801
182,1136,4.0,1054784002
182,1193,4.0,1054780366
182,1196,3.0,1054779803
182,1198,3.5,1054781077
182,1200,4.5,1064782813
182,1208,5.0,1054780329
182,1213,5.0,1055153970
182,1214,4.5,1066151134
182,1219,3.0,1069633872
182,1221,4.5,1054781955
182,1227,5.0,1075764796
182,1240,2.0,1066331265
182,1246,4.5,1077804786
182,1258,4.5,1063904317
182,1265,4.5,1054783243
182,1270,3.0,1077804659
182,1291,3.5,1054783760
182,1370,3.5,1055158327
182,1377,4.0,1055151038
182,1527,4.5,1054779948
182,1580,2.5,1054779951
182,1584,0.5,1054779865
182,1625,4.5,1055153106
182,1653,3.5,1054779637
182,1676,4.5,1066639560
182,1682,3.0,1054779656
182,1732,4.5,1054780737
182,1917,0.5,1054779634
182,1923,3.0,1054784187
182,1961,4.0,1063285692
182,2028,3.0,1054780925
182,2115,4.0,1054783847
182,2174,3.5,1054784239
182,2329,4.5,1055157265
182,2355,3.5,1054781595
182,2571,5.0,1054779786
182,2572,4.0,1055155150
182,2628,1.5,1054780075
182,2706,2.0,1055154881
182,2762,4.0,1126561639
182,2858,5.0,1054780327
182,2947,4.0,1057525941
182,2949,4.0,1057525943
182,2959,5.0,1054780289
182,3000,5.0,1054781963
182,3114,4.0,1054784008
182,3147,4.0,1055153103
182,3527,1.5,1054779963
182,3578,3.5,1054782084
182,3623,2.5,1054782387
182,3717,2.5,1055151127
182,4011,4.5,1054781325
182,4016,3.0,1063282472
182,4022,2.5,1055157611
182,4226,4.5,1054780286
182,4262,4.0,1054780313
182,4306,4.0,1054780155
182,4308,4.0,1055157002
182,4643,3.0,1055150984
182,4776,3.0,1055157289
182,4878,4.5,1054779769
182,4886,4.5,1054781119
182,4896,4.0,1054782973
182,4963,4.0,1054780933
182,4973,4.5,1066639510
182,4993,3.0,1054780153
182,4995,4.0,1055157215
182,5218,3.5,1063275734
182,5254,2.0,1054782316
182,5266,2.5,1063648979
182,5349,3.0,1055151103
182,5418,2.0,1055153109
182,5445,3.0,1054779798
182,5464,4.0,1055157277
182,5618,4.5,1065660030
182,5816,3.5,1054781084
182,5872,3.5,1054782302
182,5952,3.0,1054780151
182,5995,4.5,1054780324
182,6365,2.0,1054779781
182,6373,2.0,1063274522
182,6537,0.5,1066331257
182,6539,2.5,1063274328
182,6564,0.5,1063646207
182,6754,2.5,1076826061
182,6874,4.0,1067829786
182,6934,0.5,1073397313
182,7153,1.0,1073397287
182,7254,4.0,1127221144
182,7361,4.5,1090326671
182,7438,4.5,1085148284
182,8984,3.0,1120879640
182,32587,4.5,1127208683
182,33794,3.5,1120879664
182,34048,2.0,1120879654
182,44191,4.0,1146534346
183,110,5.0,992331285
183,377,5.0,992331540
183,457,5.0,992331540
183,589,5.0,992331396
183,733,4.0,992331396
183,858,3.0,992331344
183,1036,4.0,992331344
183,1196,4.0,992331144
183,1200,5.0,992331285
183,1201,4.0,992331435
183,1214,4.0,992331285
183,1370,5.0,992331702
183,1387,5.0,992331493
183,1527,2.0,992331630
183,1580,4.0,992331667
183,2028,5.0,992331285
183,2288,2.0,992331493
183,2947,4.0,992331435
183,2949,3.0,992331667
183,3527,4.0,992331630
184,4226,5.0,1537094440
184,4896,3.5,1537094519
184,5816,2.5,1537094736
184,5995,4.5,1537094723
184,33794,4.0,1537094797
184,48780,5.0,1537094917
184,58559,5.0,1537095024
184,59315,4.0,1537094991
184,60040,2.5,1537095010
184,77561,3.0,1537098627
184,79132,4.5,1537098639
184,80463,4.5,1537098659
184,81845,4.5,1537098650
184,86332,3.0,1537098747
184,88140,4.0,1537098776
184,89745,4.5,1537098811
184,91529,4.0,1537098836
184,97304,4.5,1537098862
184,102125,4.0,1537098914
184,103042,3.0,1537099001
184,106072,2.5,1537099217
184,106782,5.0,1537099242
184,106920,4.5,1537099198
184,108932,5.0,1537099275
184,109374,4.5,1537099288
184,109487,5.0,1537099534
184,109578,4.0,1537099270
184,110102,4.5,1537099419
184,112552,5.0,1537099249
184,112852,4.5,1537099481
184,114180,2.5,1537099520
184,114662,3.0,1537099570
184,116797,4.0,1537099503
184,117895,1.0,1537107397
184,122892,3.5,1537099659
184,122900,4.0,1537099857
184,122920,4.5,1537107779
184,135536,2.5,1537107978
184,136562,5.0,1537107367
184,136864,2.0,1537107760
184,148626,5.0,1537107674
185,1,4.0,1044311830
185,364,4.0,1044311830
185,588,4.0,1044311830
185,919,3.0,1044311830
185,1721,3.0,1044311157
185,1907,3.0,1044311830
185,2355,3.0,1044311830
185,3114,3.0,1044311119
185,4016,4.0,1044311744
185,4226,5.0,1044311318
185,4308,4.0,1044311949
185,4878,4.0,1044311358
185,4995,5.0,1044311310
185,5418,4.0,1044311619
185,5952,4.0,1044311345
186,1,4.0,1031080831
186,10,4.0,1031088020
186,260,4.0,1031079382
186,364,4.0,1031079149
186,377,4.0,1031072855
186,541,4.0,1031073630
186,588,5.0,1031080921
186,589,5.0,1031079431
186,594,4.0,1031079112
186,648,4.0,1031088055
186,733,4.0,1031087923
186,780,4.0,1031080005
186,919,5.0,1031079112
186,924,5.0,1031079431
186,1028,5.0,1031079149
186,1097,3.0,1031079382
186,1136,5.0,1031073654
186,1193,4.0,1031072107
186,1196,5.0,1031079382
186,1198,5.0,1031072474
186,1200,5.0,1031079431
186,1214,4.0,1031073489
186,1240,4.0,1031079382
186,1259,4.0,1031087825
186,1265,5.0,1031080604
186,1291,4.0,1031087825
186,1527,4.0,1031079906
186,1580,4.0,1031079788
186,1584,5.0,1031079788
186,1653,4.0,1031079628
186,1676,4.0,1031073244
186,2115,4.0,1031087950
186,2161,4.0,1031087675
186,2174,3.0,1031087641
186,2288,4.0,1031079589
186,2571,3.0,1031079431
186,2628,4.0,1031079926
186,2640,5.0,1031079788
186,3114,4.0,1031073489
186,3471,4.0,1031079382
186,3527,4.0,1031079628
186,3578,4.0,1031081566
186,4306,5.0,1031080851
186,4366,3.0,1031087604
186,4643,4.0,1031080201
186,4896,4.0,1031072959
186,4993,5.0,1031081151
186,4995,3.0,1031072742
186,5349,4.0,1031081207
187,47,4.0,1161850486
187,50,4.5,1161849680
187,70,4.0,1161849108
187,110,3.0,1161863869
187,111,4.5,1161849811
187,253,3.5,1161863909
187,260,4.0,1161849967
187,296,4.5,1161849333
187,318,3.0,1161849921
187,356,2.0,1161863877
187,377,2.0,1161863867
187,527,4.0,1161872571
187,541,4.5,1161850214
187,778,3.5,1161850493
187,780,0.5,1180300989
187,924,4.0,1161850326
187,1089,4.5,1161849370
187,1136,4.0,1180734773
187,1196,4.0,1180734824
187,1198,3.0,1161863830
187,1200,4.5,1180734819
187,1201,5.0,1161849644
187,1203,4.0,1161849225
187,1209,5.0,1161849906
187,1214,4.0,1161849824
187,1258,4.5,1161849677
187,1265,4.5,1161864081
187,1527,1.0,1161863924
187,1580,2.0,1161864061
187,1732,5.0,1161849502
187,1917,1.5,1161863936
187,2288,4.0,1161849930
187,2329,3.0,1161850457
187,2571,4.0,1161863977
187,2628,1.5,1180734850
187,2858,4.0,1161849492
187,2959,3.0,1161849329
187,3000,4.0,1161849397
187,3578,2.0,1161864002
187,4011,1.5,1161864057
187,4226,4.0,1161849528
187,4262,4.0,1161849672
187,4878,3.5,1161849216
187,4993,4.5,1161849940
187,5349,2.0,1161863812
187,5445,3.5,1161863913
187,5618,5.0,1161849806
187,5952,4.5,1161850077
187,6365,2.0,1161863805
187,6377,2.5,1161863902
187,6537,2.5,1161864067
187,6874,4.0,1161849149
187,6934,2.0,1161863997
187,7153,4.5,1161849888
187,7361,4.0,1161849382
187,7438,4.0,1161849208
187,8874,5.0,1161849541
187,8961,4.0,1161863972
187,27773,4.0,1161850452
187,31658,4.0,1161849648
187,32587,4.0,1161849338
187,41569,4.0,1161863959
187,44191,3.5,1161849415
187,48394,4.0,1180301406
187,49272,4.0,1180301461
187,51540,3.0,1180300951
187,51662,2.5,1180301582
187,52328,3.0,1180302091
188,356,5.0,962559856
188,594,4.0,962560143
188,919,5.0,962560143
188,1028,5.0,962559967
188,2858,3.0,962559768
189,318,4.0,1439465054
189,356,4.0,1439465080
189,527,4.5,1439465064
189,1265,4.0,1439465112
189,2571,4.0,1439465057
189,2762,4.0,1439465088
189,2959,4.0,1439465118
189,3578,4.0,1439465140
189,4993,4.0,1439465093
189,5952,4.0,1439465085
189,7153,4.0,1439465091
189,33794,3.5,1439465138
189,48516,4.0,1439465131
189,58559,5.0,1439465067
189,68954,4.5,1439465136
189,76093,4.0,1439465149
189,79132,4.5,1439465099
189,91529,3.5,1439465147
190,318,4.0,1504309935
190,527,5.0,1504309938
190,858,4.5,1504310662
190,1193,4.5,1504310666
190,1221,4.0,1504310664
190,2571,3.0,1504309954
190,2959,4.0,1504309945
190,4306,3.5,1504310018
190,4776,3.5,1504310182
190,4878,3.5,1504310077
190,4886,4.0,1504310027
190,4896,5.0,1504310080
190,4963,3.0,1504310065
190,4973,5.0,1504310024
190,4995,4.0,1504310057
190,5445,3.5,1504310055
190,5618,4.0,1504310096
190,5816,5.0,1504310099
190,5989,4.0,1504310079
190,6377,3.5,1504310030
190,6539,3.0,1504310021
190,6874,4.0,1504310050
190,7361,5.0,1504310052
190,7438,4.0,1504310074
190,8368,5.0,1504310094
190,8533,3.0,1504310418
190,8961,4.0,1504310067
190,69844,5.0,1504310674
190,79132,4.0,1504309942
190,116823,4.0,1504310669
191,1,4.0,829759809
191,47,4.0,829760898
191,50,5.0,829760898
191,110,3.0,829760897
191,111,5.0,829759809
191,150,2.0,829760897
191,153,1.0,829760897
191,296,5.0,829760898
191,318,4.0,829760898
192,10,5.0,835128874
192,47,3.0,835129031
192,110,3.0,835128955
192,150,5.0,835128552
192,296,3.0,835128552
192,356,5.0,835129257
193,1,2.0,1435856890
193,260,5.0,1435857223
193,296,4.0,1435857247
193,318,3.5,1436558657
193,356,3.0,1435856904
193,527,4.0,1435857242
193,778,4.0,1435857306
193,858,4.5,1436558895
193,924,5.0,1436558672
193,1193,5.0,1435857277
193,1196,4.5,1435857227
193,1198,2.0,1435857225
193,1270,3.0,1435856901
193,2858,2.5,1436558605
193,2959,3.0,1435857218
193,4878,4.0,1435857313
193,5618,5.0,1436558923
193,7153,4.0,1435857256
193,97938,4.0,1435857055
194,48,2.0,1110316714
194,1090,4.5,1110316671
194,1380,2.5,1110316695
194,1653,3.5,1110316600
194,7143,4.5,1110316914
195,10,4.0,974705349
195,50,5.0,974705671
195,70,4.0,979858326
195,111,2.0,994276257
195,150,4.0,974709770
195,165,2.0,974709470
195,260,4.0,974707220
195,296,5.0,974709531
195,318,5.0,974709608
195,377,4.0,974705986
195,527,4.0,974706225
195,589,3.0,974705726
195,648,5.0,974706589
195,778,4.0,974709814
195,919,1.0,979470146
195,1036,5.0,974707340
195,1089,5.0,974705726
195,1090,5.0,974710189
195,1097,3.0,974710189
195,1196,4.0,974706225
195,1208,3.0,997734144
195,1213,5.0,974709608
195,1259,4.0,974706483
195,1270,5.0,974705349
195,1291,4.0,974706483
195,1370,3.0,974709477
195,1653,3.0,974938327
195,1682,4.0,974709939
195,1732,4.0,974705986
195,1923,3.0,974709882
195,1961,4.0,974705276
195,2028,3.0,974709608
195,2329,4.0,981960112
195,2571,3.0,974705726
195,2762,5.0,974705726
195,2858,4.0,974706332
195,3578,4.0,974708051
195,3623,3.0,1008558152
195,3717,3.0,1008558066
195,4022,3.0,978994326
195,4306,3.0,994032742
195,4308,2.0,1011849879
195,4995,4.0,1012210144
195,5254,3.0,1017979236
196,110,3.5,1460954199
196,150,5.0,1460954092
196,364,5.0,1460954164
196,457,3.5,1460954185
196,733,5.0,1460954131
196,1036,4.5,1460954067
196,1214,4.5,1460954418
196,1259,3.0,1460954102
196,1527,3.0,1460954438
196,2028,3.0,1460954279
196,2571,5.0,1460954049
196,2762,3.0,1460954058
196,3578,5.0,1460954089
196,4963,3.5,1460954295
196,5418,4.0,1460954103
196,5952,3.0,1460954073
196,5995,3.0,1460954120
196,6378,4.5,1460954271
196,41569,2.0,1460953998
196,47099,4.0,1460954512
196,58559,5.0,1460954069
196,59315,4.5,1460954108
196,68954,4.0,1460954168
196,70286,2.0,1460954229
196,109487,3.5,1460954412
196,134130,4.5,1460954008
197,50,3.0,947462391
197,153,2.0,947462092
197,296,5.0,947461923
197,318,4.0,947462973
197,356,3.0,947461058
197,541,5.0,947461866
197,589,5.0,947462047
197,858,2.0,947462734
197,924,4.0,947462579
197,1193,5.0,947461020
197,1201,3.0,947462764
197,1209,5.0,947462811
197,1213,3.0,947462347
197,1240,4.0,947462047
197,1377,4.0,947462092
197,2028,3.0,947462973
197,2571,5.0,947461364
197,2628,5.0,947461556
198,47,5.0,1034136177
198,50,5.0,1034136008
198,110,3.0,1034136119
198,260,5.0,1034137711
198,296,5.0,1034135986
198,318,5.0,1034137533
198,356,5.0,1034134802
198,364,4.0,1034207302
198,541,3.0,1039797013
198,589,3.0,1034136119
198,648,3.0,1034139174
198,778,4.0,1034134565
198,780,2.0,1034138101
198,920,5.0,1034138307
198,924,4.0,1034135489
198,1089,5.0,1034135243
198,1097,3.0,1034135503
198,1196,5.0,1034135531
198,1198,4.0,1034137577
198,1200,3.0,1039797013
198,1213,4.0,1034137793
198,1214,2.0,1034135503
198,1221,3.0,1034137533
198,1240,3.0,1034135545
198,1246,5.0,1034138519
198,1258,3.0,1034137298
198,1259,4.0,1034137711
198,1265,4.0,1034136733
198,1270,5.0,1034135578
198,1527,1.0,1034135655
198,1580,4.0,1034135628
198,1584,4.0,1034135578
198,1625,2.0,1034139049
198,1653,5.0,1034135628
198,1676,4.0,1034138225
198,1682,4.0,1034134690
198,1732,3.0,1034139066
198,1917,3.0,1034138247
198,1961,5.0,1034134690
198,2023,4.0,1034137256
198,2028,4.0,1034136177
198,2115,3.0,1034207373
198,2174,3.0,1034197876
198,2329,5.0,1034137793
198,2571,5.0,1034135489
198,2572,1.0,1034136443
198,2628,2.0,1034138101
198,2640,3.0,1034137427
198,2706,4.0,1034136454
198,2762,1.0,1034134565
198,2858,5.0,1034136008
198,2959,5.0,1034134565
198,3147,5.0,1034136190
198,3471,3.0,1034135489
198,3527,2.0,1034135655
198,3578,3.0,1034134690
198,4011,3.0,1034207400
198,4226,4.0,1034134565
198,4776,4.0,1034137213
198,4886,3.0,1039796737
198,4963,4.0,1034195349
198,4973,4.0,1034135324
198,4993,2.0,1034136388
198,4995,4.0,1034136695
198,5349,3.0,1034135416
198,5445,5.0,1034135416
198,5459,2.0,1034135451
199,47,3.0,940372883
199,50,4.0,940372419
199,111,3.0,940372348
199,150,4.0,940372782
199,260,4.0,1022970258
199,296,4.0,940372462
199,318,4.0,940372390
199,356,2.0,940372744
199,377,2.0,940544026
199,457,4.0,940372697
199,527,5.0,940372656
199,541,5.0,940380371
199,589,3.5,1057590366
199,778,3.5,1126036000
199,780,3.0,1024710076
199,858,4.0,940379738
199,1089,4.0,940372348
199,1097,2.0,1094309545
199,1101,2.0,940380107
199,1136,5.0,940380847
199,1196,3.5,1119190979
199,1198,4.0,940380371
199,1208,5.0,940379738
199,1213,4.0,940372592
199,1214,4.0,940380410
199,1240,5.0,1057590354
199,1265,4.0,946523712
199,1377,1.0,943698847
199,1387,5.0,940380653
199,1580,4.0,940456621
199,1584,2.0,1023654736
199,1625,2.0,940372513
199,1676,2.0,940379971
199,1721,3.0,940372697
199,1917,2.0,940456582
199,1923,5.0,940372390
199,1954,4.0,1261363367
199,2028,4.0,940372462
199,2174,2.5,1074006407
199,2329,3.0,1023654611
199,2571,4.0,940371931
199,2628,2.0,940371961
199,2706,1.0,1093802585
199,2762,4.0,941325372
199,2858,5.0,941295364
199,3578,4.0,959638011
199,4022,3.0,1018183623
199,4226,4.0,1025918767
199,4308,3.5,1082556819
199,4776,3.0,1018183597
199,4963,3.5,1101073599
199,4973,2.5,1090544433
199,5349,3.0,1023592667
199,5418,4.0,1057590429
199,5464,4.5,1094309740
199,5989,4.0,1068349404
199,5995,5.0,1112634613
199,6365,2.5,1060288963
199,6378,3.5,1064022775
199,7361,4.0,1101073428
199,7458,3.5,1087154741
199,8533,2.5,1094516666
199,8665,3.0,1101838567
199,8874,4.5,1113625062
199,8984,3.0,1113258696
199,30707,4.0,1261364247
199,48516,4.0,1261363832
199,55820,4.0,1208645990
199,58998,4.5,1401308935
199,64614,3.5,1261363910
199,69122,2.5,1261364214
200,1,3.5,1229886312
200,10,4.5,1229887453
200,47,4.0,1229885752
200,110,4.5,1229886082
200,150,4.0,1229885978
200,165,4.0,1229886183
200,260,5.0,1229886006
200,296,5.0,1229886402
200,318,5.0,1229878882
200,356,4.0,1229886266
200,367,3.5,1229886978
200,377,4.0,1229886632
200,588,4.0,1229877199
200,648,3.5,1229885782
200,780,3.5,1229886639
200,1028,3.0,1229876447
200,1036,3.5,1229886202
200,1101,4.0,1229887266
200,1196,5.0,1229886264
200,1198,4.0,1229885859
200,1213,4.0,1229886360
200,1214,3.5,1229877238
200,1259,4.0,1229886705
200,1270,4.0,1229877810
200,1291,3.5,1229886275
200,1380,5.0,1229887379
200,1527,3.5,1229886166
200,1580,4.0,1229885975
200,1653,4.0,1229886938
200,1676,3.0,1229887041
200,1682,3.5,1229886367
200,1721,2.5,1229886327
200,1923,4.0,1229886448
200,2115,4.0,1229886375
200,2571,5.0,1229887354
200,2572,5.0,1229876838
200,2628,3.0,1229885944
200,2858,3.5,1229886272
200,2947,4.0,1229887433
200,2949,4.0,1229888513
200,2959,5.0,1229885970
200,3578,4.0,1229886217
200,3623,3.5,1229886187
200,3717,4.0,1229887527
200,4022,3.5,1229886197
200,4226,4.0,1229886695
200,4306,3.0,1229885793
200,4308,5.0,1229886822
200,4878,5.0,1229886349
200,4886,3.5,1229885803
200,4896,4.0,1229886121
200,4963,4.0,1229886103
200,4973,5.0,1229885760
200,4993,4.0,1229886061
200,4995,4.0,1229878007
200,5349,3.5,1229885797
200,5418,4.0,1229878516
200,5445,3.5,1229885871
200,5816,4.0,1229886071
200,5872,4.0,1229887810
200,5952,4.5,1229886220
200,5989,4.5,1229886260
200,6365,5.0,1229885931
200,6373,4.0,1229887107
200,6377,4.0,1229885937
200,6378,4.0,1229886974
200,6539,4.0,1229886346
200,6754,4.0,1229889056
200,6874,5.0,1229886192
200,6934,4.0,1229886357
200,7153,4.0,1229886816
200,7293,5.0,1229887837
200,7361,4.5,1229886079
200,7438,5.0,1229885738
200,7458,4.0,1229887391
200,8368,4.0,1229886288
200,8665,4.0,1229878518
200,8874,4.0,1229886997
200,8961,4.0,1229885891
200,8984,2.5,1229887558
200,30793,3.5,1229886720
200,32587,5.0,1229886430
200,33794,4.0,1229885879
200,40815,4.0,1229886396
200,41566,3.5,1229887007
200,45186,3.0,1229887687
200,45517,3.0,1229887508
200,45720,4.5,1229888358
200,45722,5.0,1229885889
200,49272,5.0,1229885814
200,49530,4.0,1229887544
200,50872,4.5,1229886399
200,51662,5.0,1229876946
200,53125,4.0,1229887155
200,53464,1.0,1229889097
200,54001,4.0,1229886936
200,57640,4.0,1229887672
200,58559,5.0,1229885836
200,59315,4.5,1229886298
200,59615,1.0,1229887297
200,60040,4.0,1229887610
200,60072,5.0,1229887768
200,60074,3.5,1229887390
201,1,5.0,939801780
201,150,4.0,939227808
201,153,4.0,939226657
201,260,5.0,939226374
201,296,5.0,939833199
201,356,5.0,939801781
201,589,5.0,941211417
201,733,5.0,939227479
201,780,4.0,939226691
201,1028,4.0,939801930
201,1097,5.0,941211478
201,1196,5.0,939227261
201,1198,5.0,939227364
201,1213,4.0,939227627
201,1240,5.0,941211417
201,1259,4.0,939226122
201,1270,5.0,939226860
201,1291,5.0,939227212
201,1377,2.0,939226657
201,1527,4.0,941211417
201,1562,2.0,939226658
201,1580,4.0,939821323
201,1584,5.0,941211417
201,1676,2.0,941211804
201,1721,5.0,939224378
201,1732,2.0,940350528
201,1917,4.0,941211523
201,1923,5.0,939226205
201,2028,5.0,939227714
201,2115,5.0,939227212
201,2174,4.0,939821323
201,2355,5.0,939801930
201,2628,3.0,939226374
201,2706,4.0,939224189
201,2762,5.0,939224189
201,2858,5.0,939801984
202,1,4.0,974923506
202,10,4.0,974919042
202,50,4.0,974924628
202,110,4.0,974918508
202,150,4.0,975013015
202,260,4.0,974912002
202,296,4.0,974912566
202,318,4.0,974912341
202,356,5.0,974924053
202,377,3.0,974921289
202,457,3.0,974918472
202,541,5.0,974925048
202,588,4.0,975015866
202,589,5.0,974921268
202,648,3.0,974919186
202,780,2.0,974924550
202,858,4.0,974912358
202,919,4.0,974912341
202,920,4.0,974924428
202,924,5.0,974912414
202,1036,4.0,974918530
202,1089,5.0,974924662
202,1090,5.0,974912698
202,1097,4.0,974912792
202,1101,3.0,974918973
202,1136,5.0,974923446
202,1196,5.0,974912096
202,1198,5.0,974918419
202,1200,5.0,974921268
202,1201,5.0,974918508
202,1203,4.0,974912395
202,1208,4.0,974912467
202,1209,5.0,974924273
202,1214,4.0,974921250
202,1219,4.0,974924662
202,1221,4.0,974918419
202,1227,3.0,974924755
202,1240,4.0,974918508
202,1246,4.0,975014416
202,1259,5.0,974912991
202,1265,5.0,974923488
202,1270,4.0,974925048
202,1291,4.0,974918563
202,1370,4.0,974918688
202,1387,4.0,974918472
202,1527,3.0,974921308
202,1580,4.0,974921336
202,1584,5.0,975013015
202,1625,3.0,974924851
202,1682,4.0,975012973
202,1954,4.0,974912096
202,1961,4.0,974912467
202,2028,4.0,974912380
202,2115,3.0,974923259
202,2288,4.0,974921268
202,2355,4.0,974923872
202,2403,3.0,974919016
202,2571,4.0,974918563
202,2628,4.0,974923318
202,2640,4.0,974921398
202,2761,5.0,975015913
202,2762,5.0,974924703
202,2858,4.0,974912414
202,2947,3.0,974918472
202,2949,4.0,974921308
202,2959,5.0,975013040
202,3000,4.0,974918688
202,3147,4.0,974924834
202,3527,4.0,974918657
203,110,5.0,1390094654
203,296,5.0,1390095442
203,318,4.0,1390094621
203,1584,5.0,1390095344
203,2571,2.5,1390094970
203,2947,3.0,1390094478
203,3578,5.0,1390094773
203,4022,4.0,1390095330
203,4306,4.0,1390095326
203,4886,4.0,1390095323
203,4896,3.5,1390094907
203,4993,5.0,1390094672
203,5418,5.0,1390095396
203,5952,5.0,1390094680
203,7153,5.0,1390094680
203,7458,4.5,1390095116
203,8368,3.5,1390094903
203,8665,5.0,1390095408
203,40815,3.5,1390094899
203,49272,3.0,1390095078
203,56174,4.0,1390095044
203,59315,3.0,1390094919
203,70286,4.0,1390094998
203,88744,4.0,1390095020
203,98809,5.0,1390095164
204,47,5.0,1327182956
204,296,4.5,1327183210
204,527,4.5,1327183492
204,858,4.0,1327183341
204,1089,4.5,1327183252
204,1090,4.0,1327183736
204,1136,5.0,1327182389
204,1208,4.5,1327183527
204,1653,5.0,1327182865
204,2329,5.0,1327183122
204,2571,4.5,1327183462
204,2858,4.0,1327183447
204,2959,5.0,1327182941
204,4226,4.5,1327183205
204,4306,4.0,1327182567
204,4878,5.0,1327183452
204,4886,3.5,1327182585
204,4973,4.0,1327182812
204,4993,4.0,1327183628
204,5218,4.0,1327182607
204,5995,4.0,1327183646
204,6874,4.5,1327183712
204,7361,4.5,1327183274
204,8874,5.0,1327182806
204,32587,4.0,1327183948
204,33615,4.0,1327182622
204,33794,4.0,1327183772
204,44191,5.0,1327182831
204,48394,3.5,1327183400
204,48780,5.0,1327183651
204,55820,4.0,1327183636
204,58559,4.0,1327183229
204,68157,5.0,1327182882
204,68954,4.0,1327182451
204,70286,4.0,1327183807
204,80463,4.5,1327183849
204,81591,4.5,1327183682
204,87222,2.0,1327181278
204,88129,4.0,1327183068
204,90746,3.5,1327181745
205,260,4.5,1519900208
205,356,4.0,1519900230
205,1028,3.0,1519900755
205,4896,4.5,1519900808
205,5816,3.5,1519900818
205,6874,4.5,1519900732
205,7153,4.0,1519900412
205,8368,4.0,1519900910
205,40815,3.5,1519900897
205,54001,3.5,1519900824
205,68157,4.0,1519900524
205,69844,4.0,1519900892
205,77561,4.0,1519900265
205,81845,4.5,1519901442
205,91542,4.5,1520075633
205,95167,4.0,1519901669
205,96079,3.0,1519900258
205,99114,4.5,1519902005
206,1,5.0,850763267
206,648,3.0,850763267
206,733,3.0,850763310
206,780,3.0,850763267
207,2329,3.5,1258548561
207,2858,5.0,1258548555
207,2949,4.5,1258548026
208,10,2.0,940639452
208,110,4.0,940639310
208,457,3.0,940639309
208,589,4.0,940639452
208,733,3.0,940639513
208,2023,4.0,940639513
208,2028,5.0,940639310
208,2571,5.0,940638581
208,2628,4.0,940638611
208,2762,4.0,940638152
209,318,5.0,1524522161
209,356,4.5,1524522179
209,1198,5.0,1524607502
209,1291,5.0,1524607726
209,1721,3.0,1524607412
209,2028,4.0,1524522191
209,2571,5.0,1524522373
209,2628,2.0,1524607394
209,2762,4.0,1524607356
209,2858,4.5,1524607362
209,2959,4.5,1524607417
209,3578,4.0,1524607358
209,4011,5.0,1524607711
209,4993,5.0,1524522273
209,5952,5.0,1524522312
209,7153,5.0,1524522296
209,60684,5.0,1524522466
209,64614,4.5,1524607507
209,68157,5.0,1524522332
209,68954,4.0,1524607294
209,71535,2.0,1524607723
209,74458,4.5,1524607340
209,79132,5.0,1524606448
209,81562,4.5,1524522405
209,96079,4.0,1524607527
210,153,3.5,1527266231
210,260,5.0,1473705468
210,296,0.5,1473705619
210,589,4.0,1473882015
210,1196,5.0,1473705473
210,1198,3.0,1473881958
210,1270,4.5,1527266224
210,1527,5.0,1527266113
210,1584,4.0,1536862713
210,2571,5.0,1473881704
210,2628,5.0,1473705519
210,3147,4.0,1527266292
210,4306,4.0,1473881922
210,4896,4.5,1527266266
210,4993,4.0,1527266259
210,4995,4.5,1533997924
210,5349,4.5,1517173212
210,5816,4.5,1527266264
210,5952,4.0,1527266258
210,6365,4.5,1527266099
210,6539,4.5,1527266242
210,6934,4.5,1527266309
210,7153,4.0,1527266255
210,33615,4.5,1473881816
210,48780,4.0,1528550859
210,50872,4.0,1475349175
210,52722,4.0,1517173205
210,56174,2.5,1475409531
210,58559,4.0,1473881888
210,59315,4.5,1517173203
210,60069,5.0,1473882095
210,68358,4.5,1527266270
210,69844,4.5,1527791871
210,70286,4.0,1527266147
210,71057,3.5,1527859832
210,72998,5.0,1517173098
210,76093,5.0,1473705582
210,77561,4.5,1527266095
210,78499,4.0,1527266238
210,79091,4.0,1533667246
210,81564,4.5,1473882072
210,89745,4.5,1527266105
210,95167,3.0,1517173079
210,98243,4.5,1527266161
210,102125,4.5,1527266096
210,103335,4.0,1533667259
210,108190,4.5,1527790408
210,108932,3.0,1527266215
210,111362,4.5,1527266101
210,111759,4.5,1527266269
210,112175,5.0,1473881441
210,112852,5.0,1475349185
210,113378,4.5,1473966140
210,116797,5.0,1533754547
210,122900,4.5,1517173101
210,122904,3.5,1527266145
210,122924,4.0,1527266073
210,134130,4.5,1473881905
210,135887,4.0,1533667275
211,50,4.0,1350912267
211,260,4.5,1350913284
211,296,4.5,1350913106
211,318,5.0,1350913048
211,356,4.5,1350912824
211,858,4.5,1350912929
211,1036,4.5,1350913113
211,1136,4.0,1350913300
211,1196,4.5,1350913287
211,1198,4.5,1350913324
211,1221,3.5,1350912932
211,1246,4.5,1350912971
211,2028,4.0,1350913025
211,2571,5.0,1350913139
211,2858,4.0,1350913010
211,2947,3.5,1350912524
211,2949,3.5,1350912534
211,2959,5.0,1350913294
211,3578,5.0,1350913253
211,4011,4.5,1350912886
211,4226,4.5,1350912257
211,4262,4.5,1350912920
211,5266,2.0,1350912032
211,5418,4.0,1350912589
211,5445,3.5,1350912391
211,6934,1.0,1350912417
211,7153,4.0,1350912976
211,8665,4.0,1350912571
211,32587,4.0,1350912916
211,33794,4.0,1350912227
211,48780,4.0,1350912288
211,49272,4.5,1350912470
211,49530,4.0,1350913059
211,58559,4.5,1350912233
211,59315,4.0,1350912198
211,60684,5.0,1350912870
211,63113,4.0,1350912462
211,68358,4.0,1350913132
211,69122,4.0,1350912757
211,70286,2.5,1350913292
211,71535,4.0,1350912778
211,73017,4.0,1350912740
211,74458,2.0,1350912281
211,77561,3.5,1350912747
211,78499,4.0,1350913084
211,79132,4.5,1350912248
211,82461,2.0,1350912425
211,85414,2.0,1350912381
211,89745,5.0,1350912191
211,90405,4.0,1350912405
211,91500,4.0,1350913120
211,91529,5.0,1350912239
211,91542,4.0,1350912696
211,95510,4.5,1350912676
212,260,2.5,1505400094
212,296,3.5,1490114859
212,318,4.5,1490114697
212,356,3.5,1490114873
212,364,3.0,1523216970
212,541,3.0,1490202817
212,589,4.0,1523216806
212,778,3.0,1498429638
212,780,2.0,1490114897
212,924,4.0,1523217002
212,1136,4.0,1490115611
212,1196,3.5,1523216797
212,1198,4.0,1523216792
212,1200,3.5,1523216803
212,1240,4.0,1523216809
212,1258,4.0,1490115560
212,1265,2.5,1490121496
212,1291,4.0,1523216793
212,1387,3.0,1523216840
212,1732,3.0,1490121293
212,1954,3.5,1523216853
212,2028,2.5,1490114713
212,2571,3.0,1490114722
212,2858,3.5,1490114770
212,2959,4.5,1490114785
212,3000,4.0,1490115764
212,3578,3.0,1490121411
212,4011,4.0,1490114818
212,4016,4.5,1528479516
212,4306,4.0,1523216459
212,4896,3.5,1523216502
212,4993,3.0,1490121276
212,5218,3.5,1523216567
212,5618,4.0,1490115592
212,5952,3.0,1490121325
212,6373,4.0,1523216579
212,6377,3.5,1523216478
212,6539,3.5,1523216961
212,6564,3.0,1498429718
212,6874,3.5,1490115084
212,7153,3.5,1523216461
212,8665,3.0,1523216869
212,8874,4.0,1490115069
212,8957,2.5,1523216657
212,8961,3.0,1523216920
212,8972,3.5,1523216670
212,27773,4.5,1523216618
212,30707,4.0,1490115721
212,31658,4.0,1490115674
212,32587,4.0,1490203144
212,33004,4.0,1490203104
212,33794,4.0,1523216467
212,44191,4.0,1490114775
212,47099,4.0,1490115486
212,48394,4.5,1490114914
212,50872,3.0,1490203213
212,51540,4.0,1490115593
212,51662,3.5,1490115116
212,53125,3.0,1523216631
212,58559,3.5,1490115412
212,59315,3.0,1523216487
212,59369,3.0,1523216976
212,59784,4.0,1523216638
212,60069,4.0,1498429644
212,64614,4.0,1490115415
212,68157,4.0,1490115404
212,68954,3.0,1490115514
212,69122,3.0,1490121297
212,69844,3.5,1490121329
212,71535,4.0,1490115086
212,72998,3.0,1490114868
212,73017,3.5,1490203284
212,76093,2.5,1523216857
212,77561,3.0,1523217071
212,79091,4.0,1523216677
212,79132,3.5,1490115076
212,80463,4.0,1490115505
212,81591,4.0,1490114909
212,85414,2.5,1490121419
212,89745,4.0,1527794941
212,90405,2.5,1490114940
212,91500,2.5,1527794948
212,91529,3.5,1490114815
212,93510,4.0,1490121321
212,96079,4.0,1523216972
212,97304,4.0,1498429883
212,97938,4.0,1490115489
212,98243,4.0,1528479595
212,98809,3.5,1523216649
212,99114,4.5,1490114778
212,102903,4.0,1490203340
212,103253,2.5,1490115125
212,103341,3.5,1490115545
212,103384,2.5,1490115240
212,104211,3.5,1490121382
212,104879,4.5,1490114933
212,108932,3.5,1490121242
212,109374,4.0,1490115452
212,109487,4.0,1490115537
212,110102,3.0,1523216946
212,111759,3.0,1490121271
212,112138,3.5,1490121360
212,112183,3.0,1490115406
212,112552,4.5,1490115073
212,112852,4.0,1490115566
212,113573,3.0,1490115279
212,114180,2.0,1490114948
212,115617,4.0,1490203244
212,116797,3.0,1490114782
212,122882,3.5,1490114906
212,122892,4.0,1523217028
212,122904,3.5,1490115094
212,122920,3.0,1523216927
212,128360,3.5,1523217341
212,134130,4.0,1490115570
212,135861,2.0,1490121492
212,138036,3.5,1490203078
212,140715,3.5,1490203232
212,146656,3.5,1490121301
212,152077,3.0,1490114942
213,1,3.5,1316196157
213,589,5.0,1316195637
213,858,4.0,1316197388
213,1036,4.0,1316196016
213,1198,4.0,1316196847
213,1203,4.0,1316195547
213,1214,4.5,1316196944
213,1240,4.0,1316195644
213,1291,4.0,1316196838
213,1370,4.0,1316196025
213,1682,4.0,1316197146
213,1721,4.0,1316195659
213,1954,4.5,1316197164
213,2115,3.5,1316196842
213,3114,3.5,1316197248
213,4306,4.5,1316196194
213,4993,4.0,1316196313
213,5418,4.5,1316196991
213,5952,4.0,1316196318
213,6537,3.5,1316195640
213,6539,4.0,1316197095
213,7153,4.5,1316196316
213,8957,3.0,1316196088
213,49530,4.0,1316197058
213,51662,3.5,1316196753
213,53972,4.0,1316196047
213,58559,4.5,1316195746
213,59615,3.5,1316196834
213,69844,2.5,1316195111
213,70286,4.0,1316196970
213,78499,4.5,1316196160
213,79293,3.5,1316196587
214,1,3.0,853937855
214,648,3.0,853937855
214,780,3.0,853937854
215,50,5.0,1260908668
215,260,4.5,1260908665
215,296,3.5,1260909003
215,318,5.0,1260908625
215,356,3.5,1260908599
215,527,4.5,1260909026
215,778,3.0,1260909090
215,1089,3.0,1260909012
215,1196,4.5,1260908666
215,1198,4.0,1260908653
215,1200,2.5,1260908710
215,1203,4.0,1260908727
215,1208,5.0,1260908749
215,1246,4.5,1260909222
215,1259,4.5,1260909394
215,1291,3.5,1260908593
215,2028,3.0,1260908651
215,2115,4.0,1260909348
215,2762,4.5,1260908613
215,2858,4.0,1260908670
215,2959,4.5,1260908635
215,3147,4.0,1260909340
215,4226,4.0,1260908721
215,4878,4.0,1260908675
215,4963,4.0,1260909378
215,4973,4.5,1260908712
215,4993,4.0,1260908683
215,5952,4.0,1260908646
215,6378,3.0,1260909351
215,6539,4.0,1260909382
215,7153,4.0,1260908696
215,7361,3.5,1260908837
215,49272,4.0,1260905488
215,55820,4.0,1260908966
215,63082,4.5,1260908627
215,68358,4.0,1260908615
215,72407,2.0,1260908530
216,1,3.0,975211713
216,48,2.0,975211866
216,364,3.0,975211782
216,588,4.0,975211749
216,594,4.0,975211749
216,648,2.0,975211454
216,1028,4.0,975212727
216,1136,5.0,975212004
216,1198,5.0,974733351
216,1265,4.0,975212362
216,1923,4.0,975212308
216,2174,2.0,975212597
216,2761,2.0,975211714
216,2858,5.0,975212220
216,3578,4.0,975211383
217,1,4.0,955942540
217,10,4.0,955940584
217,47,2.0,955942953
217,50,3.0,955942801
217,110,2.0,955935806
217,153,2.0,955941233
217,165,3.0,956194984
217,260,5.0,955941874
217,296,2.0,955942837
217,356,2.0,955943574
217,367,3.0,955942978
217,457,4.0,955935806
217,589,3.0,955935174
217,594,3.0,955942540
217,648,5.0,955940584
217,733,3.0,955942076
217,780,3.0,955940584
217,858,2.0,956194704
217,919,3.0,955941874
217,1036,4.0,955935853
217,1089,3.0,955942896
217,1101,4.0,955940827
217,1136,2.0,955943400
217,1196,5.0,955935806
217,1198,5.0,955935759
217,1200,3.0,956194747
217,1201,1.0,955935759
217,1214,3.0,956194704
217,1221,2.0,956194704
217,1240,2.0,955935759
217,1259,3.0,955941925
217,1265,3.0,955943501
217,1270,3.0,955943345
217,1291,5.0,955935905
217,1370,4.0,955940625
217,1377,3.0,955941016
217,1380,3.0,955943967
217,1387,4.0,955935905
217,1527,3.0,956194846
217,1562,2.0,955942393
217,1580,5.0,955940584
217,1676,2.0,955940534
217,1917,3.0,955941099
217,1954,2.0,955935905
217,2028,4.0,955935759
217,2115,5.0,955940534
217,2161,2.0,955942145
217,2174,4.0,955943760
217,2403,3.0,955940827
217,2571,3.0,955935905
217,2628,4.0,955940534
217,2640,4.0,955936050
217,2762,4.0,955935113
217,2947,3.0,955935853
217,2949,3.0,955935853
217,3114,5.0,955942568
217,3527,3.0,955935983
218,1090,3.0,1111624837
218,1198,4.0,1111625101
218,1380,3.0,1111624823
218,1625,2.0,1111624908
218,5349,3.0,1111625121
218,5952,4.0,1111625099
218,6934,2.0,1111625095
218,8368,2.0,1111625087
219,1,3.5,1194681084
219,10,4.5,1194932162
219,47,3.5,1194686017
219,50,5.0,1194685882
219,150,4.0,1194932007
219,153,2.5,1194931838
219,165,4.5,1194827009
219,253,3.0,1194681062
219,260,5.0,1194685947
219,296,4.0,1198522553
219,318,5.0,1194685877
219,364,5.0,1194931867
219,367,3.0,1194681057
219,377,3.5,1194827061
219,457,4.5,1237239231
219,541,3.5,1194687801
219,588,4.5,1194681069
219,589,4.5,1194686309
219,648,4.5,1194681052
219,733,3.5,1194681074
219,778,4.0,1194740146
219,780,4.0,1198782269
219,858,4.5,1194686790
219,1036,5.0,1194686082
219,1089,4.0,1194685989
219,1097,2.5,1218210265
219,1136,3.5,1194686049
219,1196,4.5,1194685932
219,1198,4.5,1194685892
219,1213,2.5,1194685974
219,1219,3.5,1194686648
219,1221,4.0,1214043291
219,1240,4.0,1194686346
219,1246,3.5,1194932306
219,1265,3.5,1194686292
219,1270,3.5,1194827014
219,1291,4.5,1194681042
219,1370,2.5,1195259249
219,1377,3.5,1195335036
219,1527,5.0,1194932129
219,1562,2.5,1198903036
219,1580,3.0,1194740518
219,1625,3.5,1194686758
219,1653,3.0,1194686769
219,1676,3.0,1194932184
219,1682,3.5,1194686433
219,1721,0.5,1214043346
219,1917,3.0,1194931811
219,1923,2.5,1194681102
219,1954,4.5,1194932353
219,2028,4.5,1194686164
219,2115,3.0,1194932067
219,2329,3.5,1194685912
219,2355,3.5,1217436316
219,2403,3.0,1198782506
219,2571,5.0,1194686044
219,2572,2.0,1194827089
219,2628,1.0,1214043519
219,2706,2.0,1194931960
219,2762,2.0,1194686702
219,2858,5.0,1194686027
219,2947,3.5,1194680664
219,2949,3.0,1195349382
219,2959,4.5,1194681032
219,3000,5.0,1194686012
219,3114,2.5,1194686222
219,3578,4.5,1194932059
219,3623,1.0,1194681097
219,3717,2.5,1194740673
219,4011,4.5,1194686022
219,4022,3.5,1194827019
219,4226,5.0,1194685887
219,4262,2.5,1214043488
219,4306,4.5,1194931848
219,4643,2.5,1194932356
219,4776,3.5,1195334991
219,4878,3.5,1194686066
219,4886,3.5,1214043303
219,4896,2.5,1194931846
219,4963,5.0,1194686334
219,4993,3.5,1194681037
219,4995,4.0,1217436309
219,5266,3.5,1200978030
219,5349,3.5,1194740109
219,5418,4.5,1194686725
219,5445,3.5,1194740102
219,5459,2.5,1194932454
219,5816,2.5,1194931895
219,5872,2.5,1194681399
219,5952,3.5,1194681162
219,5989,3.5,1194686282
219,6365,3.0,1194681079
219,6373,3.0,1194932348
219,6377,3.5,1194686087
219,6378,4.0,1194932010
219,6537,3.5,1194932257
219,6539,4.5,1194686217
219,6754,2.5,1195349338
219,6874,4.5,1194686182
219,6934,2.5,1194932048
219,7143,4.0,1194931956
219,7153,3.5,1194686077
219,7361,4.5,1194686824
219,7438,4.0,1194686149
219,7458,3.0,1195335061
219,8368,2.5,1194686329
219,8644,3.5,1194932075
219,8665,4.5,1194931817
219,8874,4.5,1194681379
219,8957,3.0,1194681412
219,8961,4.0,1194685997
219,8972,3.5,1195349136
219,8984,3.0,1195259227
219,27773,5.0,1195349186
219,30707,2.5,1194686154
219,30793,3.0,1194931999
219,32587,4.0,1194686059
219,33004,3.5,1194680886
219,33794,4.5,1194685957
219,34048,2.0,1194932220
219,40815,2.5,1194686411
219,41566,2.5,1194931859
219,41569,3.5,1194932289
219,44191,4.5,1194681384
219,45186,4.0,1195334954
219,45722,3.0,1194931841
219,46530,2.5,1194932267
219,48394,3.0,1194686071
219,48516,4.5,1194686104
219,48780,4.5,1194685964
219,49272,4.5,1194685952
219,50872,4.5,1199581551
219,51662,4.0,1194686398
219,52722,2.5,1194932462
219,53125,4.0,1194932248
219,53972,4.0,1194932332
219,54001,2.5,1194740550
219,54259,4.5,1206231957
219,54997,5.0,1198522564
219,55820,4.0,1214043387
219,56174,3.0,1206231896
219,58559,5.0,1217436398
219,58998,4.0,1214043854
219,59315,5.0,1210724851
219,59369,3.5,1237239024
219,59615,3.5,1214043376
219,60069,4.5,1217436486
219,60072,3.0,1217436484
219,60684,4.5,1237238928
219,63082,5.0,1237238986
220,1,5.0,1230055565
220,10,4.0,1230055828
220,47,3.0,1230055738
220,50,5.0,1230054959
220,150,5.0,1230055657
220,165,4.0,1230328016
220,260,5.0,1230055647
220,296,5.0,1230054991
220,318,5.0,1230054966
220,356,5.0,1230061657
220,364,4.5,1230055763
220,377,3.5,1230055705
220,541,2.0,1230061795
220,588,5.0,1230055690
220,589,5.0,1230055442
220,648,3.0,1230055720
220,733,4.0,1230055810
220,780,4.0,1230055664
220,858,5.0,1230060343
220,1036,5.0,1230055449
220,1089,3.5,1230061908
220,1193,5.0,1230060289
220,1196,5.0,1230055698
220,1198,5.0,1230055455
220,1200,5.0,1230061519
220,1213,5.0,1230061623
220,1240,4.5,1230055431
220,1258,2.0,1230062173
220,1265,5.0,1230061458
220,1270,5.0,1230055726
220,1291,5.0,1230061726
220,1387,5.0,1230328034
220,1527,4.5,1230060317
220,1580,5.0,1230055820
220,1584,5.0,1230061667
220,1721,5.0,1230055822
220,1732,5.0,1230055095
220,1917,4.0,1230061167
220,2028,5.0,1230328050
220,2115,4.0,1230061548
220,2174,3.5,1230083301
220,2329,5.0,1230054954
220,2355,4.0,1230055577
220,2571,5.0,1230054916
220,2628,3.5,1244606058
220,2640,4.0,1230061837
220,2762,5.0,1230055786
220,2947,4.0,1257736388
220,2959,1.5,1230054933
220,3114,5.0,1230055575
220,3147,4.0,1230061554
220,4011,4.0,1230062150
220,4022,4.0,1230060233
220,4226,5.0,1230054980
220,4306,5.0,1230060118
220,4886,4.0,1230055556
220,4896,5.0,1230060329
220,5218,5.0,1230751297
220,5349,4.5,1230059732
220,5418,4.0,1230060242
220,5464,4.5,1241227503
220,5816,4.5,1230061193
220,5872,1.0,1241230262
220,5952,4.5,1230059774
220,5989,4.0,1230060280
220,6365,4.5,1230061442
220,6377,5.0,1230055562
220,6537,3.5,1246133514
220,6539,5.0,1230055569
220,6874,4.5,1244606128
220,6934,4.0,1230061447
220,7153,4.5,1230060282
220,7438,4.0,1230061392
220,8368,4.5,1230061640
220,8644,4.0,1237947739
220,8665,4.0,1230060248
220,8961,4.5,1259074255
220,30793,3.0,1230062185
220,33794,4.5,1230060077
220,40815,4.0,1230061757
220,45517,5.0,1230055580
220,45722,4.0,1230060148
220,49272,4.0,1230060209
220,50872,4.5,1230054818
220,51662,4.5,1230060255
220,53464,2.0,1243882441
220,55820,4.5,1230060264
220,58559,5.0,1230750604
220,59315,4.5,1230750719
220,59615,4.0,1230061886
220,59784,3.5,1230059701
220,60040,3.0,1243882423
220,60069,5.0,1230055590
220,60072,2.0,1230055193
220,60684,2.5,1259074273
220,60937,2.5,1230670503
220,63113,3.5,1241227967
220,63992,3.0,1239397515
220,68358,5.0,1246137908
220,68791,3.5,1246644414
221,50,4.5,1118246575
221,111,5.0,1118246754
221,296,5.0,1118246719
221,318,4.0,1111176249
221,356,3.5,1118247082
221,527,3.0,1118246687
221,541,5.0,1118246781
221,589,4.5,1118247104
221,778,4.5,1119984369
221,780,2.0,1118247109
221,858,4.5,1111177420
221,1089,4.5,1111177438
221,1090,4.5,1111178155
221,1101,2.5,1111177417
221,1136,4.0,1111176272
221,1193,5.0,1111176238
221,1198,3.5,1118246614
221,1200,5.0,1119984398
221,1201,4.0,1111176269
221,1203,4.5,1118246632
221,1208,5.0,1111175995
221,1213,4.5,1111175957
221,1214,5.0,1118246884
221,1219,4.5,1119983925
221,1258,5.0,1118246892
221,1259,5.0,1118246845
221,1265,4.0,1111177450
221,1387,4.0,1119984484
221,1584,3.5,1111175975
221,1721,3.0,1111177393
221,1923,4.0,1111175985
221,1961,3.0,1111175964
221,2023,4.0,1111178043
221,2571,2.0,1119984438
221,2762,3.5,1118246895
221,2858,5.0,1118246707
221,2959,5.0,1111175978
221,4262,4.0,1119984534
221,4878,3.5,1118246679
221,4973,5.0,1118246587
221,6377,4.0,1119984091
221,6539,3.5,1111176254
221,7361,4.0,1111178504
221,8529,3.0,1111178285
221,27773,4.5,1118246570
221,31658,4.5,1121365326
221,33794,2.5,1121365142
221,34048,2.5,1121365127
222,47,4.0,1391350444
222,50,3.0,1391346849
222,110,4.0,1391350258
222,165,3.0,1391353890
222,296,4.0,1391350322
222,356,4.0,1391350391
222,364,2.5,1391351469
222,367,3.0,1391353098
222,527,3.0,1391346845
222,733,3.0,1391353194
222,778,3.5,1391350346
222,858,4.5,1391346840
222,1036,3.0,1391350086
222,1089,4.0,1391350213
222,1097,3.0,1391350034
222,1101,1.5,1391354071
222,1198,4.0,1391346897
222,1201,3.5,1391350089
222,1208,3.5,1391350069
222,1213,4.0,1391350093
222,1221,4.5,1391346862
222,1227,3.0,1391349701
222,1240,3.5,1391350021
222,1270,4.5,1391350098
222,1682,4.0,1391351595
222,1721,2.5,1391375337
222,1732,3.5,1391350152
222,1917,2.5,1391353181
222,1923,3.0,1391374781
222,1954,3.0,1391349739
222,1961,4.0,1391350246
222,2028,3.0,1391350133
222,2329,3.5,1391350381
222,2403,3.5,1391354227
222,2571,4.0,1391350315
222,2706,3.0,1391353651
222,2762,2.5,1391350294
222,2959,3.5,1391346893
222,3578,4.5,1391350163
222,3623,1.5,1391354095
222,4022,2.5,1391375639
222,4262,3.0,1391349952
222,4963,4.0,1391350622
222,4973,3.0,1391346900
222,4993,4.0,1391350311
222,4995,4.5,1391350753
222,5459,3.0,1391352108
222,5952,3.5,1391350288
222,5989,4.5,1391353485
222,6373,4.0,1391353088
222,6377,3.0,1391351389
222,6539,3.5,1391350186
222,6874,4.0,1391350207
222,7143,4.0,1391348597
222,7438,4.0,1391350241
222,8529,3.0,1391375788
222,8961,3.0,1391350904
222,8984,2.5,1391353587
222,30707,3.0,1391351014
222,32587,4.0,1391350292
222,33794,3.5,1391350083
222,44191,4.0,1391351157
222,48516,4.5,1391350073
222,58559,3.5,1391346879
222,63082,3.0,1391353440
222,64614,4.0,1391350017
222,68157,4.5,1391349982
222,68554,3.0,1391375809
222,68954,2.5,1391350228
222,69122,4.5,1391351265
222,74458,3.5,1391349958
222,79132,3.5,1391350196
222,79695,2.0,1391353867
222,80463,4.0,1391350054
222,81845,3.5,1391349985
222,82459,3.5,1391353316
222,86911,3.5,1391349110
222,87869,2.0,1391349147
222,89774,2.5,1391350136
222,90405,4.0,1391349194
222,91500,4.0,1391347823
222,91529,4.5,1391347695
222,91542,3.5,1391349904
222,94777,3.0,1391347979
222,97304,4.5,1391347579
222,97752,3.0,1391347665
222,97921,2.5,1391348117
222,99112,3.0,1391348315
222,99114,4.0,1391347713
222,100498,2.0,1391347199
222,106100,3.5,1391370798
222,106487,3.5,1391347240
222,106782,5.0,1391347502
222,106916,3.0,1391346978
223,1,3.5,1226209758
223,47,3.0,1226209770
223,110,3.5,1226209973
223,260,3.5,1226209871
223,296,3.0,1226209786
223,318,4.5,1226209626
223,367,1.5,1226210064
223,457,3.0,1226209951
223,780,3.5,1226209635
223,1136,3.5,1226210067
223,1198,3.5,1226209945
223,1240,3.0,1226209853
223,1265,3.5,1226210076
223,1721,2.0,1226209653
223,1961,3.5,1226209901
223,2571,3.5,1226209637
223,2628,3.0,1226209795
223,2762,4.5,1226209610
223,4226,4.0,1226209656
223,4306,4.0,1226209792
223,4886,4.0,1226210037
223,4896,4.0,1226210070
223,4973,5.0,1226210055
223,4995,2.5,1226209842
223,5349,4.0,1226209834
223,5445,4.0,1226209775
223,6365,3.0,1226209967
223,6377,3.5,1226209859
223,6874,3.5,1226209766
223,7153,3.5,1226209838
223,7361,3.0,1226209629
223,7438,3.0,1226209955
223,8368,3.5,1226210060
223,8961,4.5,1226209659
223,32587,4.0,1226209814
223,33794,4.0,1226209959
223,48394,5.0,1226210079
223,48516,4.0,1226209640
223,51662,3.0,1226209848
223,55820,3.0,1226209817
223,58559,4.5,1226210073
224,260,2.0,971812185
224,356,5.0,971812827
224,377,4.0,971812827
224,527,5.0,971812301
224,858,4.0,971812264
224,1259,5.0,971811884
224,1265,5.0,971812765
224,1270,5.0,971811286
224,1721,5.0,971811594
224,2028,5.0,971812185
224,2174,5.0,971811933
225,588,4.0,949111248
225,1136,3.0,949111248
225,1196,4.0,949111054
225,1214,4.0,949261297
225,1219,3.0,949261262
225,1259,5.0,949111340
225,1270,4.0,949111248
225,1387,5.0,949261297
225,1923,4.0,949111439
225,2174,3.0,949111358
225,2628,3.0,949111013
225,2858,3.0,949111140
226,1,3.5,1095662606
226,10,4.0,1095662675
226,47,5.0,1160003508
226,48,3.0,1095663041
226,150,4.5,1130137555
226,153,4.0,1095662628
226,260,4.5,1095662595
226,296,4.5,1159219398
226,356,4.0,1095662582
226,364,3.5,1095662658
226,367,3.0,1095662494
226,377,2.5,1159219424
226,588,4.0,1095662615
226,589,4.0,1095662601
226,594,3.0,1095662832
226,648,3.5,1095662638
226,733,4.0,1164691989
226,780,3.0,1095662602
226,919,3.0,1095662480
226,1028,3.0,1097545969
226,1036,3.0,1095662467
226,1097,4.0,1095662692
226,1136,5.0,1095662764
226,1193,4.0,1095662748
226,1196,5.0,1095662649
226,1198,4.0,1095662453
226,1240,4.0,1095662742
226,1246,4.0,1095662939
226,1258,4.0,1095662921
226,1259,4.0,1095662472
226,1265,4.0,1130136391
226,1270,4.0,1095662668
226,1291,4.5,1095662759
226,1380,2.5,1095663075
226,1387,3.5,1095662804
226,1527,4.5,1095662820
226,1562,1.5,1201155547
226,1580,3.5,1095662736
226,1721,1.5,1114838120
226,1732,5.0,1095663026
226,1923,2.5,1095662842
226,1954,3.5,1097545224
226,1961,4.0,1095662798
226,2115,4.0,1095662972
226,2161,4.5,1095663318
226,2174,4.0,1095662922
226,2329,4.5,1095663236
226,2355,3.0,1095662446
226,2571,4.0,1095662426
226,2628,2.5,1095662443
226,2706,3.0,1095662872
226,2858,4.0,1114838073
226,2953,3.0,1095695088
226,2959,4.0,1095662868
226,3471,3.0,1095662265
226,3578,4.0,1095662436
226,4011,4.5,1095663775
226,4022,2.5,1159219679
226,4262,4.5,1095711700
226,4306,4.0,1095662949
226,4776,3.0,1096420366
226,4878,3.5,1196228938
226,4886,4.0,1095713336
226,4896,3.5,1095663264
226,4963,4.5,1095663230
226,4993,4.0,1095662416
226,4995,4.5,1095663278
226,5218,4.0,1160003973
226,5349,4.0,1095713133
226,5418,4.0,1114838747
226,5445,3.0,1095663213
226,5464,4.0,1160003425
226,5816,2.5,1097545930
226,5952,4.0,1096420307
226,5989,4.5,1162428551
226,6365,3.0,1095713221
226,6373,3.0,1096420255
226,6377,4.0,1114838677
226,6378,4.0,1101193074
226,6539,4.5,1095663760
226,6874,3.5,1159485354
226,6934,2.5,1096422089
226,7143,4.0,1097545497
226,7153,4.5,1095663758
226,7293,4.0,1096421372
226,7361,4.5,1164823740
226,7458,2.5,1160003959
226,8368,4.0,1095663953
226,8874,4.0,1102471952
226,8984,2.5,1160004304
226,30793,4.0,1130136595
226,33794,4.5,1119986605
226,34048,2.0,1121367045
226,40815,4.0,1162428478
226,41566,4.0,1196229510
226,45722,2.5,1197925645
226,48516,4.5,1172040242
226,48780,4.0,1162427904
226,53125,2.0,1197925720
226,54001,4.0,1198991650
226,54997,4.0,1190445190
226,55820,5.0,1196229205
226,56174,4.0,1199115755
226,59615,2.5,1212009874
226,59784,4.0,1213033199
227,47,5.0,1447209787
227,110,3.5,1447209812
227,150,4.0,1447210328
227,260,3.5,1447189626
227,296,4.5,1447189845
227,318,4.0,1447209693
227,356,5.0,1447209795
227,457,4.0,1447209911
227,527,4.0,1447189837
227,589,3.5,1447209993
227,778,5.0,1447189556
227,858,4.5,1447189497
227,919,4.0,1447209942
227,1196,4.0,1447189623
227,1682,4.0,1447189540
227,1923,4.5,1447189655
227,1961,4.5,1447209713
227,2571,4.5,1447189517
227,2959,5.0,1447189502
227,6377,4.5,1447210319
227,6874,4.0,1447210226
227,7153,3.5,1447209737
227,32587,4.0,1447210527
227,47099,4.0,1447210731
227,49272,3.5,1447210566
227,54259,2.5,1447210634
227,55820,4.0,1447209881
227,58559,4.5,1447189506
227,59315,4.5,1447210146
227,59369,4.5,1447210745
227,63082,4.5,1447209709
227,64614,3.5,1447209932
227,70286,5.0,1447210503
227,74458,3.5,1447209999
227,79132,3.5,1447189842
227,81845,3.5,1447209888
227,89745,3.5,1447210111
227,91529,4.0,1447209866
227,97304,4.5,1447210461
227,97913,4.0,1447210930
227,102445,4.0,1447210904
227,105504,4.0,1447210810
227,105844,4.0,1447210401
227,106782,5.0,1447210781
227,109374,5.0,1447209840
227,109487,3.5,1447209767
227,111759,4.0,1447210130
227,115713,4.0,1447210268
227,116797,4.5,1447189576
227,122882,4.0,1447189591
227,134130,4.5,1447189563
227,134853,4.5,1447189572
228,50,4.5,1363222968
228,260,4.5,1363222887
228,318,4.0,1363222965
228,541,4.0,1363222896
228,858,4.0,1363222959
228,1196,4.0,1363222890
228,1214,4.5,1363222906
228,2571,4.5,1363222884
228,60069,4.0,1363222904
229,1,5.0,838144316
229,10,4.0,836941790
229,110,5.0,836942019
229,150,5.0,836941256
229,153,3.0,836941325
229,165,3.0,838143949
229,253,3.0,836941791
229,296,5.0,836941258
229,318,5.0,836941551
229,356,4.0,836942064
229,364,4.0,838143817
229,367,3.0,836942137
229,377,4.0,838143959
229,457,5.0,836942673
229,527,4.0,838144399
229,589,5.0,836942292
229,648,4.0,838144015
230,47,3.0,1196304391
230,150,2.0,1196304464
230,153,3.5,1196304414
230,253,4.0,1196304655
230,318,3.0,1196304226
230,364,3.0,1196304442
230,367,3.0,1196304633
230,377,3.0,1196304529
230,527,1.0,1196304688
230,588,2.0,1196304330
230,589,0.5,1196304248
230,648,2.0,1196304367
230,780,3.0,1196304289
230,1097,0.5,1196304816
230,1101,2.5,1196304952
230,1200,3.0,1196304682
230,1214,3.5,1196304584
230,1387,1.0,1196304828
230,1527,5.0,1196304546
230,1580,3.5,1196304359
230,1676,3.0,1196305099
230,1682,2.5,1196304802
230,1721,3.0,1196304348
230,1961,3.0,1196304480
230,2115,3.0,1196304847
230,2174,3.0,1196304730
230,2762,2.5,1196304352
230,2959,3.0,1196304424
230,3114,3.0,1196304509
230,3147,3.5,1196304769
230,3527,3.5,1196305101
230,3578,3.0,1196304382
230,3623,3.0,1196304600
230,4022,4.0,1196304538
230,4995,2.5,1196304610
230,5218,4.0,1196305032
230,5349,4.0,1196304296
230,5459,4.0,1196305078
230,5952,3.5,1196304332
230,6365,4.0,1196304361
230,6377,4.5,1196304237
230,6537,1.5,1196305105
230,6539,5.0,1196304426
230,6874,2.0,1196304409
230,6934,4.5,1196304624
230,7153,3.0,1196304486
230,7438,1.0,1196304484
230,8644,4.5,1196304992
230,8961,3.0,1196304239
230,30793,2.0,1196304899
230,33794,4.5,1196304232
230,34048,4.5,1196305083
230,41566,4.5,1196304772
230,41569,4.0,1196304902
230,45722,5.0,1196304535
230,50872,3.5,1196305180
230,51662,3.5,1196304449
231,260,4.0,1433089449
231,296,4.0,1433089540
231,527,2.0,1433089472
231,589,5.0,1433089491
231,858,4.0,1433089520
231,1036,5.0,1433089494
231,1196,3.5,1433089453
231,1198,4.0,1433089446
231,1200,5.0,1433089483
231,1214,4.0,1433089506
231,1240,4.0,1433089490
231,1270,4.0,1433089487
231,1291,4.0,1433089455
231,2571,5.0,1433089456
231,2858,4.0,1433089533
231,5952,3.0,1433089516
231,58559,5.0,1433089583
231,63082,5.0,1433089546
231,109487,3.0,1433089543
232,1,3.5,1076955621
232,10,3.0,1218167397
232,47,4.5,1241823324
232,48,2.5,1218169473
232,110,4.5,1182908701
232,150,4.5,1101397575
232,165,3.5,1218166156
232,260,4.5,1218164802
232,296,5.0,1241823280
232,318,5.0,1207513462
232,356,4.0,1076956528
232,364,3.5,1182910390
232,377,3.5,1218165891
232,527,4.5,1241823096
232,588,3.0,1077235202
232,589,4.0,1218165737
232,594,2.5,1182910233
232,648,3.0,1218167154
232,780,3.5,1218166039
232,858,4.0,1200882932
232,919,4.0,1076956366
232,1028,3.5,1085353465
232,1036,4.5,1218164976
232,1097,4.0,1182909878
232,1136,3.5,1218480813
232,1196,4.5,1218164794
232,1198,4.5,1182907601
232,1240,4.5,1076951836
232,1258,3.5,1137909287
232,1265,4.0,1219792790
232,1270,3.0,1218166307
232,1291,3.5,1218166035
232,1370,3.5,1218166157
232,1380,3.5,1076951599
232,1387,3.5,1161829062
232,1580,3.5,1218165957
232,1682,4.5,1218165205
232,1721,4.5,1182909244
232,1907,3.5,1076956051
232,1917,4.5,1141776621
232,1923,3.0,1218166780
232,1954,4.0,1182909320
232,1961,4.0,1241823289
232,2028,5.0,1241823312
232,2115,3.5,1218166034
232,2329,5.0,1278825006
232,2355,3.5,1076951495
232,2571,4.5,1141776628
232,2628,4.0,1218164799
232,2706,3.5,1218178120
232,2762,5.0,1218165016
232,2959,4.5,1218166106
232,3114,3.0,1218166775
232,3147,5.0,1218164903
232,3471,3.0,1182910714
232,3578,5.0,1182908274
232,3717,3.5,1182908258
232,4016,2.5,1182910498
232,4022,4.0,1085352584
232,4226,5.0,1194560461
232,4306,4.0,1182909295
232,4366,2.5,1218170325
232,4643,3.0,1182909365
232,4776,4.5,1206995960
232,4886,4.0,1085351698
232,4896,3.5,1218166089
232,4963,4.0,1218164853
232,4993,3.5,1218169632
232,4995,4.0,1182910036
232,5218,3.5,1182908113
232,5254,3.0,1218166253
232,5349,4.5,1076952051
232,5418,4.0,1076952023
232,5445,4.5,1182907760
232,5459,3.0,1218167164
232,5816,3.0,1218167374
232,5872,3.0,1218167505
232,5952,4.0,1101397634
232,5989,4.0,1218165777
232,5995,4.5,1234812237
232,6365,4.0,1101397732
232,6373,3.0,1218168083
232,6377,4.0,1076956807
232,6378,3.5,1218165668
232,6537,4.0,1192670004
232,6539,4.5,1078451197
232,6564,3.0,1218167229
232,6754,3.5,1079651579
232,6874,3.0,1192670494
232,6934,3.0,1182909531
232,7143,3.0,1108256050
232,7153,4.0,1141776617
232,7254,4.0,1157325748
232,7293,4.0,1083112841
232,7361,4.0,1207291954
232,7438,3.0,1192670496
232,7458,5.0,1105237396
232,8368,2.5,1218169802
232,8529,3.5,1182910203
232,8533,5.0,1206994964
232,8644,4.5,1182906922
232,8665,4.5,1182906925
232,8874,3.5,1218176877
232,8957,4.5,1146019089
232,8961,4.0,1182907227
232,8972,4.0,1110771457
232,8984,3.0,1182909472
232,8985,3.0,1218167576
232,30707,4.5,1218165558
232,30793,3.5,1182908680
232,32587,4.5,1247190530
232,33004,1.0,1115521259
232,33615,3.0,1182909600
232,33794,4.5,1120426316
232,34048,3.5,1218167705
232,40339,2.0,1182910538
232,40815,2.5,1133560302
232,41566,3.5,1218166212
232,41569,4.5,1135663910
232,42738,3.5,1192670117
232,44022,3.0,1182909752
232,44191,5.0,1218164812
232,45186,3.5,1218166540
232,45517,3.0,1182909999
232,45722,3.5,1218165458
232,46530,3.0,1182907408
232,46972,3.0,1218167826
232,47099,4.0,1182543869
232,47200,2.0,1206993270
232,48394,3.0,1218167087
232,48516,4.5,1182909912
232,48780,4.5,1165732830
232,49272,2.5,1178309719
232,49530,4.0,1182907271
232,50872,4.0,1184189889
232,51540,4.0,1178309773
232,51662,5.0,1174664622
232,52328,3.0,1218166799
232,52722,3.0,1218167734
232,53125,3.5,1180747526
232,53464,2.0,1218170607
232,53972,3.5,1218166012
232,54001,2.5,1206994049
232,54259,4.0,1206995704
232,54997,4.0,1283132983
232,56174,3.0,1218170552
232,58559,5.0,1217541078
232,58998,4.5,1213989079
232,59315,4.5,1210210326
232,59369,3.0,1234142297
232,59501,3.0,1241823452
232,59784,3.0,1218167234
232,60040,3.5,1213649726
232,60069,3.5,1217541083
232,60072,3.5,1215929649
232,60074,3.0,1234142113
232,60684,4.5,1261435496
232,63992,2.0,1283133766
232,64614,4.5,1234142283
232,64957,4.0,1234142276
232,65682,3.5,1269572112
232,66097,3.0,1283133027
232,68135,4.0,1241824120
232,68157,4.5,1269465489
232,68358,5.0,1247190374
232,68791,4.0,1247191040
232,68793,3.5,1247190966
232,68954,4.5,1247190918
232,69122,4.0,1247190936
232,69844,3.5,1269572499
232,70286,3.5,1269465465
232,71057,3.5,1283133268
232,71535,4.0,1269465527
232,71838,4.0,1283133224
232,72998,4.0,1269485134
232,73017,3.5,1283133082
232,78499,5.0,1283133814
232,79132,5.0,1283133804
232,79293,4.0,1283133882
232,81591,5.0,1294365918
232,82459,4.5,1294365921
233,1,3.0,1524781249
233,47,3.5,1524781264
233,50,4.0,1472587568
233,110,3.0,1524781255
233,150,2.0,1524781261
233,296,4.0,1448816239
233,318,5.0,1448815806
233,356,5.0,1524781243
233,364,3.5,1530047205
233,367,3.5,1448816479
233,527,4.0,1448815873
233,648,3.0,1529334061
233,778,3.5,1532964883
233,780,2.5,1524781252
233,858,4.0,1524781360
233,924,3.5,1529334376
233,1089,2.5,1529333236
233,1136,3.0,1530047068
233,1193,3.0,1529333447
233,1258,4.0,1448816585
233,1580,3.0,1529334057
233,1721,3.5,1529334058
233,1732,4.0,1448816492
233,2028,4.0,1520206309
233,2329,4.0,1448816115
233,2571,4.5,1524781479
233,2706,3.5,1448816489
233,2762,3.5,1529333875
233,2858,3.0,1529333467
233,2959,4.0,1448815881
233,3147,4.0,1448815825
233,4262,3.5,1529334251
233,4306,4.0,1448816391
233,4973,4.0,1448816384
233,4993,4.0,1448815893
233,4995,3.5,1529334670
233,5418,4.0,1533296508
233,5816,3.5,1533296501
233,5952,4.0,1529333692
233,5989,3.5,1533296504
233,5995,4.0,1529334423
233,6365,3.0,1529334082
233,6377,4.0,1529333689
233,6539,3.0,1529333698
233,6874,3.5,1529333686
233,6934,2.5,1529334083
233,7153,4.0,1448815887
233,7361,5.0,1448816249
233,7438,3.5,1533296506
233,7458,3.0,1530047084
233,8368,3.5,1533296520
233,8961,3.5,1529333680
233,30707,3.5,1448815836
233,32587,3.0,1533296514
233,33794,3.5,1529333683
233,44191,3.0,1530047152
233,48394,3.0,1448816311
233,48516,4.0,1530047149
233,48780,3.0,1448816302
233,49272,3.5,1530047116
233,58559,4.5,1520206338
233,59315,3.0,1472587441
233,60069,4.0,1472587437
233,63082,3.5,1448815831
233,64614,3.5,1448816138
233,68157,3.5,1448816308
233,69122,3.0,1529334238
233,70286,3.0,1532964925
233,72998,2.5,1472587444
233,73017,3.5,1532964931
233,74458,4.0,1532964926
233,78105,1.5,1533005197
233,79132,3.5,1520206331
233,81591,3.5,1529333481
233,81845,3.5,1537470521
233,91529,3.5,1520206343
233,99114,3.5,1529334444
233,104211,2.0,1529334326
233,106100,4.0,1529333155
233,106782,2.5,1529333499
233,109374,3.0,1448816340
233,109487,3.0,1529333457
233,112183,4.0,1529334422
233,115210,2.0,1520206302
233,115713,1.0,1529333395
233,122882,2.5,1448815951
233,122904,3.0,1529333424
233,122920,2.0,1529333366
233,134853,4.5,1448815901
234,1,5.0,1004409347
234,48,5.0,1004409503
234,153,5.0,1004408585
234,260,5.0,1004407958
234,364,5.0,1004409394
234,377,4.0,1004408071
234,588,5.0,1004409370
234,594,5.0,1004409582
234,648,4.0,1004408285
234,919,4.0,1004408886
234,1028,4.0,1004409614
234,1036,4.0,1004407980
234,1097,5.0,1004409582
234,1101,3.0,1004408226
234,1196,5.0,1004407958
234,1198,4.0,1004407958
234,1200,4.0,1004407980
234,1214,5.0,1004408002
234,1259,4.0,1004408901
234,1291,3.0,1004408014
234,1370,3.0,1004408167
234,1377,5.0,1004408285
234,1562,2.0,1001975853
234,1580,4.0,1004408134
234,1907,5.0,1004409394
234,2028,3.0,1004407958
234,2115,3.0,1004408102
234,2161,5.0,1004408988
234,2355,5.0,1004409394
234,2571,5.0,1004408002
234,2628,3.0,1004408301
234,2640,5.0,1004408188
234,2761,5.0,1004409347
234,2953,1.0,1004409813
234,3114,5.0,1004409347
234,4022,4.0,1004408901
234,4226,4.0,1004407486
234,4306,5.0,1004407733
235,10,2.0,841422389
235,48,3.0,841422615
235,110,4.0,841422410
235,150,5.0,841422308
235,153,3.0,841422330
235,296,4.0,841422308
235,318,4.0,841422371
235,356,5.0,841422389
235,364,5.0,841422428
235,377,5.0,841422446
235,457,4.0,841422350
235,527,5.0,841422500
235,588,4.0,841422329
235,589,4.0,841422428
235,594,4.0,841422693
235,648,3.0,841422650
235,780,5.0,841422740
236,1214,5.0,943013896
236,1387,5.0,943013896
236,2572,5.0,943015019
236,2858,5.0,943015099
237,50,2.5,1410631753
237,318,4.5,1410631749
237,356,2.0,1411233529
237,1193,4.5,1410631769
237,1203,4.0,1411233968
237,1580,4.5,1411233566
237,1625,4.5,1410632299
237,2571,4.0,1410632179
237,2628,2.5,1410632175
237,2858,3.5,1411233558
237,5445,3.5,1411233549
237,6373,3.0,1410632204
237,6377,3.0,1410632159
237,6539,3.0,1411233543
237,7361,4.0,1411233537
237,8665,3.5,1410632562
237,44191,4.0,1410632572
237,58559,3.5,1410632157
237,63082,3.5,1411233897
237,106782,3.0,1410631564
238,858,3.0,1007931691
238,1097,2.0,1007931078
238,1193,3.0,1007930967
238,1221,4.0,1007931691
238,1961,2.0,1007930885
238,2023,5.0,1007932083
239,1,4.0,1221158265
239,47,5.0,1221158250
239,50,4.5,1221158083
239,110,4.5,1221148034
239,260,5.0,1221148002
239,296,5.0,1221158165
239,318,5.0,1221158260
239,356,5.0,1221158139
239,364,4.0,1221158102
239,367,3.5,1221158314
239,457,4.0,1221158489
239,541,4.0,1221158959
239,588,4.0,1221158088
239,589,3.5,1221158171
239,648,4.0,1221159031
239,733,4.0,1221158257
239,778,4.5,1221158928
239,780,4.0,1221158240
239,858,5.0,1221158130
239,924,4.0,1221159034
239,1036,4.0,1221158283
239,1089,5.0,1221158521
239,1090,4.5,1221159358
239,1101,3.5,1221158977
239,1136,5.0,1221158237
239,1193,4.0,1221158192
239,1196,5.0,1221158579
239,1198,4.0,1221158245
239,1200,4.0,1221158430
239,1208,5.0,1221158727
239,1213,5.0,1221158601
239,1214,4.0,1221158308
239,1221,5.0,1221158628
239,1240,4.0,1221158296
239,1246,4.0,1221158923
239,1259,4.5,1221158693
239,1265,2.5,1221158465
239,1291,4.5,1221158200
239,1527,4.5,1221158292
239,1580,4.0,1221158099
239,1584,4.0,1221158680
239,1625,4.5,1221158933
239,1653,5.0,1221159042
239,1676,4.0,1221866453
239,1682,4.0,1221158451
239,1917,4.0,1221158553
239,1923,4.0,1221158133
239,1954,3.5,1221159123
239,1961,4.5,1221158326
239,2023,4.0,1221866475
239,2028,5.0,1221158235
239,2115,4.5,1221158767
239,2329,5.0,1221158984
239,2355,3.5,1221158823
239,2571,5.0,1221158121
239,2628,3.5,1221158698
239,2706,4.0,1221158687
239,2858,5.0,1221158155
239,2959,5.0,1221148027
239,3147,4.5,1221158942
239,3527,3.0,1221866562
239,3578,4.5,1221158588
239,3623,4.0,1221158289
239,3717,3.5,1221866487
239,4011,5.0,1221158513
239,4022,3.5,1221158828
239,4262,4.5,1221159440
239,4306,4.0,1221158396
239,4776,4.0,1221866472
239,4878,4.0,1221158818
239,4886,4.5,1221158912
239,4896,4.0,1221158322
239,4963,4.0,1221159528
239,4993,5.0,1221158212
239,5218,4.0,1221158730
239,5349,4.5,1221158178
239,5418,5.0,1221158186
239,5445,4.0,1221148020
239,5459,3.5,1221158833
239,5464,3.5,1221159081
239,5816,4.0,1221158427
239,5952,5.0,1221147996
239,5989,4.0,1221158364
239,6365,5.0,1221158253
239,6377,4.5,1221159464
239,6378,4.0,1221158750
239,6537,2.5,1221158800
239,6539,4.0,1221158445
239,6874,4.0,1221148017
239,6934,5.0,1221158777
239,7143,5.0,1221158612
239,7153,5.0,1221159305
239,7254,3.5,1221866591
239,7438,4.0,1221158351
239,8368,4.0,1221158422
239,8529,4.5,1221866597
239,8644,4.5,1221158756
239,8665,5.0,1221158298
239,8961,4.5,1221158510
239,8984,4.0,1221866544
239,32587,4.0,1221148041
239,33794,4.5,1221158338
239,34048,3.5,1221147897
239,40815,4.0,1221158643
239,41566,4.0,1221158747
239,44191,4.5,1221158175
239,45722,3.5,1221158112
239,46530,3.5,1221159181
239,47099,2.5,1221159533
239,48394,0.5,1221158160
239,48516,4.5,1221148036
239,48780,4.0,1221158407
239,49530,4.0,1221158970
239,50872,4.0,1221158305
239,51662,4.0,1221158222
239,52722,3.5,1221159245
239,53125,4.0,1221158890
239,54001,4.0,1221158982
239,54259,4.0,1221159205
239,54997,5.0,1221159316
239,55820,5.0,1221158300
239,56174,3.0,1221158908
239,58559,4.5,1221158269
239,59315,4.5,1221148012
240,1,5.0,849122434
240,10,3.0,849122194
240,48,3.0,849122594
240,110,5.0,849122195
240,150,4.0,849122058
240,153,3.0,849122096
240,165,5.0,849122096
240,253,5.0,849122226
240,296,2.0,849122058
240,318,3.0,849122165
240,356,5.0,849122130
240,364,4.0,849122256
240,367,4.0,849122256
240,377,5.0,849122226
240,457,3.0,849122096
240,588,4.0,849122096
240,589,4.0,849122226
240,594,3.0,849122594
240,780,5.0,849122459
241,47,4.0,1447540959
241,50,4.0,1447536935
241,296,4.5,1447536332
241,318,3.5,1447536008
241,527,3.5,1447536013
241,858,4.5,1447536095
241,1193,4.5,1447536273
241,1221,4.0,1447536136
241,1265,3.0,1447536398
241,2028,3.0,1447536110
241,2571,4.0,1447536101
241,2762,3.5,1447536115
241,2858,3.5,1447536210
241,2959,3.0,1447536153
241,4878,3.5,1447536683
241,4973,5.0,1447536225
241,7361,4.0,1447536354
241,27773,3.5,1447536239
241,44191,4.0,1447536964
241,48780,3.5,1447539951
241,68157,4.5,1447536915
241,97938,4.5,1447540196
241,99114,4.0,1447536290
241,104841,4.5,1447536676
241,106696,4.0,1447540037
241,106782,3.5,1447536439
241,106920,5.0,1447536373
241,109374,3.0,1447536883
241,112183,4.5,1447536889
241,112552,4.5,1447536219
241,112556,3.5,1447537044
241,112852,4.0,1447537019
241,115569,4.5,1447536892
241,116797,3.0,1447536305
241,117176,3.5,1447536468
241,134853,3.5,1447536054
242,47,5.0,834073178
242,111,4.0,834073303
242,150,3.0,834073039
242,153,2.0,834073077
242,253,5.0,834073137
242,296,5.0,834073039
242,318,4.0,834073098
242,457,5.0,834073153
242,588,3.0,834073077
243,10,5.0,837155138
243,48,4.0,837155356
243,153,4.0,837155068
243,165,5.0,837155068
243,356,4.0,837155178
243,377,5.0,837155229
243,527,3.0,837155258
243,588,3.0,837155068
243,589,4.0,837155208
243,648,5.0,837155455
244,10,5.0,975091789
244,110,5.0,975075995
244,165,2.0,975093266
244,356,5.0,975076228
244,377,4.0,975091322
244,457,5.0,975090685
244,541,4.0,975075045
244,589,4.0,975090685
244,648,4.0,975074577
244,733,2.0,975091042
244,780,1.0,975093206
244,1090,5.0,975075169
244,1196,4.0,975075045
244,1200,5.0,975073808
244,1270,5.0,975075169
244,1370,4.0,975090740
244,1377,4.0,975093513
244,1527,4.0,975092819
244,1580,4.0,975091789
244,2023,2.0,975073749
244,2028,5.0,975075995
244,2571,4.0,975090740
244,3578,5.0,975074577
245,858,2.0,951183090
245,3114,4.0,951183191
246,50,4.5,1353869486
246,260,5.0,1354146995
246,296,4.0,1354145949
246,356,3.5,1354126767
246,541,5.0,1354145931
246,589,5.0,1354126692
246,780,2.5,1354134583
246,1196,5.0,1354127117
246,1240,4.5,1354144941
246,1246,4.0,1354126699
246,1387,3.0,1354134653
246,1527,4.0,1354126736
246,1584,3.5,1354145917
246,1625,5.0,1354124890
246,1732,3.0,1354145910
246,2023,3.0,1353864602
246,2571,5.0,1354124998
246,2959,4.0,1355660748
246,4011,4.5,1353869525
246,4226,5.0,1353869474
246,4886,4.5,1354126516
246,4896,4.0,1354133754
246,4963,4.5,1354126599
246,4973,4.0,1354127188
246,4993,5.0,1354126775
246,5618,5.0,1354126969
246,5816,3.0,1354134535
246,5952,5.0,1354126780
246,6365,4.5,1354125012
246,6377,5.0,1354125711
246,6539,5.0,1354125405
246,6874,4.5,1354124520
246,6934,5.0,1354125020
246,7153,5.0,1354126589
246,7361,5.0,1354125086
246,7438,5.0,1354124528
246,8984,4.0,1354126880
246,30793,4.0,1355956365
246,31658,5.0,1354126481
246,32587,4.5,1354124511
246,33615,4.5,1354133815
246,40815,4.0,1354133736
246,41569,3.0,1354145727
246,44191,5.0,1354124472
246,45517,4.0,1354125721
246,45722,4.5,1354125450
246,48394,4.0,1354126719
246,49272,5.0,1353869375
246,52722,3.0,1354127082
246,53125,4.5,1354125445
246,55820,4.5,1353869553
246,57640,3.5,1354145789
246,59315,4.0,1354126586
246,59784,5.0,1354125727
246,60069,5.0,1354126511
246,60684,5.0,1354124484
246,60937,2.0,1354127977
246,63113,4.5,1354146288
246,68157,5.0,1354124709
246,68954,5.0,1354125667
246,70286,4.5,1354126617
246,71535,4.5,1354126904
246,72737,5.0,1354125656
246,72998,4.0,1354145696
246,74789,4.0,1355956382
246,79132,5.0,1353869424
246,80463,4.0,1355660751
246,81591,4.5,1354124901
246,81845,5.0,1354126212
246,81847,5.0,1354125736
246,82461,4.0,1354124450
246,85414,4.0,1354149398
246,86332,4.0,1354145800
246,86880,4.0,1355956373
246,87222,5.0,1354125731
246,89745,4.0,1354124276
246,91542,4.5,1354125510
246,94015,4.5,1354125687
246,94777,4.0,1354149325
246,95167,4.0,1354149468
246,95510,3.0,1354127652
246,96079,4.5,1354126014
247,1,5.0,1467644119
247,47,4.0,1467644262
247,50,5.0,1467643861
247,110,4.0,1467644232
247,150,3.0,1467661242
247,260,4.0,1467643884
247,296,4.0,1467644035
247,318,4.5,1467643895
247,356,5.0,1467644091
247,364,5.0,1467759767
247,527,4.0,1467644037
247,588,5.0,1467843322
247,589,3.5,1467644318
247,858,4.0,1467643901
247,919,4.0,1467661173
247,1089,4.0,1467646501
247,1136,2.0,1467661266
247,1193,5.0,1467646503
247,1196,4.5,1467643909
247,1198,4.0,1467643891
247,1213,3.5,1467646448
247,1221,4.0,1467644462
247,1246,3.0,1467661286
247,1258,4.0,1467759746
247,1265,3.0,1467661261
247,1270,4.0,1467644149
247,1291,4.0,1467644396
247,1380,1.0,1467936301
247,1625,3.0,1467646407
247,1682,5.0,1467644426
247,1961,3.0,1467661195
247,2028,4.0,1467644160
247,2329,3.0,1467644401
247,2571,3.5,1467644028
247,2762,4.5,1467644278
247,2858,4.0,1467644177
247,2959,5.0,1467643863
247,3114,4.5,1467936106
247,3147,5.0,1467644360
247,3578,4.0,1467644139
247,4226,4.5,1467644250
247,4306,3.5,1467644201
247,4878,5.0,1467644413
247,4886,4.0,1467644266
247,4896,3.5,1467645426
247,4993,4.0,1467644043
247,4995,4.0,1467644359
247,5349,2.0,1467645405
247,5418,4.0,1467644381
247,5445,4.0,1467646525
247,5618,3.5,1467644468
247,5952,4.0,1467644097
247,5989,3.5,1467645413
247,6365,3.0,1467645431
247,6377,4.0,1467644245
247,6539,4.0,1467644173
247,6874,3.5,1467644187
247,7153,4.0,1467644032
247,7361,4.0,1467644195
247,7438,3.5,1467644309
247,8368,3.5,1467644475
247,8961,4.0,1467644301
247,32587,3.0,1467759750
247,33794,4.0,1467644164
247,40815,2.0,1467759774
247,44191,4.0,1467644192
247,48394,4.0,1467644464
247,48516,4.5,1467644247
247,48780,4.5,1467644304
247,49272,3.0,1467644482
247,51662,5.0,1467646498
247,54001,5.0,1467759770
247,54997,3.0,1467681657
247,58559,4.0,1467643888
247,59315,2.0,1467644146
247,60069,3.0,1467644130
247,63082,2.5,1467644327
247,68157,4.0,1467644158
247,68358,4.0,1467644485
247,68954,4.0,1467644104
247,69122,4.0,1467646510
247,69844,5.0,1467646520
247,72998,2.0,1467644134
247,73017,3.0,1467646504
247,74458,4.0,1467644253
247,76093,3.0,1467644490
247,78499,4.0,1467644478
247,79132,4.0,1467644093
247,82169,3.0,1467759724
247,89745,3.0,1467644179
247,91500,4.0,1467644437
247,91529,4.0,1467644141
247,99114,3.5,1467644121
247,104841,4.0,1467646515
247,106782,4.0,1467644276
247,109374,3.5,1467644377
247,109487,4.0,1467644095
247,111759,4.0,1467644458
247,112852,4.5,1467644255
247,115617,4.5,1467644319
247,115713,5.0,1467644193
247,116797,4.0,1467644124
247,117176,4.0,1467665455
247,120799,2.5,1467643930
247,122882,2.0,1467644132
247,122904,3.0,1467645455
247,134130,4.0,1467644102
247,134853,4.0,1467644103
247,136864,2.5,1467644011
247,139385,5.0,1467646385
248,10,3.5,1534591944
248,260,3.5,1534591638
248,1196,3.5,1534591641
248,1198,4.0,1534591642
248,1291,4.0,1534591649
248,2115,4.0,1534591719
248,2571,4.0,1534591655
248,4306,3.5,1534602305
248,4886,3.5,1534602290
248,5218,4.0,1534592282
248,6365,3.5,1534591698
248,6377,3.5,1534602289
248,6539,4.0,1534592055
248,8961,5.0,1534950779
248,33794,3.0,1534591722
248,45722,4.0,1534592056
248,53125,4.0,1534592060
248,58559,2.5,1534591738
248,59315,4.0,1534591714
248,60069,4.5,1534591743
248,86880,4.0,1534592059
248,91500,3.0,1534592078
248,102903,4.5,1534591663
248,106487,3.0,1534592079
248,115617,3.5,1534591768
248,116823,3.5,1534592081
248,122904,4.5,1534599910
248,135133,3.5,1534592083
248,159093,4.5,1534591665
249,1,4.0,1347317775
249,47,5.0,1346757700
249,48,3.0,1346752050
249,50,4.0,1364546154
249,70,4.0,1355677606
249,110,5.0,1346841413
249,111,4.5,1346757621
249,150,2.5,1346755246
249,253,4.0,1347318502
249,260,5.0,1346757993
249,296,4.0,1346757687
249,318,4.5,1346758076
249,356,4.5,1346841583
249,364,5.0,1356439489
249,367,4.0,1354107372
249,377,4.0,1355366659
249,457,4.5,1355366996
249,527,4.5,1346758070
249,541,4.0,1507756687
249,588,4.0,1353800716
249,589,4.0,1346758213
249,648,3.5,1355366438
249,733,4.0,1347317539
249,778,4.5,1346757734
249,780,4.0,1353801108
249,858,4.5,1346757706
249,924,4.5,1415415256
249,1036,4.0,1346757908
249,1089,4.0,1346757745
249,1097,3.0,1346841356
249,1101,3.5,1416930822
249,1193,4.5,1453079305
249,1196,5.0,1346757817
249,1198,5.0,1346758006
249,1200,3.5,1346754274
249,1201,5.0,1347886940
249,1203,5.0,1346752532
249,1209,4.5,1362914598
249,1213,4.0,1346757707
249,1214,4.5,1346754258
249,1219,5.0,1346757676
249,1221,4.0,1347317381
249,1240,4.0,1346757874
249,1258,3.5,1346757727
249,1265,4.5,1410392531
249,1270,4.5,1346756374
249,1291,4.5,1346757806
249,1527,4.0,1437525508
249,1562,2.5,1440669150
249,1580,4.5,1353792037
249,1625,4.5,1410001745
249,1676,4.0,1358806173
249,1682,3.5,1346757637
249,1721,2.0,1347318423
249,1732,4.5,1346757607
249,1917,4.0,1346755983
249,1923,3.5,1354107131
249,1954,4.5,1410001876
249,2028,4.5,1346758267
249,2115,3.5,1346757909
249,2329,4.5,1346754930
249,2355,4.0,1355786913
249,2571,5.0,1346757773
249,2572,3.5,1356550212
249,2628,3.5,1347318740
249,2706,4.0,1346754947
249,2762,4.0,1346757730
249,2858,4.5,1349221011
249,2949,4.0,1346752288
249,2959,5.0,1346757736
249,3114,3.5,1346758271
249,3147,4.0,1346757751
249,3527,4.0,1346847647
249,3578,4.0,1346758030
249,3623,3.5,1355366440
249,3717,4.0,1346752157
249,4011,4.0,1346757780
249,4226,5.0,1437146248
249,4262,4.5,1363462531
249,4306,3.5,1346757652
249,4643,3.0,1407880396
249,4776,4.0,1411231720
249,4878,4.0,1346757809
249,4886,4.0,1346757932
249,4896,4.0,1485734463
249,4963,4.0,1346757985
249,4993,5.0,1346757869
249,5218,4.0,1415415305
249,5254,3.5,1355366786
249,5266,4.0,1415415359
249,5349,4.0,1346847829
249,5418,4.0,1346757901
249,5445,4.0,1346847731
249,5459,3.5,1353800103
249,5464,4.0,1347317880
249,5816,3.5,1386513964
249,5872,3.5,1415415395
249,5952,4.5,1346757871
249,5989,3.5,1346757924
249,5995,3.5,1346757595
249,6365,3.5,1415415282
249,6373,4.0,1354107291
249,6377,4.0,1346757834
249,6378,4.0,1353800159
249,6537,3.5,1354107988
249,6539,4.0,1346757892
249,6564,3.0,1415415541
249,6754,3.5,1415415447
249,6874,4.5,1388792807
249,6934,3.5,1415415301
249,7143,4.0,1355366555
249,7153,5.0,1346757887
249,7254,4.0,1498391927
249,7361,4.0,1346757646
249,7438,4.5,1517106774
249,7458,3.5,1356277421
249,8368,4.0,1415415292
249,8529,3.5,1354896379
249,8644,4.0,1353801055
249,8665,4.0,1347317833
249,8874,4.5,1346758192
249,8957,4.0,1347887414
249,8961,4.0,1426988948
249,8972,4.0,1415415413
249,8984,4.0,1347318465
249,8985,3.0,1355366789
249,30793,3.5,1356277596
249,32587,5.0,1357778134
249,33615,3.5,1349466506
249,33794,4.0,1346756618
249,34048,3.5,1355366539
249,40815,3.5,1346847838
249,41569,3.5,1415415378
249,42738,4.0,1354895803
249,44022,3.5,1415415583
249,44191,4.0,1346757758
249,45186,3.5,1355366442
249,45517,3.5,1347887353
249,45722,3.5,1356277566
249,46972,3.0,1354106908
249,47099,4.0,1353801100
249,47200,3.5,1355366302
249,48516,5.0,1346757793
249,48780,3.5,1346757756
249,49272,3.5,1346757826
249,49530,3.5,1346757921
249,50872,4.5,1347887344
249,51540,4.5,1347887569
249,51662,5.0,1346752774
249,52722,3.5,1350831603
249,53125,3.5,1356277602
249,53464,2.5,1355366734
249,53972,4.0,1347318316
249,54001,4.0,1415415377
249,55820,4.0,1346757671
249,56174,4.0,1353801085
249,58559,5.0,1346757831
249,58998,4.0,1353800560
249,59315,4.5,1346757698
249,59369,4.5,1347317889
249,59615,3.0,1347318601
249,59784,4.0,1353792047
249,60040,3.5,1356277379
249,60069,4.0,1346758138
249,60072,4.5,1415415587
249,60074,4.0,1353801075
249,60684,4.0,1346841501
249,63082,4.0,1346757962
249,63113,3.5,1415415511
249,64614,4.5,1346757927
249,65682,3.5,1430482893
249,68157,5.0,1346757912
249,68358,4.0,1377202558
249,68554,3.5,1415415687
249,68791,3.0,1354107990
249,68793,2.5,1430482919
249,68954,3.5,1346757674
249,69122,4.0,1346841266
249,69844,4.0,1415415455
249,70286,4.0,1346758349
249,71535,4.5,1346757615
249,72998,4.0,1346756246
249,73017,4.5,1346847790
249,74458,5.0,1346841382
249,74789,2.5,1346754246
249,76093,3.5,1346757659
249,77561,3.5,1346841398
249,78105,3.0,1356549977
249,78499,4.0,1346757612
249,79091,4.5,1387132066
249,79132,5.0,1346757880
249,79293,3.5,1415415782
249,79695,4.0,1349988230
249,80463,4.0,1346758294
249,81562,4.5,1346752549
249,81591,4.0,1346847469
249,82459,4.5,1348532830
249,82461,3.5,1415415722
249,85131,3.0,1346756663
249,85414,3.5,1346757989
249,86332,4.0,1346847760
249,86880,3.5,1415415927
249,86911,3.5,1379286473
249,87222,4.0,1353800175
249,87430,3.0,1355677442
249,87869,4.0,1356304397
249,88129,5.0,1346847628
249,88140,4.0,1346847705
249,88744,4.5,1347317848
249,89745,5.0,1346756252
249,90405,3.5,1430482849
249,90746,4.0,1346753733
249,91485,4.0,1349988232
249,91500,4.0,1390729976
249,91529,4.0,1346757791
249,91535,4.0,1356277274
249,91542,3.5,1346847649
249,91630,4.0,1346847646
249,91974,3.5,1430483077
249,91976,4.0,1356220123
249,92420,4.5,1347887076
249,93270,3.0,1347887114
249,93510,4.0,1346752679
249,93840,5.0,1347317323
249,94777,4.0,1353800107
249,94780,3.5,1347985662
249,94864,4.5,1347746255
249,95167,4.0,1356440099
249,95441,3.5,1355677423
249,95510,4.5,1350831589
249,95543,3.0,1430483117
249,96079,4.0,1360102406
249,96737,4.0,1386591768
249,96811,4.0,1356552078
249,96861,3.5,1357691672
249,97225,3.5,1359928386
249,97304,4.5,1360112099
249,97752,4.0,1364210589
249,97913,4.5,1359928372
249,97921,4.5,1362263728
249,97938,4.5,1410001685
249,98809,4.5,1356003302
249,99112,3.0,1367487712
249,99114,4.5,1360112208
249,100163,3.5,1374182245
249,101076,3.0,1381067653
249,101142,3.5,1389014198
249,101362,3.0,1372941488
249,101864,3.5,1400141599
249,102125,4.0,1368664445
249,102445,4.5,1377202547
249,102903,4.0,1377370464
249,103042,4.0,1438448520
249,103141,4.0,1389217580
249,103228,4.5,1387975029
249,103249,4.0,1378455412
249,103253,3.5,1440256513
249,103335,4.5,1387132067
249,103341,4.0,1379022732
249,104211,3.5,1388097952
249,104374,4.5,1432061343
249,104841,5.0,1383742823
249,104879,5.0,1387234520
249,106072,4.0,1391719292
249,106100,5.0,1391768291
249,106487,4.5,1390982093
249,106489,4.0,1426609010
249,106696,3.5,1396222978
249,106782,5.0,1390900708
249,106916,4.0,1413796658
249,106920,5.0,1400490220
249,107406,4.5,1399834933
249,108932,4.5,1401543367
249,109374,4.5,1402355531
249,109487,5.0,1430996944
249,109578,3.5,1406809785
249,109673,3.5,1407281884
249,110102,4.5,1407237218
249,110553,3.5,1407575807
249,110730,3.0,1407189136
249,111360,3.0,1414229686
249,111362,4.5,1409995330
249,111759,4.5,1409761356
249,111781,4.0,1443795275
249,112138,4.0,1412528185
249,112175,3.5,1409828417
249,112552,5.0,1434365736
249,112556,5.0,1422171907
249,112623,4.5,1407880401
249,112852,4.5,1410779736
249,114180,4.0,1417354228
249,115210,4.5,1439505064
249,115569,5.0,1426457831
249,115617,3.5,1422225301
249,115713,4.5,1432300710
249,116797,4.0,1437616733
249,116823,4.0,1465160390
249,117529,3.5,1437392009
249,117590,4.0,1424391661
249,117895,3.5,1450680733
249,118696,4.0,1426964791
249,119141,4.0,1422824250
249,120466,3.5,1440367455
249,120799,3.5,1501450867
249,122882,5.0,1432061318
249,122890,4.0,1476630468
249,122892,4.5,1430482813
249,122900,4.0,1448821736
249,122904,4.5,1456691890
249,122920,4.5,1462746881
249,122924,4.0,1463928984
249,128360,4.5,1452379591
249,129354,4.5,1425894209
249,134130,4.0,1445246629
249,134853,4.5,1444383901
249,135133,4.0,1465160389
249,135567,3.0,1484358289
249,135569,4.0,1483829838
249,135887,3.5,1444654340
249,137857,4.5,1462121824
249,138036,4.5,1451084271
249,139385,5.0,1531611509
249,140715,4.0,1453758490
249,148626,4.5,1517020997
249,152077,4.0,1469969083
249,156609,3.0,1474164453
249,158872,4.5,1484340119
249,159093,4.0,1472595896
249,160080,3.5,1476524184
249,160954,3.0,1477259840
250,318,5.0,1121217814
250,1246,5.0,1121217790
250,4886,4.0,1121217476
251,47,5.0,1470677268
251,111,4.5,1470676898
251,296,5.0,1470676717
251,318,5.0,1470676650
251,356,5.0,1470677298
251,527,5.0,1470676652
251,1089,5.0,1470676803
251,1208,5.0,1470677204
251,1259,5.0,1470676840
251,2028,5.0,1470676715
251,2571,5.0,1470676673
251,2959,5.0,1470676675
251,50872,2.5,1470676867
251,78499,5.0,1470676811
252,1,4.5,1498284904
252,364,5.0,1498284963
252,1682,4.5,1498284953
252,6377,5.0,1498284193
252,8961,4.5,1498284199
252,50872,4.5,1498285011
252,66097,4.5,1498284723
252,78499,5.0,1498284330
252,79132,3.5,1498284746
252,81845,4.5,1498284375
252,81847,4.0,1498284146
252,89745,2.5,1498284231
252,95167,4.5,1498284369
252,97913,3.5,1498284745
252,106696,4.5,1498284778
252,108932,4.0,1498284765
252,115617,4.0,1498284044
252,134853,5.0,1498283693
252,137857,3.5,1498284442
253,4973,5.0,1286643897
253,48394,5.0,1286644844
253,66097,4.5,1286644656
253,72998,2.0,1286642798
254,1,4.5,1180446553
254,47,4.5,1180447550
254,50,4.5,1180564704
254,110,4.0,1180446383
254,150,4.0,1180446349
254,260,4.0,1180446182
254,296,5.0,1180446396
254,318,4.5,1180446073
254,356,5.0,1180446447
254,457,4.0,1180446066
254,527,5.0,1180446502
254,589,4.0,1180446276
254,648,3.5,1180446580
254,780,3.0,1180446288
254,858,4.0,1180446617
254,1089,4.0,1180447535
254,1196,4.0,1180446478
254,1200,4.0,1180564652
254,1214,4.0,1180564643
254,1258,5.0,1180564637
254,1270,3.5,1180446497
254,1580,2.5,1180446506
254,1721,3.5,1180446472
254,2028,5.0,1180446376
254,2329,4.5,1180447527
254,2571,5.0,1180446172
254,2762,5.0,1180446343
254,2858,5.0,1180446312
254,2959,5.0,1180446644
254,3578,4.5,1180446425
254,4011,4.5,1180563968
254,4226,4.5,1180446520
254,4306,5.0,1180446215
254,4878,4.5,1180563901
254,4886,4.0,1180446529
254,4973,4.5,1180447449
254,4993,4.5,1180445990
254,4995,4.0,1180446548
254,5349,1.0,1180446291
254,5445,3.5,1180446236
254,5952,4.0,1180445997
254,5995,4.5,1180563870
254,6377,4.5,1180446000
254,6539,4.0,1180446204
254,6874,5.0,1180446317
254,7153,4.0,1180446407
254,7361,4.5,1180446482
254,7438,4.0,1180446385
254,8874,3.5,1180564658
254,8961,4.5,1180563939
254,30707,4.5,1180564517
254,32587,5.0,1180446578
254,33794,4.5,1180446209
254,44191,4.5,1180446542
254,47099,4.5,1180447851
254,48394,4.5,1180447436
254,48516,5.0,1180447431
254,48780,4.0,1180447443
254,49272,4.5,1180446593
254,49530,4.0,1180447618
255,588,2.0,1005717492
255,1270,1.0,1005717457
255,1907,3.0,1005717223
255,2023,1.0,1005717223
255,2355,3.0,1005717457
255,2706,2.0,1005717608
255,2858,1.0,1005717360
256,260,4.0,1446579713
256,318,5.0,1446579711
256,377,4.0,1446580076
256,780,4.5,1447011355
256,1196,4.0,1446579723
256,1198,5.0,1446579702
256,1270,5.0,1447001868
256,2571,4.5,1446579700
256,2953,4.0,1447000220
256,3717,4.0,1447001001
256,4022,4.0,1446580222
256,4306,4.5,1446580193
256,4643,3.5,1446580464
256,4963,4.5,1446580206
256,4973,4.0,1446580198
256,4995,5.0,1446580211
256,5218,4.5,1446580271
256,5444,4.0,1446580726
256,5445,4.0,1446580203
256,5459,3.5,1446580294
256,5618,0.5,1446580245
256,5989,4.5,1446999599
256,6373,4.0,1446580300
256,6537,3.0,1446580470
256,6874,3.5,1446580213
256,6934,3.5,1446580260
256,7293,4.0,1446580571
256,7361,5.0,1446579978
256,8529,4.5,1446580635
256,8984,4.0,1446580589
256,30707,4.0,1446580296
256,33004,4.0,1446580601
256,33615,4.0,1446580801
256,41566,4.0,1447002086
256,44022,4.0,1446580975
256,48780,4.0,1446579935
256,53972,4.5,1446580751
256,56174,4.0,1446580523
256,59615,3.0,1446580710
256,59784,3.5,1446580649
256,60069,4.5,1446579979
256,64957,4.5,1446580671
256,68157,4.5,1446579771
256,68358,4.0,1446579841
256,68791,3.0,1446581074
256,68954,4.0,1446579755
256,70286,4.0,1446579836
256,71535,4.5,1446580119
256,72998,4.5,1446579764
256,79695,4.0,1446581279
256,88744,4.0,1446580910
256,90405,3.5,1446581429
256,91500,4.0,1447011304
256,95441,3.5,1446581352
256,96079,4.0,1446579964
256,97938,4.5,1446580977
256,98809,3.5,1446580784
256,99114,5.0,1446579931
256,102445,4.0,1446580943
256,103228,3.5,1446581438
256,103253,3.5,1446581444
256,104841,4.0,1446580794
256,105504,4.0,1446581316
256,106487,4.5,1447019716
256,106489,3.5,1446580104
256,109374,3.0,1446580787
256,109487,4.0,1446579848
256,111759,4.0,1446580001
256,112623,4.0,1446581499
256,115713,4.5,1446581099
256,116797,4.0,1446579787
256,117176,4.5,1446999831
256,117529,4.0,1446999941
256,117851,3.5,1446999951
256,118696,3.5,1446999925
256,119155,4.0,1446999980
256,122882,4.0,1446999818
256,130520,3.5,1446999954
256,132046,4.0,1446999965
256,134130,4.5,1446579780
256,135887,4.5,1446999957
257,594,3.5,1141625101
257,1380,4.0,1141625626
257,5445,4.0,1141625611
257,5952,3.0,1141625449
258,318,5.0,1534892418
258,527,4.0,1534892507
258,2571,5.0,1534892420
258,2762,4.5,1534892563
258,2959,5.0,1534892845
258,3147,5.0,1534892559
258,4995,5.0,1534892912
258,5989,5.0,1534892908
258,47099,3.0,1534892436
258,48394,5.0,1534892846
258,60069,5.0,1534892554
258,66097,4.5,1534892910
258,68954,5.0,1534892518
258,70286,4.5,1534892852
258,76093,4.5,1534892548
258,115617,5.0,1534892556
258,122904,5.0,1534892524
259,153,4.0,1146845627
259,1584,5.0,1146845359
259,3114,3.0,1146845379
259,4306,5.0,1146845345
259,4886,4.0,1146845654
259,4963,4.0,1146845651
259,4993,0.5,1146845341
259,7361,4.0,1146845641
260,47,4.5,1109408487
260,50,5.0,1109410623
260,111,5.0,1109409075
260,296,4.5,1109410729
260,778,4.5,1109408450
260,1089,5.0,1109408216
260,1219,4.0,1109410702
260,1258,3.5,1109408283
260,2174,3.5,1109408272
260,2329,4.0,1109410852
260,2572,4.5,1109409279
260,2959,4.0,1109411015
260,3000,3.5,1109410990
260,3578,2.0,1109410315
260,4226,4.0,1109410498
260,4878,4.0,1109410617
260,4973,3.5,1109410537
260,5618,4.5,1109410553
260,6874,4.5,1109411089
260,7361,3.5,1109409099
260,7438,4.0,1109410726
260,8874,2.5,1109410549
261,47,4.0,1404881499
261,50,4.0,1404881245
261,296,5.0,1404881509
261,318,4.5,1404881240
261,356,5.0,1404881444
261,1089,4.5,1404881506
261,1240,4.0,1404881591
261,1625,3.5,1404881564
261,1682,4.5,1404881420
261,2028,4.0,1404881475
261,2329,4.0,1404881424
261,2571,4.0,1404881429
261,2858,5.0,1404881503
261,4878,5.0,1404881418
261,4963,4.5,1404881388
261,5989,5.0,1404881369
261,6874,3.5,1404881401
261,7361,5.0,1404881750
261,48780,4.5,1404881374
261,58559,5.0,1404881258
261,69122,3.5,1404881659
261,79132,4.5,1404881373
261,80463,3.0,1404881367
261,81591,4.5,1404881395
261,96079,4.0,1404881492
261,99114,4.0,1404881192
261,112138,4.0,1404881144
262,10,2.0,840305646
262,48,1.0,840305912
262,50,3.0,840305713
262,260,4.0,840306238
262,296,3.0,840305552
262,318,3.0,840305626
262,367,3.0,840305693
262,457,2.0,840305605
262,594,4.0,840306002
263,1,4.0,940384199
263,110,4.0,940384545
263,150,4.0,940384675
263,296,3.0,940384165
263,318,5.0,940383911
263,356,4.0,940384165
263,377,3.0,940384880
263,457,4.0,940384592
263,527,5.0,940384517
263,1101,4.0,941591851
263,1136,4.0,941590574
263,1196,4.0,941591604
263,1580,3.0,1026158665
263,1721,4.0,940384199
263,1923,4.0,940384646
263,2028,4.0,940384199
263,2355,5.0,945849913
263,2571,4.0,940383549
263,2628,3.0,940383700
263,2761,4.0,1120071515
263,2858,4.0,1120071541
263,2953,3.0,940384254
263,3147,4.0,1120071507
263,4022,3.5,1090948307
263,4226,5.0,1026158632
263,4306,4.5,1120071487
263,4308,4.0,1090948236
263,4886,4.5,1090948143
263,4896,4.0,1026158590
263,4973,4.0,1120071511
263,4993,4.5,1090948156
263,4995,4.0,1026158590
263,5349,4.0,1026158404
263,5445,4.0,1026158404
263,5459,2.0,1026158427
263,5816,3.0,1090948275
263,5952,4.0,1090948148
263,6377,4.5,1090948139
263,6539,4.0,1090948146
263,7143,3.5,1090948268
263,7153,4.5,1090948141
263,7361,4.5,1090948158
263,7458,3.0,1090948081
263,8368,4.0,1090948064
263,8961,3.5,1120071482
263,32587,3.0,1120070639
264,1,4.0,1136978964
264,48,3.0,1136978326
264,110,2.5,1136978677
264,150,4.0,1136978697
264,253,4.0,1136979096
264,356,3.5,1136978982
264,364,3.5,1136978642
264,367,4.0,1136979112
264,527,4.0,1136979020
264,648,3.0,1136979056
264,780,3.5,1136978999
264,1028,5.0,1136978605
264,1090,3.0,1136978280
264,1196,3.5,1136979016
264,1580,4.5,1136978772
264,1907,2.5,1136978724
264,1917,3.5,1136978195
264,2571,4.5,1136979072
264,2762,4.5,1136979089
264,3578,2.0,1136978959
264,3623,2.0,1136978321
264,4886,5.0,1136978303
264,4896,4.5,1136978561
264,4995,5.0,1136978471
264,5816,4.0,1136978791
264,5952,4.5,1136978216
264,41566,5.0,1136978638
265,110,3.0,965316446
265,111,3.0,965316145
265,150,4.0,965317882
265,253,3.0,965319436
265,260,5.0,965314715
265,318,4.0,965316060
265,541,4.0,965314747
265,589,4.0,965314811
265,780,4.0,965315212
265,1097,3.0,965316423
265,1193,3.0,965316088
265,1196,5.0,965314811
265,1198,5.0,965314300
265,1203,4.0,965316218
265,1214,2.0,965314811
265,1240,5.0,965314811
265,1246,3.0,965318128
265,1259,4.0,965316218
265,1270,5.0,965314811
265,1527,4.0,965315141
265,1580,3.0,965314867
265,1584,3.0,965314867
265,1653,4.0,965315001
265,1676,4.0,965315141
265,1682,4.0,965318191
265,1721,4.0,965317920
265,1954,5.0,965315485
265,1961,4.0,965316395
265,2028,4.0,965316313
265,2571,5.0,965314838
265,2628,4.0,965314334
265,2640,4.0,965315025
265,2858,2.0,965316263
265,3471,4.0,965314300
265,3527,3.0,965314929
266,1,2.0,945669542
266,50,4.0,944980462
266,110,5.0,945670079
266,260,4.0,945670679
266,296,5.0,945670764
266,356,4.0,945669632
266,367,3.0,945669542
266,377,2.0,945670117
266,457,4.0,945670028
266,541,5.0,944941046
266,589,4.0,945670028
266,733,5.0,946768666
266,778,5.0,945668565
266,919,1.0,944980614
266,924,5.0,945751855
266,1036,4.0,945670341
266,1089,5.0,945670798
266,1090,5.0,944891645
266,1097,2.0,945670679
266,1136,5.0,944980427
266,1196,5.0,945670292
266,1198,5.0,945670292
266,1200,5.0,945670292
266,1208,5.0,944891672
266,1213,5.0,945670764
266,1240,4.0,945670292
266,1259,4.0,945669831
266,1265,4.0,945669246
266,1270,4.0,945669878
266,1291,5.0,945670341
266,1527,3.0,945670160
266,1580,3.0,945669431
266,1732,5.0,946506300
266,1923,3.0,945669675
266,2028,4.0,944980502
266,2115,4.0,945670386
266,2174,4.0,945669831
266,2288,4.0,945670341
266,2355,3.0,948585941
266,2571,5.0,944892187
266,2706,1.0,948132348
266,2947,5.0,945667724
266,2959,5.0,944939962
267,110,4.0,959806612
267,150,5.0,960330096
267,260,5.0,959815004
267,541,5.0,959807483
267,589,5.0,994467801
267,919,5.0,959815004
267,924,4.0,959807540
267,1196,5.0,959807517
267,1198,5.0,959815004
267,1200,5.0,959807517
267,1240,5.0,959807517
267,1270,5.0,994467801
267,1653,4.0,959807555
267,2571,5.0,959807483
267,2706,5.0,959807161
267,2762,2.0,959806831
267,2858,4.0,959806831
267,3471,5.0,994467801
267,3527,4.0,959807517
267,3578,5.0,959806987
267,4011,5.0,997135751
268,47,3.0,940180858
268,50,5.0,940180799
268,165,2.0,940181204
268,260,4.0,940173779
268,356,2.0,940180694
268,858,5.0,940173559
268,1036,3.0,940181204
268,1101,2.0,940235579
268,1193,4.0,940173779
268,1196,5.0,940185291
268,1201,5.0,940266842
268,1208,5.0,940173779
268,1213,5.0,940266842
268,1221,4.0,940173559
268,1291,2.0,940194307
268,1370,1.0,940181204
268,1377,3.0,940185272
268,1580,3.0,940182657
268,1625,3.0,940182580
268,1923,3.0,940173387
268,2115,2.0,940194367
268,2403,2.0,940194450
268,2571,5.0,940172949
268,2628,2.0,940173115
268,2640,3.0,940173933
268,2762,4.0,940172369
268,2858,5.0,940172369
269,1,5.0,850865423
269,648,3.0,850865423
269,733,4.0,850865480
269,778,4.0,850865553
269,780,4.0,850865423
270,1,5.0,853918728
270,648,3.0,853918728
270,733,3.0,853918793
270,780,4.0,853918727
271,924,4.0,1234302201
271,1200,4.0,1234302566
271,1214,4.0,1234302536
271,2288,3.5,1234301793
271,2329,3.0,1234302708
271,2858,2.5,1234302686
272,318,4.0,1532265940
272,589,3.5,1533490657
272,1240,4.0,1533490655
272,1527,4.0,1533566053
272,1580,4.0,1532266252
272,1682,4.0,1533490828
272,1721,2.5,1532266441
272,2571,4.0,1532265979
272,3147,4.5,1533566039
272,4993,2.0,1532266027
272,6365,3.5,1532266413
272,44191,4.0,1532266394
272,49272,2.5,1533490690
272,50872,3.5,1533490672
272,51662,3.5,1532266409
272,68358,4.0,1532265998
272,89745,4.0,1532266266
272,99114,3.5,1532266430
272,108190,3.0,1533566252
272,109487,3.5,1533490668
272,112138,4.0,1533490929
272,134853,2.5,1533566182
272,148626,4.5,1537470612
273,1,5.0,835861234
273,111,4.0,835861270
273,150,3.0,835798985
273,253,3.0,835861224
273,296,4.0,835798985
273,364,5.0,835861257
273,367,4.0,835860797
273,457,4.0,835861224
273,588,5.0,835799005
273,589,5.0,835861286
274,1,4.0,1171410158
274,10,4.0,1171428459
274,47,4.0,1171172762
274,48,2.0,1171943719
274,50,4.0,1171408986
274,70,4.5,1171493880
274,110,4.5,1171410141
274,111,3.0,1171409239
274,153,3.5,1171934629
274,165,4.0,1171934621
274,253,4.5,1171756138
274,260,3.0,1171409999
274,296,5.0,1171493995
274,318,4.5,1171409194
274,356,4.5,1171409739
274,364,4.0,1171934641
274,367,4.0,1171934652
274,377,3.5,1171934616
274,457,3.5,1256145196
274,527,4.0,1171758666
274,541,2.5,1171409458
274,588,4.0,1171934614
274,589,4.5,1171409970
274,594,3.0,1171493418
274,648,3.5,1171409741
274,733,3.0,1202278201
274,778,4.0,1171172773
274,780,3.5,1171409792
274,858,3.5,1171409113
274,919,3.5,1171427932
274,924,2.5,1171934762
274,1036,4.0,1171934710
274,1089,4.5,1171408966
274,1090,4.0,1171943610
274,1136,3.5,1171409305
274,1193,4.5,1186728753
274,1196,4.5,1171409426
274,1198,4.0,1212003426
274,1200,4.0,1171491997
274,1201,3.0,1171409049
274,1203,3.5,1199751945
274,1208,4.0,1202111741
274,1209,4.0,1202448511
274,1213,4.0,1171409055
274,1214,4.0,1171409571
274,1219,4.0,1197426191
274,1221,3.5,1186728678
274,1240,4.0,1171491755
274,1258,4.5,1171409235
274,1259,3.5,1223524686
274,1265,4.5,1171934694
274,1270,3.5,1171409961
274,1291,3.5,1212003442
274,1370,3.5,1171943579
274,1377,2.5,1171758935
274,1380,2.5,1171491440
274,1387,3.5,1171934798
274,1527,4.0,1171428348
274,1562,2.5,1171759209
274,1580,3.0,1171428362
274,1584,2.5,1171934814
274,1676,4.5,1171943573
274,1682,4.5,1171492701
274,1721,3.5,1171492429
274,1732,3.5,1171409454
274,1917,3.5,1171934832
274,1923,3.5,1171492218
274,1961,3.5,1186729066
274,2028,4.0,1171758796
274,2115,4.0,1212003437
274,2161,3.0,1288172843
274,2174,3.5,1171491595
274,2288,4.5,1171758926
274,2329,4.5,1171408968
274,2355,3.5,1171491485
274,2403,3.5,1284685425
274,2571,4.0,1171409506
274,2572,3.0,1171511625
274,2628,2.5,1171491491
274,2706,3.5,1171428463
274,2761,3.5,1288172971
274,2762,4.0,1171409964
274,2858,5.0,1171409201
274,2947,4.0,1186730469
274,2953,3.0,1171785718
274,2959,5.0,1171172709
274,3000,4.0,1171409312
274,3114,4.0,1171934808
274,3147,3.5,1171943630
274,3471,3.5,1171428396
274,3527,4.5,1171493438
274,3578,3.5,1171428468
274,3623,2.0,1171491817
274,3717,3.5,1171511562
274,4011,2.5,1171172765
274,4022,3.0,1171943586
274,4226,4.5,1171408958
274,4262,5.0,1171409417
274,4306,3.5,1171494063
274,4366,3.0,1171827375
274,4643,2.0,1171759286
274,4776,3.5,1248336545
274,4878,4.5,1171172617
274,4886,3.5,1171409974
274,4896,2.0,1171756119
274,4963,4.0,1171943576
274,4993,3.0,1171409651
274,4995,4.0,1228303165
274,5218,3.5,1172269225
274,5254,3.0,1171758780
274,5266,3.5,1177986784
274,5349,3.0,1171409959
274,5418,3.5,1171944212
274,5445,3.5,1171934907
274,5459,3.0,1172026671
274,5618,4.0,1219088538
274,5816,3.0,1171944300
274,5872,3.0,1173041218
274,5952,3.5,1171409985
274,5989,4.0,1171409954
274,6365,3.0,1171409773
274,6373,2.5,1173041098
274,6377,4.0,1171943773
274,6378,4.0,1171756125
274,6537,2.5,1175982281
274,6539,4.0,1171491579
274,6564,2.5,1171785186
274,6754,2.5,1171759303
274,6874,5.0,1171172658
274,6934,1.5,1171428431
274,7143,4.0,1177012817
274,7153,3.0,1171409647
274,7254,3.5,1171756178
274,7293,4.0,1177012896
274,7361,5.0,1171172409
274,7438,5.0,1171172659
274,7458,4.0,1173041185
274,8368,3.0,1173041239
274,8644,2.5,1171428343
274,8665,2.5,1171785785
274,8874,4.0,1171409420
274,8957,3.5,1171759215
274,8961,3.5,1171409781
274,8972,3.5,1171759175
274,8984,2.0,1173041211
274,8985,2.0,1171826890
274,27773,3.5,1171408960
274,30707,4.0,1171491999
274,30793,2.5,1177013127
274,31658,4.0,1217201393
274,32587,4.5,1171172648
274,33004,2.5,1173041168
274,33615,4.0,1221252640
274,33794,3.5,1171172779
274,34048,2.5,1173041328
274,40815,3.0,1171428530
274,41566,2.5,1171491932
274,41569,3.0,1171428482
274,42738,2.0,1171785367
274,44022,3.5,1197014488
274,44191,3.5,1201902133
274,45186,3.5,1235429269
274,45517,3.5,1221685753
274,45722,3.0,1171409979
274,46972,3.0,1197014396
274,47099,3.5,1245056112
274,47200,4.5,1171830473
274,48394,3.5,1173639434
274,48516,4.0,1173239384
274,48780,3.5,1177387076
274,49272,4.0,1171409340
274,49530,4.0,1186724575
274,50872,3.5,1206908273
274,51540,3.0,1211143193
274,51662,4.0,1173568730
274,52328,3.0,1247504771
274,52722,3.5,1178470408
274,53125,3.5,1186723308
274,53972,4.0,1211225082
274,54001,3.0,1186723228
274,54259,3.0,1250200371
274,54997,4.0,1200307289
274,55820,4.0,1200125567
274,56174,4.0,1198044892
274,57640,3.5,1256144882
274,58559,4.5,1217212975
274,59315,3.5,1210018296
274,59369,4.0,1233622600
274,59615,3.5,1212003422
274,59784,3.0,1219088191
274,60040,3.5,1219088271
274,60069,3.5,1229332522
274,60072,3.5,1227599463
274,60074,3.5,1248337481
274,60684,4.0,1236554945
274,63082,4.0,1284685467
274,63113,3.5,1227523971
274,64614,4.0,1239122133
274,64957,3.5,1245055831
274,68157,5.0,1253913692
274,68358,4.0,1253913812
274,68791,2.5,1284685589
274,68954,3.5,1257958334
274,69122,3.5,1247504062
274,69844,3.5,1257958718
274,70286,3.5,1295868553
274,71057,3.5,1284687279
274,71535,4.0,1256143764
274,72998,3.0,1284686423
274,73017,3.5,1284685959
274,74458,4.5,1284686462
274,74789,3.0,1284686467
274,77561,3.0,1285897574
274,78499,4.5,1284686435
274,79132,5.0,1284685228
274,79293,3.5,1293217704
274,79695,3.0,1290110374
274,80463,3.0,1293218160
274,82459,4.0,1293657702
274,85414,4.5,1318410245
274,86332,2.0,1318410295
274,86911,4.0,1318410436
275,1,5.0,1049076484
275,50,4.0,1049078044
275,111,3.0,1049078088
275,260,4.0,1049078271
275,296,5.0,1049078586
275,318,4.0,1049078154
275,356,3.0,1049076587
275,527,5.0,1049076180
275,541,5.0,1049077263
275,778,5.0,1049078651
275,858,5.0,1049076161
275,920,5.0,1049076206
275,924,1.0,1049078032
275,1089,5.0,1049076262
275,1097,4.0,1049079449
275,1136,5.0,1049079204
275,1193,5.0,1049079320
275,1198,4.0,1049077222
275,1208,5.0,1049079466
275,1213,5.0,1049078044
275,1219,4.0,1049078012
275,1221,4.0,1049079110
275,1259,4.0,1049076911
275,1265,5.0,1049076470
275,1270,4.0,1049076883
275,1580,3.0,1049076587
275,1625,5.0,1049078987
275,1653,3.0,1049078833
275,1923,2.0,1049076587
275,2174,5.0,1049076933
275,2355,4.0,1049076638
275,2571,5.0,1049078883
275,2572,4.0,1049076805
275,2761,5.0,1049079020
275,2858,4.0,1049076455
275,2959,5.0,1049078913
275,3114,4.0,1049076470
275,3471,5.0,1049076228
275,3578,4.0,1049077746
275,4011,4.0,1049077681
275,4016,3.0,1049077453
275,4226,5.0,1049077392
275,4306,3.0,1049077681
275,4308,2.0,1049077746
275,4886,4.0,1049077518
275,4963,4.0,1049077716
275,4973,5.0,1049079133
275,4993,4.0,1049077375
275,5218,2.0,1049077854
275,5349,4.0,1049077746
275,5418,4.0,1049076316
275,5445,4.0,1049077590
275,5464,2.0,1049079480
275,5816,2.0,1049077696
275,5952,4.0,1049077375
276,1,4.0,858350384
276,150,5.0,858351214
276,260,5.0,858350672
276,356,5.0,858351182
276,364,5.0,858351214
276,648,5.0,858350384
276,780,5.0,858350384
276,1196,5.0,858351060
276,1270,5.0,858351060
277,1,4.0,861812794
277,260,4.0,861812827
277,780,4.0,861812794
278,50,5.0,1193753316
278,318,5.0,1193753313
278,527,5.0,1193753327
279,1,3.0,1506394495
279,50,3.5,1506394189
279,110,4.0,1506394381
279,260,5.0,1506394310
279,296,5.0,1506394205
279,318,4.5,1506394183
279,356,3.0,1506394494
279,377,3.5,1506395289
279,541,5.0,1506394347
279,588,2.0,1506395337
279,589,4.0,1506394357
279,648,4.0,1506395353
279,780,4.0,1506394166
279,858,4.0,1506394191
279,924,4.0,1506394394
279,1036,5.0,1506394402
279,1101,4.0,1506395346
279,1136,5.0,1506394324
279,1196,5.0,1506394237
279,1198,4.0,1506394231
279,1200,4.5,1506394355
279,1208,3.5,1506394410
279,1213,3.5,1506394210
279,1214,5.0,1506394349
279,1240,4.0,1506394361
279,1258,5.0,1506394412
279,1270,3.5,1506394363
279,1291,4.5,1506394354
279,1370,3.0,1506395216
279,1676,3.0,1506394790
279,1732,4.0,1506394332
279,2028,4.0,1506394173
279,2115,4.0,1506394809
279,2288,5.0,1506394396
279,2329,3.5,1506395609
279,2403,4.0,1506394440
279,2571,4.5,1506394161
279,2858,3.5,1506394165
279,2959,3.5,1506394163
279,3527,5.0,1506394514
279,3578,3.5,1506394425
279,4226,3.0,1506394550
279,4886,3.0,1506395435
279,4993,4.0,1506394312
279,5418,3.5,1506394417
279,5952,5.0,1506394321
279,6874,3.0,1506394526
279,7143,4.0,1506395399
279,7153,4.0,1506394319
279,7438,2.0,1506395304
279,8665,3.0,1506395316
279,8874,3.5,1506394366
279,33794,4.0,1506394446
279,44191,4.0,1506394708
279,48516,4.0,1506394599
279,48780,4.5,1506394546
279,49272,3.5,1506395708
279,55820,3.5,1506394665
279,58559,4.0,1506394218
279,59315,2.5,1506394597
279,63082,3.0,1506395614
279,64614,4.0,1506395236
279,68157,4.0,1506394604
279,70286,4.0,1506394584
279,71535,4.0,1506395593
279,71838,3.5,1506395227
279,72998,2.0,1506395406
279,73017,3.0,1506395711
279,74458,4.0,1506394579
279,79132,4.0,1506394212
279,80463,3.5,1506395637
279,82459,3.0,1506395617
279,85414,3.5,1506395358
279,88129,3.5,1506395072
279,89745,3.0,1506394593
279,90405,3.5,1506394296
279,91529,5.0,1506394568
279,91542,3.0,1506395812
279,94864,3.0,1506395899
279,96079,5.0,1506395734
279,96737,3.5,1506394905
279,97304,3.5,1506394581
279,97913,2.0,1506395334
279,97938,3.0,1506395322
279,98809,3.0,1506395340
279,99112,3.0,1506395784
279,99114,4.0,1506394851
279,101864,3.0,1506395143
279,102903,2.0,1506395837
279,103341,2.0,1506395326
279,104841,3.5,1506395605
279,104879,5.0,1506394811
279,105504,3.0,1506395230
279,106489,2.0,1506395825
279,107406,3.0,1506395115
279,109374,4.5,1506395982
279,109487,5.0,1506394813
279,111362,3.0,1506395293
279,111759,4.5,1506394586
279,112138,3.0,1506394530
279,112171,4.0,1506394611
279,112183,4.5,1506395492
279,112552,3.5,1506394196
279,112556,4.0,1506394792
279,115569,4.5,1506394697
279,115713,5.0,1506394815
279,122882,4.5,1506394843
279,122904,4.0,1506395212
279,122920,3.0,1506395715
279,134130,3.0,1506394834
279,139385,5.0,1506395112
279,140174,3.5,1506395833
279,148626,3.5,1506395504
279,152077,3.0,1506395003
279,160438,2.0,1506395556
280,1,4.5,1348435273
280,50,4.5,1348434052
280,356,4.0,1350195052
280,364,4.5,1348532128
280,367,2.5,1348532155
280,919,3.5,1348532290
280,1028,4.0,1348453179
280,1213,5.0,1348434161
280,1270,3.5,1348435815
280,1380,4.0,1348532004
280,1580,3.5,1348532045
280,1721,4.0,1348435240
280,1917,3.5,1348532315
280,1923,3.5,1348532025
280,2572,4.0,1347605102
280,2706,3.0,1348532278
280,2762,4.5,1348435839
280,3114,4.0,1348532299
280,4306,4.5,1348532168
280,4308,2.5,1348435313
280,4878,3.5,1348532459
280,4896,4.0,1348532498
280,4963,4.5,1348532327
280,4973,4.0,1348434081
280,5816,4.0,1348532668
280,5989,4.5,1348532480
280,6377,4.5,1348533614
280,6539,3.5,1348435219
280,8368,4.0,1348532750
280,8961,3.5,1348532436
280,40815,4.0,1348533074
280,41566,3.5,1348532066
280,45720,3.5,1348533917
280,45722,3.5,1348533018
280,48516,5.0,1348436408
280,49530,4.5,1348434995
280,51662,3.5,1348532859
280,58559,4.5,1348532588
280,59369,4.0,1348531916
280,60069,4.0,1348532866
280,63082,4.5,1348531781
280,63992,4.0,1348533877
280,64614,4.0,1348453276
280,64957,3.5,1348531805
280,68135,4.5,1347605336
280,69122,4.0,1348433982
280,72407,4.0,1348533858
280,78772,4.0,1348533851
280,79132,4.0,1348533076
280,80463,3.5,1351485490
280,81845,4.0,1348434844
280,91500,5.0,1351483660
280,93510,4.0,1348533329
281,2023,1.0,1182999688
281,2329,4.0,1183000508
281,2858,3.5,1183000542
281,8368,4.0,1183000002
281,51662,4.5,1183000433
282,1,4.5,1378495714
282,10,3.5,1378497072
282,50,4.5,1378489751
282,111,4.0,1514068400
282,150,4.5,1378490387
282,260,4.0,1378496939
282,296,4.0,1378490071
282,318,4.5,1378498469
282,356,4.5,1378490366
282,377,3.5,1378495702
282,527,5.0,1378489627
282,588,4.5,1378497425
282,589,4.5,1378490390
282,648,3.0,1378490487
282,780,3.5,1378496890
282,858,5.0,1378489615
282,919,5.0,1378495687
282,1028,4.5,1378497546
282,1089,5.0,1378490274
282,1136,5.0,1378490033
282,1193,5.0,1378490003
282,1201,4.5,1378490129
282,1203,4.5,1378489980
282,1208,4.5,1378490160
282,1213,4.5,1378490607
282,1221,5.0,1378489657
282,1240,4.5,1378490530
282,1258,4.0,1514068326
282,1265,4.5,1378495442
282,1270,5.0,1378490467
282,1580,4.0,1378495309
282,1584,4.5,1378495658
282,1682,4.5,1378490649
282,1721,3.0,1378490504
282,1732,4.0,1378495532
282,1954,4.0,1378497570
282,1961,4.5,1378490589
282,2028,4.5,1378490303
282,2115,4.0,1378495009
282,2329,4.5,1378495649
282,2355,4.0,1378497437
282,2571,5.0,1378490023
282,2762,4.5,1378490493
282,2858,4.5,1378490462
282,2959,4.5,1378495804
282,3114,4.5,1378497429
282,3147,4.0,1378498731
282,3578,4.0,1378490537
282,3717,3.5,1378488824
282,4022,4.0,1378497684
282,4226,4.5,1378490025
282,4262,4.5,1378491774
282,4306,4.5,1378497581
282,4776,4.5,1378491638
282,4886,4.5,1378497432
282,4963,4.0,1378491801
282,4995,5.0,1378491814
282,5218,4.5,1378497817
282,5349,4.0,1378495635
282,5418,4.5,1378491740
282,5445,4.0,1378498797
282,5989,5.0,1378491747
282,5995,4.0,1378498756
282,6377,5.0,1378495304
282,6539,4.0,1378498775
282,6874,3.0,1514068535
282,7438,3.5,1378491703
282,8665,4.0,1378491743
282,8874,3.5,1378491654
282,8961,5.0,1378491699
282,45517,4.5,1378498387
282,45720,3.0,1514068168
282,48516,4.5,1378498161
282,48780,4.5,1378495886
282,49272,4.0,1378491580
282,49530,4.5,1378494997
282,50872,5.0,1378491514
282,51662,3.5,1378498783
282,58559,5.0,1378489945
282,59315,3.5,1514068384
282,63082,4.0,1378491621
282,68157,3.5,1514068432
282,69122,4.0,1378491506
282,72998,4.0,1378498809
282,73017,2.5,1378488999
282,79132,4.5,1378495799
282,80463,3.5,1378491678
282,91529,4.0,1514068391
282,103335,3.5,1378490813
282,106782,4.5,1514068354
282,134130,4.0,1514068388
282,139385,4.5,1514068476
283,1,3.0,901227602
283,70,3.0,901228337
283,110,5.0,901227664
283,150,5.0,901227857
283,318,5.0,901227554
283,356,5.0,901228020
283,1265,3.0,901228085
283,1580,4.0,901228155
284,10,4.0,832699451
284,47,3.0,832695534
284,110,5.0,832699616
284,150,2.0,832695048
284,153,3.0,832695146
284,165,5.0,832695146
284,296,4.0,832695048
284,318,4.0,832695208
284,356,5.0,832695327
284,367,5.0,832786307
284,377,5.0,832699616
284,457,4.0,832699616
284,588,5.0,832695146
284,589,5.0,832695327
285,111,5.0,1451151304
285,296,4.0,1449625911
285,858,5.0,1454214716
285,1193,5.0,1451151153
285,1219,4.5,1449626163
285,5995,4.0,1451152122
285,109374,4.0,1481688143
286,47,5.0,1119562911
286,70,3.0,1119563855
286,110,5.0,1119562267
286,150,4.0,1119562848
286,165,4.0,1119562884
286,296,5.0,1119562836
286,356,4.5,1119562840
286,364,5.0,1119562056
286,377,4.0,1119562872
286,527,4.0,1119562867
286,778,3.5,1119563354
286,1036,4.5,1119562027
286,1097,4.0,1119562950
286,1193,4.0,1119563048
286,1258,4.5,1119563459
286,1370,3.0,1119563683
286,1527,2.5,1119563220
286,1580,3.0,1119563030
286,1625,4.0,1119561408
286,1682,4.0,1119563515
286,1721,1.0,1119561957
286,1732,3.0,1119563725
286,1917,4.0,1119563447
286,1923,3.0,1119561952
286,1961,3.5,1119561962
286,2028,4.5,1119562941
286,2329,5.0,1119563889
286,2571,4.5,1119562496
286,2572,3.0,1119561590
286,2706,1.5,1119563415
286,2762,5.0,1119563021
286,2959,5.0,1119563319
286,3147,5.0,1119561345
286,3578,3.5,1119563209
286,4011,5.0,1119562201
286,4022,4.0,1119563748
286,4226,4.5,1119561938
286,4306,3.5,1119563380
286,4963,4.0,1119563928
286,4973,5.0,1119561934
286,4993,4.5,1119563396
286,4995,5.0,1119563940
286,5218,5.0,1119562120
286,5349,3.5,1119563839
286,5445,2.0,1119563813
286,5952,4.5,1119563664
286,5989,3.5,1119563922
286,6365,1.5,1119564154
286,6373,3.0,1119562113
286,6377,5.0,1119561558
286,6539,4.0,1119562462
286,6874,5.0,1119561709
286,7153,5.0,1119561518
286,7361,5.0,1119562533
286,7438,5.0,1119563956
286,8961,4.0,1119563900
287,48,1.0,1110229874
287,50,3.5,1110230077
287,110,1.5,1110230585
287,527,4.0,1110231030
287,648,1.0,1110230082
287,1090,3.0,1110229868
287,1101,0.5,1110229962
287,1136,4.0,1110230101
287,1193,3.0,1110230026
287,1208,3.5,1110231633
287,1270,3.0,1110231004
287,1380,0.5,1110228487
287,1527,4.0,1110230986
287,1682,3.5,1110231211
287,1732,3.5,1110231549
287,1917,0.5,1110229936
287,2028,3.5,1110230041
287,2115,1.5,1110229808
287,2174,4.0,1110229938
287,2762,2.0,1110230979
287,2959,4.0,1110230576
287,3578,2.5,1110230361
287,4306,1.5,1110229957
287,4878,4.5,1110231491
287,4963,2.0,1110230650
287,4973,5.0,1110231126
287,4993,4.0,1110229952
287,5266,2.5,1110230643
287,5618,4.5,1110230066
287,5816,1.5,1110231088
287,5952,4.0,1110229889
287,5989,2.5,1110230105
287,8368,4.0,1110230596
288,1,4.5,1054568869
288,10,3.0,978465794
288,47,3.5,1054568985
288,48,2.0,978469623
288,110,5.0,975691339
288,111,3.5,1232897523
288,150,3.0,976120962
288,153,2.0,978466567
288,253,4.0,976124491
288,260,5.0,976137780
288,296,5.0,978647227
288,318,5.0,976120853
288,356,5.0,976139988
288,364,3.0,978469358
288,367,2.0,978559595
288,377,3.0,976139931
288,457,3.0,985626825
288,527,5.0,976120853
288,541,4.0,975691813
288,588,4.0,978469358
288,589,4.0,976139234
288,594,4.5,1079984321
288,648,1.0,975691508
288,733,3.0,978465766
288,780,1.0,974759525
288,919,3.5,1054568911
288,920,3.0,976139692
288,924,5.0,976139234
288,1028,4.0,976120723
288,1036,3.0,976138177
288,1090,4.5,1054568506
288,1097,5.0,975691813
288,1101,3.0,976138347
288,1136,5.0,976120146
288,1193,5.0,979163450
288,1196,4.5,1079984551
288,1198,5.0,976138178
288,1200,3.0,975691813
288,1201,4.0,978465510
288,1208,4.5,1220235736
288,1213,4.0,976120925
288,1214,3.0,976137780
288,1219,5.0,976138527
288,1240,3.0,975691813
288,1246,3.0,979163971
288,1258,3.0,976138558
288,1259,3.5,1054569635
288,1265,4.5,1054568242
288,1270,5.0,975691813
288,1291,5.0,1052234887
288,1377,3.0,978465895
288,1380,2.0,976120462
288,1387,5.0,976137780
288,1527,4.0,975692044
288,1562,2.0,978466742
288,1580,4.0,975691479
288,1584,4.0,975692044
288,1653,4.0,975692044
288,1682,4.0,976121063
288,1721,3.0,976121266
288,1732,5.0,978559623
288,1923,4.5,1054568296
288,1954,5.0,976137780
288,1961,3.0,979163735
288,2028,3.5,1054569131
288,2115,3.5,1054569544
288,2174,3.5,1054569066
288,2329,4.5,1103647817
288,2355,3.0,978469358
288,2403,2.0,976138399
288,2571,3.0,975692000
288,2628,4.0,975692084
288,2640,3.5,1054569165
288,2761,4.0,1050509853
288,2762,3.0,985626767
288,2947,4.0,978465510
288,2949,3.5,1054569001
288,2959,3.5,1054569349
288,3114,4.0,1198509976
288,3147,3.0,976120999
288,3471,4.0,976139271
288,3527,2.0,1048089669
288,3578,2.0,984416988
288,3623,1.0,978465866
288,4011,3.0,1020369277
288,4016,4.0,1005142717
288,4022,3.5,1079984450
288,4226,4.5,1054568289
288,4306,4.0,1010510803
288,4643,3.0,1028746450
288,4776,2.0,1021307497
288,4886,4.5,1198509989
288,4896,3.5,1054568482
288,4963,3.5,1054569123
288,4993,5.0,1034954746
288,4995,3.0,1026822457
288,5349,4.0,1101506959
288,5418,3.5,1102366895
288,5445,4.0,1069088466
288,5459,2.5,1054569296
288,5464,4.0,1092252167
288,5618,4.0,1071523928
288,5816,3.0,1052234857
288,5952,3.5,1054568854
288,5989,3.5,1071523192
288,6373,3.0,1079983949
288,6377,3.5,1056387066
288,6378,3.5,1098299073
288,6539,4.0,1083091556
288,6874,4.0,1091633972
288,7143,4.0,1087924449
288,7153,4.0,1073671327
288,7254,3.5,1094650598
288,7293,3.0,1132939263
288,7361,4.5,1110812056
288,7438,4.0,1103214524
288,8368,3.5,1194376455
288,8665,3.5,1109001325
288,8874,3.5,1116602428
288,8961,4.0,1112209455
288,8972,3.0,1137689173
288,8984,3.0,1135350163
288,32587,4.5,1130178686
288,33004,3.5,1135789548
288,33794,4.5,1145817438
288,34048,3.0,1147093480
288,40815,3.5,1132609139
288,45517,3.0,1198510010
288,45722,3.0,1182171727
288,48780,3.5,1184613848
288,50872,4.0,1198509870
288,52722,3.5,1205335664
288,53125,2.5,1182171733
288,54001,3.5,1187798858
288,54997,3.0,1217183960
288,56174,2.5,1225133332
288,58559,4.5,1231857010
288,58998,4.5,1249477171
288,59315,4.0,1256658068
288,59369,4.0,1262106654
288,59501,3.0,1251831094
288,60069,4.5,1230312815
288,60514,2.5,1230907029
288,63082,4.0,1252589552
288,68358,3.5,1262706818
288,68954,4.5,1262706789
288,69122,4.0,1262106666
288,72998,4.0,1262706801
289,594,3.5,1143424605
289,1101,2.0,1143424609
289,1208,4.0,1143424573
289,1258,4.0,1143424663
289,1917,3.0,1143424575
289,2174,4.5,1143424633
290,1,4.0,975031464
290,50,4.0,975031748
290,111,5.0,975030622
290,150,4.0,974942273
290,260,5.0,974939497
290,296,5.0,975031374
290,318,5.0,974938193
290,457,4.0,975032059
290,527,5.0,974938725
290,541,3.0,974938371
290,858,5.0,974937901
290,919,5.0,975030570
290,924,5.0,974938151
290,1089,4.0,974942304
290,1090,4.0,974938908
290,1097,5.0,974939555
290,1136,4.0,974938796
290,1193,5.0,974937663
290,1196,5.0,974942120
290,1198,5.0,975031719
290,1208,5.0,974939475
290,1213,5.0,974938755
290,1214,4.0,974942346
290,1219,5.0,974937993
290,1221,5.0,974937974
290,1240,4.0,974942768
290,1258,4.0,974942604
290,1259,4.0,974938908
290,1270,4.0,974937732
290,1387,5.0,975031439
290,1961,5.0,974942604
290,2028,4.0,975031464
290,2329,4.0,974943111
290,2355,4.0,974937732
290,2761,4.0,974938393
290,2762,4.0,974942694
290,2858,4.0,974938211
290,2947,5.0,974939555
290,2959,3.0,975032265
291,1,4.0,1453051567
291,4896,5.0,1453051459
291,4993,3.0,1464337114
291,5218,4.0,1453051567
291,5816,5.0,1453051472
291,7153,3.0,1464337115
291,8368,5.0,1453051470
291,40815,5.0,1453051466
291,50872,5.0,1453051531
291,54001,5.0,1453051469
291,58559,5.0,1453051722
291,59315,4.0,1453051390
291,60069,5.0,1453051715
291,68954,4.0,1453051725
291,69844,5.0,1453051462
291,72998,5.0,1453051713
291,77561,4.0,1453051395
291,86332,4.0,1453051431
291,88140,4.0,1453051510
291,89745,5.0,1453051415
291,91542,4.0,1453051506
291,102125,4.0,1453051397
291,106072,4.0,1453051433
291,106489,4.0,1453051447
291,118696,4.0,1453051448
291,122892,4.0,1453051417
291,122904,5.0,1464369746
291,134853,1.0,1464369772
292,1,4.0,1219625000
292,10,3.5,1219625069
292,110,2.5,1265679516
292,111,2.0,1265680159
292,153,3.0,1265680404
292,165,3.5,1219625030
292,253,1.5,1293562503
292,260,4.0,1039914974
292,296,3.0,990062598
292,318,5.0,990062572
292,356,4.5,1219624965
292,364,4.5,1219625213
292,367,2.5,1219625101
292,377,3.5,1265680380
292,457,4.0,990062464
292,541,3.5,1219625188
292,588,4.0,1265680373
292,589,4.0,973817064
292,594,3.0,1360446303
292,733,4.0,990062537
292,780,4.5,1265680352
292,858,4.0,1015375085
292,1036,4.0,990062271
292,1097,4.5,1265679812
292,1101,4.0,1293562937
292,1136,4.0,1219625093
292,1193,2.5,1265680094
292,1196,4.0,1039914974
292,1198,4.0,1219625017
292,1203,4.0,973816970
292,1214,3.0,1265680466
292,1221,4.0,1015375085
292,1240,4.0,1245511344
292,1270,4.0,1265680385
292,1291,4.5,1265680458
292,1370,4.0,990062271
292,1580,4.0,973817166
292,1676,3.0,990062689
292,1721,4.0,1265680427
292,1907,3.5,1293562953
292,1917,3.0,1219625193
292,1961,3.0,1293562699
292,2028,4.0,973817006
292,2115,4.0,1332678514
292,2174,3.0,1332678530
292,2355,3.0,1016841630
292,2403,4.0,1293562968
292,2571,4.0,990062164
292,2628,4.0,1039914974
292,2761,5.0,1015374932
292,2762,4.0,1015374538
292,2949,4.0,1332678642
292,2959,2.0,1265680431
292,3114,4.0,1015374655
292,3147,4.5,1219625228
292,3527,3.5,1265679783
292,3578,3.0,1015374873
292,3623,4.0,1015374983
292,3717,3.0,1017364587
292,4022,4.0,1015374725
292,4306,4.0,1262376466
292,4643,3.0,1017364962
292,4776,2.0,1265679868
292,4886,4.0,1039915051
292,4896,4.0,1017364825
292,4963,3.0,1041613411
292,4993,3.5,1293562353
292,5218,4.0,1265679887
292,5349,4.0,1039915101
292,5418,4.5,1293562391
292,5444,4.0,1265679947
292,5445,4.0,1265679884
292,5816,3.5,1219625075
292,5952,3.5,1293562362
292,5989,2.0,1323631830
292,6377,3.5,1262376394
292,6539,4.0,1219624973
292,7153,3.5,1293562364
292,8368,4.0,1265679661
292,8644,3.5,1442098838
292,8665,4.5,1293562394
292,8957,2.0,1265679960
292,8961,3.5,1306584253
292,8984,3.5,1140269511
292,30793,3.5,1265679974
292,34048,4.0,1387893632
292,41566,3.5,1387893709
292,41569,4.0,1195948561
292,45517,4.0,1293563000
292,45722,4.0,1306584101
292,46530,4.0,1169929506
292,46972,4.0,1421974401
292,49272,3.5,1323631791
292,49530,2.5,1293562710
292,50872,4.0,1219625211
292,53125,3.0,1306584107
292,53464,3.0,1195948720
292,53972,4.0,1265679713
292,56174,3.5,1219625140
292,58559,4.0,1265680017
292,59315,4.5,1245511326
292,59369,3.5,1245511263
292,59784,3.5,1293562898
292,60040,3.0,1265679899
292,60069,3.5,1265680184
292,60074,3.5,1326033195
292,63082,4.0,1234826879
292,63113,4.0,1245511568
292,64614,2.0,1483193865
292,64957,3.5,1245511413
292,68358,4.0,1262376359
292,68554,3.5,1262376605
292,68793,4.0,1421974422
292,68954,4.0,1245511196
292,69122,3.5,1262376411
292,69844,4.0,1265679748
292,70286,2.0,1483193915
292,71535,4.0,1301252407
292,72998,4.0,1293562782
292,73017,4.0,1293562839
292,76093,4.0,1293562572
292,77561,4.5,1293563033
292,78499,4.0,1293562161
292,79091,3.5,1323631972
292,79132,3.0,1300059704
292,79293,3.5,1421974604
292,79695,3.5,1329657226
292,80463,4.0,1296436138
292,81845,4.0,1323631499
292,81847,3.0,1306584237
292,82169,4.0,1421974672
292,85131,3.5,1421974540
292,85414,4.0,1323631752
292,86332,4.0,1323526231
292,86880,4.0,1421974612
292,87222,3.0,1421974490
292,87430,3.5,1323526335
292,87869,4.5,1421974091
292,88140,3.5,1323631857
292,88744,3.5,1324817870
292,91485,3.5,1362268068
292,91500,4.5,1421974569
292,91535,2.5,1360446246
292,91542,4.5,1421974576
292,94777,3.5,1421974484
292,95167,3.0,1421974452
292,95441,1.5,1421974113
292,95510,3.5,1387893620
292,96079,4.0,1421974563
292,100498,3.5,1442181812
292,101142,3.0,1385677332
292,101362,3.0,1385677308
292,101864,4.0,1421974468
292,102125,4.0,1421974584
292,102407,2.0,1483193854
292,102445,4.0,1387893605
292,102903,4.0,1483193860
292,103042,2.5,1387893540
292,103141,3.5,1385677324
292,103249,3.5,1387893559
292,103253,4.0,1442098845
292,103335,3.5,1483193986
292,103341,3.5,1421974633
292,104841,3.5,1421974348
292,106072,3.5,1421974508
292,106487,4.5,1453675869
292,106696,4.0,1421974328
292,108190,4.0,1453675788
292,111360,2.0,1442098811
292,112852,4.5,1442098885
292,113345,1.5,1453675742
292,113378,3.0,1453675858
292,114180,3.0,1453675903
292,115617,4.0,1483193825
292,116823,4.5,1453675867
292,122882,2.5,1454616762
292,122900,4.0,1483193822
292,129937,1.5,1454616747
292,130490,3.5,1453675779
292,135133,4.0,1453675897
293,1,3.0,1044870886
293,1097,2.0,1044870855
293,1682,4.0,1044870855
293,1917,3.0,1044871029
294,10,3.0,966634030
294,47,2.0,966597476
294,50,3.0,966597387
294,70,4.0,966595946
294,153,3.0,966596725
294,260,5.0,966633760
294,296,4.0,966597447
294,356,5.0,966595748
294,367,4.0,966595886
294,588,3.0,966595748
294,733,4.0,966634003
294,858,5.0,966597387
294,919,2.0,966633792
294,1089,3.0,966597476
294,1196,4.0,966594589
294,1198,4.0,966633760
294,1221,4.0,966597387
294,1259,3.0,966633792
294,1270,3.0,966595028
294,1291,3.0,966633825
294,1377,2.0,966597632
294,1562,2.0,966597791
294,1580,4.0,966595245
294,1676,3.0,966634119
294,1732,5.0,966595639
294,1917,2.0,966634240
294,1923,1.0,966595310
294,2023,3.0,966597632
294,2115,3.0,966634003
294,2161,3.0,966634084
294,2174,3.0,966595174
294,2355,3.0,966595310
294,2628,4.0,966634030
294,2640,4.0,966634003
294,2858,3.0,966594928
295,50,5.0,1320064969
295,70,5.0,1320064943
295,296,5.0,1320064918
295,318,5.0,1320064839
295,858,4.5,1320064796
295,1089,5.0,1320064919
295,1193,5.0,1320064817
295,1198,2.0,1320064822
295,1201,3.5,1320064990
295,1213,4.5,1320064972
295,1221,4.5,1320064798
295,2329,5.0,1320064983
295,2959,4.5,1320064792
295,4226,4.5,1320064979
295,4973,4.5,1320064768
295,6874,4.5,1320064929
295,7438,4.5,1320064931
295,32587,3.5,1320064927
295,68157,5.0,1320064921
295,79132,5.0,1320064800
296,50,5.0,1532993858
296,110,5.0,1532993855
296,296,4.5,1532993850
296,318,5.0,1532993816
296,356,5.0,1532993877
296,527,4.5,1532993820
296,1201,5.0,1532993957
296,2028,4.5,1532993839
296,2571,4.5,1532993833
296,2628,1.0,1532994086
296,2959,5.0,1532993828
296,5618,4.5,1532994001
296,48394,4.5,1532993936
296,79132,5.0,1532993826
297,47,4.0,900871748
297,50,5.0,900871748
297,70,2.0,900871989
297,111,3.0,900871829
297,150,3.0,900872083
297,165,3.0,900872180
297,377,2.0,900872213
297,457,4.0,900871989
297,589,3.0,900871988
297,733,3.0,900871829
297,1089,5.0,900871748
297,1370,3.0,900872180
297,1732,5.0,900872022
298,1,2.0,1447518257
298,47,4.0,1447518037
298,50,3.5,1447516828
298,110,3.0,1447518054
298,111,3.0,1447518023
298,153,2.0,1453033369
298,165,3.0,1447597832
298,260,4.0,1447516841
298,296,4.5,1447584408
298,318,3.5,1447516816
298,356,3.0,1449757614
298,367,2.5,1450441628
298,541,4.5,1447584754
298,589,4.0,1447584415
298,778,3.5,1447584451
298,780,2.5,1453033072
298,858,5.0,1447516830
298,924,4.0,1447607114
298,1036,3.0,1447584411
298,1089,4.0,1447584413
298,1136,2.5,1447584423
298,1193,4.0,1447597795
298,1196,4.0,1447516843
298,1198,4.5,1450441571
298,1200,4.0,1447584725
298,1201,4.0,1450452228
298,1208,4.0,1450452231
298,1213,4.0,1450452225
298,1214,4.0,1447584732
298,1221,3.5,1450452223
298,1240,4.0,1447584728
298,1265,3.5,1447584613
298,1270,3.5,1447584491
298,1291,4.0,1450452227
298,1387,3.0,1466276063
298,1527,4.0,1450369257
298,1580,3.0,1450441401
298,1584,2.5,1476643306
298,1625,1.5,1447619955
298,1653,2.0,1450369303
298,1676,3.5,1447584812
298,1732,5.0,1447584490
298,1923,2.5,1447584560
298,1954,2.5,1450452239
298,2115,3.5,1452692142
298,2571,4.0,1447516845
298,2572,2.5,1476632985
298,2628,3.0,1453032817
298,2706,3.0,1447584519
298,2858,4.0,1452692171
298,2959,5.0,1447516832
298,3471,2.5,1450452394
298,3527,3.5,1447584750
298,3578,3.5,1447598079
298,3623,3.0,1447598137
298,3717,2.5,1447598215
298,4011,3.0,1447598128
298,4022,2.5,1447598123
298,4226,3.0,1447598089
298,4306,2.0,1447598085
298,4643,2.0,1447598237
298,4878,3.5,1447598119
298,4886,3.0,1447598096
298,4896,3.0,1447598132
298,4963,2.5,1447598104
298,4973,3.0,1447584659
298,4993,4.0,1447598081
298,4995,3.0,1447598113
298,5218,2.0,1449592054
298,5254,2.5,1447598473
298,5266,1.0,1447598339
298,5349,2.5,1447598111
298,5445,3.0,1447598101
298,5459,2.0,1447598208
298,5618,4.0,1447517997
298,5816,3.0,1449592029
298,5872,2.5,1449592202
298,5952,4.0,1447518010
298,5989,3.0,1447518368
298,6365,3.0,1447598136
298,6373,2.5,1447598221
298,6377,2.5,1447559015
298,6378,2.5,1447598220
298,6537,3.0,1447598243
298,6539,2.5,1447560174
298,6564,1.5,1449592498
298,6754,2.5,1447598544
298,6874,4.0,1447518291
298,7153,4.0,1447517999
298,7254,1.0,1450452742
298,7293,2.5,1447598366
298,7361,2.5,1447518020
298,7438,4.0,1447518396
298,7458,0.5,1447598371
298,8368,3.0,1449592035
298,8529,0.5,1447598424
298,8533,1.0,1449592318
298,8957,3.0,1447584448
298,8961,2.0,1447518268
298,8972,2.0,1447598456
298,27773,4.0,1447518047
298,30707,3.0,1447518402
298,30793,1.0,1449592109
298,32587,3.5,1447560149
298,33794,3.0,1447518082
298,34048,2.5,1447598347
298,40815,3.0,1447598172
298,41569,3.0,1447598387
298,44191,3.5,1447518123
298,45720,2.5,1447598610
298,45722,2.5,1447598190
298,46972,0.5,1447598747
298,48516,3.0,1447518007
298,48780,2.0,1447518039
298,50872,2.5,1447518423
298,51540,3.0,1447598561
298,51662,3.0,1447584438
298,52328,3.0,1449592536
298,52722,2.5,1447598491
298,53125,2.5,1449592168
298,53972,2.5,1447598553
298,54001,3.0,1447598337
298,54259,2.5,1447560231
298,57640,4.0,1447516990
298,58559,3.5,1447516837
298,58998,3.0,1447516923
298,59315,3.5,1447518170
298,59615,4.5,1447516904
298,60040,2.5,1447598736
298,60074,1.0,1447516937
298,60684,3.5,1447584838
298,63082,1.0,1447558918
298,63113,1.5,1447516933
298,63992,0.5,1447516975
298,64614,3.0,1447518094
298,68157,3.0,1447584427
298,68554,0.5,1447517036
298,68793,0.5,1447517290
298,68954,3.0,1449588972
298,69122,3.0,1447584445
298,69644,0.5,1447517186
298,69844,3.0,1447516860
298,72998,3.0,1449588973
298,73017,3.0,1447598317
298,74458,2.5,1447518115
298,74789,0.5,1447516961
298,76093,3.0,1447518074
298,77561,3.5,1447516876
298,79091,2.5,1447516927
298,79132,3.5,1447517993
298,79695,2.5,1447599179
298,80463,1.5,1447598356
298,81845,2.5,1447518067
298,86332,3.5,1447516948
298,86880,2.0,1447599144
298,86911,3.0,1447517109
298,87869,2.5,1447517063
298,88129,3.0,1447516930
298,88140,3.0,1449589069
298,88744,3.5,1447598710
298,89745,3.5,1447518162
298,91529,3.0,1447518516
298,91542,3.0,1447598688
298,91630,4.0,1447516987
298,91976,3.0,1447517463
298,92420,3.0,1450441477
298,93270,1.5,1476628480
298,93510,2.5,1447599139
298,93840,3.0,1447597879
298,94777,2.5,1450441607
298,94864,3.5,1447598821
298,95441,2.0,1447599300
298,95510,2.0,1447598863
298,96737,3.0,1450452457
298,97304,3.0,1447518419
298,97921,3.0,1447560613
298,98809,3.0,1447597890
298,99114,3.0,1447518477
298,100163,0.5,1453033344
298,101864,1.5,1450441357
298,102125,3.0,1447584976
298,103042,2.5,1447599275
298,103141,3.0,1447599714
298,103228,3.5,1447599332
298,103249,2.0,1449592963
298,103341,3.0,1447584912
298,104211,2.5,1467489218
298,104374,2.5,1447558912
298,105844,2.5,1447518376
298,106072,3.0,1447599404
298,106100,2.5,1447518183
298,106489,3.5,1447597859
298,106782,3.0,1447560263
298,106916,3.5,1447599256
298,106920,2.0,1447518287
298,107406,3.0,1447616295
298,108932,3.0,1447599062
298,108945,2.5,1476643330
298,109374,3.5,1447518495
298,109487,3.0,1447518025
298,109673,0.5,1453033306
298,110102,3.0,1447584751
298,111362,3.0,1447560402
298,111659,1.0,1453033364
298,111759,3.0,1447518172
298,112138,2.0,1479058211
298,112175,3.0,1447599429
298,112183,3.5,1447598988
298,112370,2.5,1453033058
298,112552,3.5,1447518030
298,112556,3.0,1447518113
298,112623,3.0,1447599391
298,112852,4.0,1447518185
298,112911,0.5,1450441583
298,114662,2.5,1447599816
298,115569,3.0,1447560101
298,115713,2.5,1476641575
298,117529,3.0,1447599845
298,118696,3.0,1447599450
298,120466,3.0,1450452667
298,122882,3.0,1447518261
298,122892,3.5,1447584738
298,122900,3.0,1450441424
298,122904,3.0,1458649352
298,122920,3.0,1466276315
298,122924,1.5,1476643275
298,128512,0.5,1458649792
298,129354,0.5,1478816371
298,132046,0.5,1453033069
298,134130,3.5,1450369253
298,134393,0.5,1466278121
298,135567,2.5,1476643063
298,135861,1.5,1458650077
298,136020,2.5,1458649784
298,138036,2.0,1458649553
298,139385,3.0,1458649519
298,139642,2.0,1458649771
298,139644,2.0,1458649533
298,140110,1.0,1458649558
298,140174,2.0,1466276306
298,156609,0.5,1479058487
299,1198,4.0,974620129
299,1214,3.0,974620404
299,1258,4.0,974620404
299,1387,4.0,974620404
299,1961,4.0,974620129
299,2628,2.0,974620151
299,3578,5.0,974620300
299,3623,3.0,974620300
299,3717,4.0,974620319
300,318,4.0,1425351440
300,356,4.0,1425351838
300,527,5.0,1425351444
300,2028,4.0,1425351455
300,2329,4.0,1425351826
300,2571,4.0,1425351455
300,2762,3.5,1425351463
300,2858,5.0,1425351840
300,2959,4.5,1425351831
300,4973,4.0,1425351826
300,5995,4.5,1425351827
300,7361,5.0,1425351852
300,48394,5.0,1425352021
300,56174,3.0,1425351494
300,63082,4.0,1425351852
300,79132,4.0,1425351826
300,81591,5.0,1425352062
300,99114,3.5,1425351854
300,109487,5.0,1425351522
300,112183,4.0,1425351526
300,112552,4.5,1425351519
300,112556,5.0,1425351523
301,10,4.0,1211378532
301,47,4.5,1211377521
301,50,4.5,1211377304
301,110,1.5,1211377341
301,165,2.0,1211377408
301,296,4.5,1211377348
301,356,4.0,1211377360
301,364,3.5,1211378040
301,377,2.5,1211377574
301,457,4.0,1211378193
301,527,4.5,1211378498
301,589,0.5,1211377464
301,648,2.5,1211378093
301,733,0.5,1211377705
301,780,2.5,1211378362
301,1097,4.0,1211377777
301,1193,4.5,1211378235
301,1240,0.5,1211378553
301,1270,2.5,1211377686
301,1721,1.5,1211377856
301,1961,4.5,1211377624
301,2329,4.5,1211378847
301,2706,1.5,1211378404
301,2858,4.0,1211377433
301,3578,4.5,1211377675
301,4011,4.5,1211378726
301,4022,2.5,1211377660
301,4226,4.0,1211377352
301,4306,4.0,1211377663
301,4896,4.0,1211378854
301,4963,4.0,1211377329
301,4973,4.0,1211378380
301,4995,4.5,1211378223
301,5418,4.0,1211377633
301,5816,4.5,1211378683
301,5989,4.0,1211378412
301,6377,4.5,1211377891
301,6539,4.0,1211377789
301,6874,4.5,1211377847
301,7361,4.5,1211377420
301,8368,3.5,1211378214
301,8961,4.0,1211377317
301,30707,4.5,1211378689
301,30793,0.5,1211378770
301,40815,4.0,1211378131
301,41566,2.5,1211378886
301,44191,2.5,1211377755
301,45722,3.5,1211377499
301,48516,4.5,1211377300
301,48780,5.0,1211378779
301,54001,4.0,1211378540
301,55820,5.0,1211377253
302,47,5.0,854473264
302,110,4.0,854473187
302,260,5.0,854473264
302,296,5.0,854473183
302,377,3.0,854473232
302,457,4.0,854473186
302,589,4.0,854473232
302,648,3.0,854472022
302,780,4.0,854472021
302,858,5.0,854473349
302,1198,5.0,854473396
302,1221,5.0,854473396
303,260,3.5,1053303081
303,589,5.0,1053303177
303,920,3.0,1053302773
303,1097,5.0,1053303213
303,1196,5.0,1053303076
303,1200,5.0,1053303091
303,1214,5.0,1053303079
303,1240,5.0,1053303081
303,1246,2.0,1053302834
303,1258,2.0,1053302823
303,1270,3.5,1053303095
303,1370,3.0,1053302837
303,1527,3.5,1053302769
303,1580,5.0,1053303260
303,1584,3.5,1053302767
303,1653,3.0,1053303246
303,2571,5.0,1053303064
303,2640,5.0,1053303264
303,3471,4.0,1053303314
303,3527,5.0,1053303217
303,5349,3.5,1053303086
303,5445,3.5,1053303172
304,1,5.0,881428344
304,10,4.0,891173528
304,110,5.0,891172978
304,150,5.0,880915486
304,153,3.0,891173670
304,165,4.0,891173528
304,260,5.0,881232527
304,296,5.0,891173194
304,318,4.0,931811802
304,356,5.0,891172881
304,364,2.0,891172881
304,377,3.0,891173554
304,457,5.0,891173460
304,527,5.0,891173070
304,541,4.0,891173435
304,588,4.0,891173910
304,589,5.0,891173460
304,648,4.0,881428467
304,733,4.0,881427846
304,780,4.0,881428195
304,924,4.0,891172958
304,1028,4.0,891173962
304,1036,4.0,891173435
304,1097,5.0,891173884
304,1101,4.0,891173581
304,1136,4.0,891173173
304,1196,5.0,891173435
304,1198,5.0,891173435
304,1200,4.0,891173435
304,1214,4.0,891173460
304,1240,5.0,891173487
304,1259,5.0,891172958
304,1265,5.0,891173317
304,1270,5.0,898641489
304,1291,5.0,891172881
304,1370,4.0,891173528
304,1377,2.0,891173614
304,1380,4.0,891173265
304,1387,4.0,891173825
304,1527,4.0,891172783
304,1580,5.0,882058232
304,1584,5.0,883381189
304,1653,4.0,896045740
304,1676,4.0,896268382
304,1682,4.0,922226435
304,1721,5.0,885216165
304,1907,4.0,920201350
304,2028,5.0,902745302
304,2571,4.0,945958412
304,2628,5.0,929868483
304,2761,4.0,945235899
304,2762,2.0,935882092
304,2858,2.0,944976444
304,3114,5.0,944976429
305,47,4.0,1460135569
305,50,5.0,1460134079
305,70,5.0,1494259450
305,260,5.0,1460134084
305,296,5.0,1460135173
305,318,5.0,1460134079
305,356,4.5,1460135336
305,377,4.0,1460136526
305,457,4.0,1491255664
305,527,5.0,1460135174
305,541,4.0,1460135378
305,589,5.0,1460135760
305,648,4.0,1518197850
305,733,4.0,1494104090
305,778,5.0,1460135334
305,780,4.5,1460136292
305,858,5.0,1460134082
305,919,5.0,1460135811
305,924,4.0,1518198645
305,1036,4.0,1460135744
305,1089,5.0,1460135345
305,1090,5.0,1462397928
305,1136,2.5,1463437043
305,1193,5.0,1460135175
305,1196,5.0,1460134091
305,1198,3.0,1461856896
305,1200,3.5,1462474119
305,1201,5.0,1460135283
305,1203,5.0,1460135663
305,1213,5.0,1460135270
305,1214,4.0,1463335665
305,1219,5.0,1460135296
305,1221,5.0,1460135167
305,1240,3.5,1460135792
305,1246,4.0,1518198580
305,1258,5.0,1460135285
305,1259,4.5,1460135385
305,1270,5.0,1460135786
305,1387,3.5,1490211301
305,1584,4.5,1530817789
305,1625,2.5,1460135974
305,1653,3.0,1511719176
305,1676,3.5,1518198046
305,1682,4.0,1460135927
305,1721,3.5,1460365965
305,1732,4.5,1460135537
305,1954,5.0,1513199505
305,1961,4.0,1460135855
305,2028,4.0,1460135344
305,2115,1.0,1519591487
305,2288,5.0,1460564615
305,2329,5.0,1460135547
305,2403,4.0,1460366196
305,2571,5.0,1460135333
305,2628,2.0,1511718989
305,2706,4.0,1518196166
305,2761,4.5,1518859007
305,2762,4.0,1460135654
305,2858,5.0,1460135380
305,2959,4.5,1460135144
305,3147,5.0,1460135785
305,3527,4.0,1460135999
305,3578,5.0,1460135663
305,3623,2.5,1518198024
305,4011,5.0,1460221985
305,4016,3.5,1527234349
305,4022,4.5,1460302550
305,4226,3.5,1460135170
305,4262,4.0,1460135342
305,4776,4.5,1460324015
305,4878,5.0,1460135844
305,4896,3.0,1518198357
305,4963,4.0,1460135856
305,4973,5.0,1464298261
305,4993,5.0,1460135293
305,4995,5.0,1464428743
305,5254,4.0,1460303255
305,5418,3.5,1518197933
305,5445,3.5,1460135945
305,5459,3.0,1460303034
305,5618,5.0,1460135409
305,5816,3.0,1518198391
305,5952,5.0,1460135301
305,5989,5.0,1460135847
305,6365,3.0,1460302556
305,6377,5.0,1460135607
305,6537,3.0,1460303066
305,6874,5.0,1460226423
305,6934,3.0,1460303007
305,7143,4.5,1524488097
305,7153,5.0,1460135291
305,7438,5.0,1460222005
305,8368,3.0,1511719270
305,8529,3.0,1490298147
305,8644,5.0,1460136224
305,8874,4.0,1461353185
305,8961,3.0,1534613240
305,8985,4.0,1460366266
305,27773,4.5,1519506580
305,30707,4.5,1460135619
305,31658,4.5,1460302952
305,32587,5.0,1460222060
305,33794,5.0,1460135651
305,34048,3.5,1460303125
305,40815,4.0,1518198360
305,44191,2.5,1516132287
305,45186,4.0,1520285010
305,45720,3.5,1460136691
305,47099,5.0,1460135795
305,47200,5.0,1513198994
305,48394,5.0,1524599281
305,48516,4.5,1460135171
305,48780,3.0,1460222185
305,49530,4.5,1460135189
305,51540,4.0,1460135919
305,51662,3.0,1516130709
305,53464,3.0,1460136770
305,54001,3.0,1518198399
305,54259,4.0,1531084224
305,54997,3.5,1520520727
305,55820,4.0,1525031014
305,56174,3.5,1460135196
305,57640,4.0,1518198724
305,58559,5.0,1460134085
305,58998,4.0,1460137685
305,59315,4.5,1518197989
305,59784,3.5,1464434507
305,60069,5.0,1460135747
305,60072,3.0,1460136726
305,60514,3.5,1460137190
305,60684,4.0,1460134115
305,63082,5.0,1460135298
305,63992,3.0,1460136729
305,64614,5.0,1494083628
305,64957,3.0,1460136665
305,68135,3.5,1518198780
305,68157,5.0,1460135642
305,68358,4.0,1460305894
305,68554,3.0,1460136769
305,68791,4.0,1460136761
305,68954,5.0,1460221997
305,69122,5.0,1460135805
305,69844,3.0,1518198408
305,70286,4.5,1460222144
305,71535,5.0,1518811499
305,71838,2.5,1460137012
305,72998,4.5,1460302996
305,73017,4.0,1460135862
305,74458,3.5,1460135886
305,76093,4.0,1518198395
305,79132,5.0,1460135375
305,79695,4.0,1460303748
305,80463,5.0,1460134111
305,81591,3.0,1460134106
305,81845,4.0,1460564213
305,82461,4.0,1460303567
305,85414,3.5,1460303270
305,85788,2.0,1460366289
305,87869,4.5,1460135965
305,88129,4.0,1460136304
305,88140,3.0,1460366386
305,89745,4.0,1460564209
305,90405,3.0,1520341535
305,91485,5.0,1460564299
305,91500,2.0,1518198380
305,91529,5.0,1460135780
305,91542,3.0,1460303366
305,91630,4.0,1519561987
305,92420,4.0,1519891298
305,93270,4.5,1460305716
305,93510,4.5,1460365634
305,93840,5.0,1460303548
305,94018,4.0,1460564040
305,94478,1.5,1460564004
305,94864,2.5,1463503217
305,95510,0.5,1463503215
305,96079,3.5,1460303280
305,96737,5.0,1460304495
305,96811,3.5,1460564316
305,97304,4.5,1460135562
305,97752,4.5,1460366788
305,98809,3.0,1460136037
305,99114,5.0,1460135804
305,101362,3.0,1460366113
305,102125,2.5,1460366341
305,102407,3.5,1518858776
305,102903,4.5,1460136589
305,103042,4.0,1519494337
305,103075,3.0,1460564140
305,103228,5.0,1519494251
305,103249,2.0,1460303701
305,103253,4.0,1460303746
305,104211,5.0,1460222140
305,104841,3.0,1518198403
305,105844,3.0,1460135873
305,106072,3.5,1460563889
305,106100,4.5,1460135606
305,106441,3.0,1460564134
305,106489,3.0,1460136597
305,106696,4.0,1460303575
305,106782,4.0,1460135414
305,106920,5.0,1460135960
305,107406,2.5,1460303957
305,108932,3.0,1460365746
305,109374,5.0,1460135536
305,109487,3.5,1460303041
305,109850,3.5,1460366158
305,110102,2.5,1460366125
305,111360,2.5,1460303853
305,111759,3.5,1460303277
305,112138,4.5,1460136232
305,112552,5.0,1460135413
305,112556,3.5,1460135612
305,112788,3.5,1460366017
305,112818,5.0,1460564166
305,112852,4.5,1460136524
305,112897,4.0,1460366487
305,113573,4.0,1460964137
305,114246,3.0,1461945549
305,114662,5.0,1460303909
305,115210,4.0,1460222142
305,115569,3.5,1460135995
305,115713,5.0,1460303337
305,116797,5.0,1460135955
305,117529,3.0,1460134878
305,117895,2.5,1460134934
305,118696,3.0,1460303780
305,119141,3.5,1460222374
305,120466,3.5,1460366614
305,120799,2.5,1460134932
305,122882,2.0,1460134157
305,122892,3.0,1460134192
305,122900,3.5,1460134469
305,122904,5.0,1460134128
305,122920,4.0,1518198433
305,128360,3.5,1460134165
305,132796,2.5,1460134956
305,133419,3.5,1460134914
305,134130,3.0,1460134123
305,134853,2.0,1460134155
305,135861,4.0,1460134943
305,136020,3.0,1460134883
305,136864,2.0,1520444419
305,139385,3.0,1460134160
305,139644,3.5,1460223585
305,140110,4.0,1460134184
305,142448,3.0,1460134242
305,143385,4.0,1518768278
305,148626,3.0,1511719886
305,160565,4.5,1494085428
305,160954,3.0,1534716084
306,2762,3.0,1518380629
306,4306,3.0,1518380248
306,4886,3.0,1518380206
306,4963,3.0,1518380999
306,5218,3.5,1518380761
306,5618,3.5,1518380283
306,6377,4.0,1518380209
306,7293,3.5,1518380959
306,8961,3.5,1518380212
306,45720,4.0,1518380159
306,50872,3.5,1518380225
306,60069,5.0,1518326983
306,68954,4.0,1518380199
306,69644,3.0,1518381229
306,71535,2.5,1518380938
306,72737,2.0,1518380584
306,72998,3.5,1518380961
306,76093,3.0,1518380221
306,80463,2.0,1518380427
306,81847,4.0,1518380154
306,85788,2.5,1518327296
306,87869,4.0,1518380305
306,95543,3.0,1518381075
306,97225,3.5,1518380455
306,97913,4.0,1518380548
306,98243,3.0,1518380598
306,103335,3.5,1518380521
306,103688,4.0,1518327372
306,104211,4.0,1518380152
306,104908,3.0,1518327312
306,105731,2.0,1518327196
306,106696,4.0,1518380586
306,109487,3.0,1518380445
306,111659,3.5,1518380945
306,112852,3.0,1518380204
306,115617,4.0,1518380216
306,117590,4.0,1518380448
306,119141,3.0,1518380725
306,121231,3.0,1518380574
306,122904,3.0,1518381003
306,130520,3.0,1518380804
306,133419,4.0,1518380314
306,134853,4.0,1518380200
306,136016,4.5,1518381248
306,140110,3.0,1518380163
306,142997,3.5,1518380518
306,152077,2.5,1518380603
306,158528,2.5,1518380909
306,158813,3.0,1518380883
306,159858,4.0,1518327380
306,160080,4.0,1518380293
307,1,4.0,1186160893
307,10,2.5,1186161010
307,47,4.0,1186160966
307,50,4.5,1186160949
307,70,3.5,1186161936
307,110,3.5,1186087165
307,111,3.5,1186161426
307,150,2.0,1186411488
307,153,2.0,1186411478
307,165,2.5,1186160959
307,253,3.5,1186161035
307,260,3.5,1186160883
307,296,4.5,1186088034
307,318,4.5,1186088053
307,356,4.0,1186088040
307,364,3.0,1186160981
307,367,1.5,1186160996
307,377,1.0,1186160946
307,457,3.0,1186160880
307,527,4.5,1186160910
307,541,3.5,1189455304
307,588,4.0,1186084593
307,589,2.5,1186160891
307,594,2.5,1186161562
307,648,2.0,1186160954
307,733,3.0,1189456315
307,778,3.0,1186161528
307,780,2.0,1186411440
307,858,4.5,1186160985
307,919,5.0,1186161447
307,924,3.5,1186084299
307,1028,4.0,1186161879
307,1036,3.0,1189456334
307,1089,4.0,1186161465
307,1097,3.0,1186161008
307,1101,0.5,1186161510
307,1136,3.5,1186161067
307,1193,3.5,1186161061
307,1196,3.0,1186411459
307,1198,4.0,1226946657
307,1201,4.0,1200150685
307,1213,4.0,1186161459
307,1214,2.0,1227538416
307,1219,3.0,1186161602
307,1221,4.5,1186161428
307,1240,2.5,1186161032
307,1246,3.5,1186161590
307,1258,3.5,1186161547
307,1259,3.5,1186161507
307,1265,3.0,1186161049
307,1270,4.0,1186085735
307,1291,3.5,1186161065
307,1380,2.5,1186161678
307,1387,3.0,1186161485
307,1562,2.5,1186085940
307,1580,2.0,1186161017
307,1584,2.0,1186161492
307,1682,4.0,1186161568
307,1721,2.0,1186161016
307,1732,4.0,1186086490
307,1917,2.5,1186085264
307,1923,3.0,1186161435
307,1961,3.0,1186161420
307,2023,3.5,1186162169
307,2115,3.0,1186161597
307,2161,2.5,1186162276
307,2174,4.0,1186086140
307,2288,4.0,1216922556
307,2329,5.0,1186084864
307,2571,3.5,1189455492
307,2572,0.5,1186084248
307,2628,4.0,1227538389
307,2640,3.0,1186161663
307,2706,2.5,1186084895
307,2762,2.5,1186161005
307,2858,4.0,1186084840
307,2959,4.0,1186161397
307,3114,3.0,1186161488
307,3147,4.0,1242825840
307,3578,3.5,1186161400
307,3623,2.0,1189456275
307,4011,3.5,1186162119
307,4226,4.0,1211305247
307,4262,4.0,1186162777
307,4306,2.5,1186161417
307,4308,3.5,1186162213
307,4643,3.0,1186162583
307,4776,4.0,1186173961
307,4878,5.0,1187192147
307,4886,3.0,1186161623
307,4896,3.0,1186161948
307,4993,3.0,1186161407
307,4995,3.0,1186086093
307,5218,2.5,1186162434
307,5266,2.0,1186163280
307,5349,4.0,1242822663
307,5418,3.5,1186087037
307,5445,3.0,1186161600
307,5459,1.5,1186162565
307,5464,2.5,1186162788
307,5618,4.0,1186162769
307,5816,3.0,1186162204
307,5952,3.0,1186161442
307,5989,3.5,1186087717
307,6373,3.0,1186087346
307,6377,3.0,1186161783
307,6378,2.5,1186162794
307,6539,3.0,1186161691
307,6874,3.5,1186161944
307,7153,3.0,1186174295
307,7254,3.5,1186087440
307,7361,5.0,1186162117
307,7438,3.5,1186162150
307,8368,3.0,1186162492
307,8644,3.0,1189457332
307,8665,3.0,1189456224
307,8874,5.0,1189457156
307,8961,3.0,1186162113
307,30793,2.5,1186087795
307,32587,4.5,1186162575
307,33004,3.5,1189457438
307,33794,4.0,1242822641
307,40815,3.5,1189455996
307,41566,3.0,1200844592
307,44191,4.0,1189455956
307,45722,3.5,1189455974
307,47099,4.0,1187383427
307,48394,3.0,1187191571
307,48516,4.5,1189457103
307,49272,3.5,1186087676
307,49530,4.5,1211305241
307,51540,3.0,1186257550
307,51662,3.5,1186084162
307,52722,3.5,1196131101
307,53125,3.5,1198680610
307,54259,4.0,1187878996
307,54997,4.5,1200150304
307,55820,4.5,1205343192
307,56174,3.5,1207701896
307,58559,4.5,1218117699
307,58998,4.0,1224508372
307,59315,5.0,1242822582
307,59615,3.5,1226946650
307,60069,5.0,1229117973
307,66097,4.5,1242822491
307,68954,5.0,1243884778
307,69122,5.0,1244476616
308,48,4.0,1421374475
308,50,2.5,1421373873
308,110,1.0,1421373815
308,253,0.5,1421374364
308,260,2.5,1421373674
308,318,1.0,1421373686
308,356,2.5,1421373783
308,364,3.0,1421375666
308,457,3.0,1421373804
308,527,1.0,1421373691
308,589,1.0,1421373786
308,858,1.5,1421373875
308,1028,4.0,1421375725
308,1036,1.0,1421373792
308,1089,1.0,1421374372
308,1136,4.0,1421373927
308,1196,2.5,1421373683
308,1198,1.0,1421373683
308,1200,1.0,1421373802
308,1203,0.5,1421373899
308,1221,1.0,1421374691
308,1246,5.0,1421375417
308,1291,0.5,1421373765
308,2028,0.5,1421373779
308,2571,3.0,1421374235
308,2762,0.5,1421373773
308,2953,3.0,1421374608
308,2959,0.5,1421374757
308,3578,1.0,1421373818
308,4226,1.0,1421374252
308,4886,4.0,1421375044
308,4963,1.0,1421375732
308,4993,3.5,1421373882
308,5444,3.5,1421375233
308,5618,4.0,1421373910
308,5816,5.0,1421375075
308,5952,4.0,1421373893
308,6377,4.0,1421375046
308,6539,3.5,1421375042
308,6934,3.0,1421375084
308,7153,3.5,1421373696
308,8368,5.0,1421375078
308,8961,4.0,1421375055
308,33615,1.0,1421375259
308,40815,5.0,1421375105
308,41566,4.0,1421375202
308,45517,2.0,1421375244
308,45722,3.0,1421375107
308,50872,4.0,1421375139
308,54001,5.0,1421375221
308,56174,1.0,1421374158
308,58559,4.0,1421373894
308,60069,4.0,1421374722
308,63082,1.0,1421374815
308,68358,4.0,1421375185
308,68954,3.5,1421375137
308,72998,4.0,1421375111
308,76093,4.5,1421373822
308,79132,1.0,1421373818
308,89745,4.5,1421373790
308,91500,3.0,1421375265
308,91529,3.0,1421375245
309,50,4.5,1126451972
309,296,3.5,1166068318
309,318,4.0,1126451992
309,527,4.0,1126451171
309,919,4.5,1126452070
309,1089,4.0,1166068331
309,1198,4.0,1166068294
309,1201,4.5,1086563449
309,1203,5.0,1086565028
309,1213,2.5,1166068343
309,1219,3.5,1166068970
309,1265,4.5,1126452401
309,1387,4.0,1126148656
309,1682,4.0,1166067368
309,2028,4.5,1126452287
309,2571,4.0,1126453981
309,2762,3.5,1126452186
309,3471,3.0,1086563208
309,4886,4.0,1126452348
309,4993,4.5,1126452267
309,5952,4.0,1126452219
309,6365,2.5,1166068218
309,6934,2.0,1166068245
309,7143,4.0,1088521659
309,7153,4.5,1126452145
309,30707,4.0,1110393933
309,48780,3.5,1165466267
310,733,4.0,1078649543
310,1101,0.5,1078648204
310,1198,4.0,1078648289
310,2355,3.5,1078647786
310,4306,3.5,1078649897
310,4963,4.0,1078649529
310,4995,4.0,1078649098
311,589,3.0,1057854702
311,1208,2.5,1057854233
311,1258,4.0,1057854306
311,2174,0.5,1057854279
311,2355,3.0,1057854728
311,2706,0.5,1057854230
311,6365,3.5,1057854427
312,110,4.0,1043177124
312,111,5.0,1043177445
312,253,4.0,1043176220
312,260,5.0,1043175564
312,356,4.0,1043177268
312,457,4.0,1043177537
312,527,5.0,1043177067
312,541,5.0,1043176594
312,589,4.0,1043177724
312,780,2.0,1043176953
312,924,5.0,1043176553
312,1036,3.0,1043177517
312,1089,4.0,1043177537
312,1090,4.0,1043177095
312,1097,5.0,1043176620
312,1196,5.0,1043175598
312,1200,4.0,1043176581
312,1208,5.0,1043177067
312,1214,4.0,1043175952
312,1219,5.0,1043175952
312,1240,4.0,1043176581
312,1387,5.0,1043175952
312,1584,4.0,1043176773
312,2028,4.0,1043177095
312,2288,4.0,1043176038
312,2571,3.0,1043176620
312,2628,3.0,1043176981
312,2640,4.0,1043176663
312,2762,4.0,1043177537
312,3147,4.0,1043177495
312,3471,5.0,1043176581
312,3527,3.0,1043176773
312,4643,3.0,1043176998
312,4878,4.0,1043176581
312,5254,3.0,1043176312
312,5349,3.0,1043175658
312,5445,4.0,1043175837
312,5816,3.0,1043177872
312,5872,2.0,1043177906
312,5952,5.0,1043177848
312,5989,4.0,1043177872
313,10,4.0,1030556439
313,47,5.0,1030476272
313,50,5.0,1030476169
313,70,4.0,1030475884
313,165,3.0,1030556549
313,253,4.0,1030475717
313,260,3.0,1030474666
313,296,5.0,1030476374
313,318,3.0,1030557159
313,367,2.0,1030558015
313,377,2.0,1030476323
313,457,2.0,1030557078
313,541,5.0,1030474666
313,589,5.0,1030474705
313,648,1.0,1030556440
313,733,2.0,1030476323
313,780,3.0,1030474952
313,858,5.0,1030476347
313,919,3.0,1030476460
313,920,2.0,1030555777
313,924,3.0,1030474705
313,1036,4.0,1030476228
313,1089,5.0,1030476169
313,1097,2.0,1030474705
313,1136,2.0,1030557292
313,1196,4.0,1030474666
313,1198,5.0,1030474598
313,1200,5.0,1030474684
313,1208,4.0,1030557148
313,1213,5.0,1030476374
313,1214,4.0,1030474666
313,1219,3.0,1030475592
313,1221,4.0,1030474533
313,1240,5.0,1030474666
313,1258,5.0,1030475620
313,1265,4.0,1030555541
313,1270,2.0,1030474684
313,1291,4.0,1030476460
313,1377,4.0,1030556499
313,1387,3.0,1030475592
313,1580,4.0,1030474810
313,1625,5.0,1030476219
313,1653,4.0,1030474705
313,1676,4.0,1030475036
313,1732,4.0,1030557557
313,1923,5.0,1030557540
313,1954,2.0,1030556220
313,2023,3.0,1030556316
313,2028,5.0,1030556154
313,2115,2.0,1030476573
313,2161,2.0,1030475440
313,2174,2.0,1030475426
313,2571,5.0,1030474684
313,2628,2.0,1030475266
313,2640,3.0,1030474810
313,2761,3.0,1030476140
313,2762,4.0,1030476180
313,2858,4.0,1030557320
313,2947,4.0,1030556143
313,2949,4.0,1030556197
313,2959,5.0,1030557189
313,3114,3.0,1030476128
313,3471,1.0,1030474666
313,3527,5.0,1030474825
313,3578,5.0,1030556236
313,4226,4.0,1030556047
313,4643,3.0,1030475022
313,4993,5.0,1030475342
313,5254,5.0,1030475942
313,5349,4.0,1030474727
314,1,3.0,834398280
314,10,3.0,834241870
314,47,1.0,834398302
314,50,4.0,847175449
314,110,4.0,834241459
314,150,4.0,834241286
314,153,2.0,834241349
314,165,2.0,834241349
314,260,5.0,852051195
314,296,1.0,834241286
314,318,5.0,834398253
314,356,4.0,834241426
314,364,4.0,834241610
314,367,3.0,834241908
314,377,3.0,834241459
314,457,3.0,834398302
314,527,5.0,834398802
314,588,3.0,834241349
314,589,5.0,834241492
314,594,3.0,834398772
314,648,3.0,834241586
314,733,4.0,834957413
314,780,3.0,836643313
314,924,5.0,845285383
314,1265,4.0,847175321
315,924,3.0,939919421
315,1028,3.0,939919700
315,1201,3.0,939922322
316,48,1.5,1111493120
316,253,3.5,1111493480
316,367,2.5,1111493476
316,1676,2.5,1111493445
316,2571,4.5,1111493430
316,2572,3.0,1111493683
316,2858,4.0,1111493424
316,3623,1.5,1111493187
316,5445,3.5,1111493378
316,5952,3.0,1111493156
316,6874,4.0,1111493525
316,7361,4.0,1111493508
316,7438,3.5,1111493500
317,47,5.0,1430361508
317,50,5.0,1430361374
317,110,5.0,1430364906
317,111,5.0,1430597309
317,150,3.0,1430366041
317,260,4.0,1430361444
317,296,5.0,1430361439
317,318,4.0,1430361381
317,356,5.0,1430364891
317,457,3.0,1430366030
317,589,4.0,1430366011
317,778,5.0,1430361510
317,858,5.0,1430361419
317,1089,5.0,1430361494
317,1193,3.0,1430361425
317,1200,4.0,1430512249
317,1208,5.0,1430366145
317,1213,4.0,1430361421
317,1219,5.0,1430366136
317,1258,5.0,1430517217
317,1387,3.0,1430512250
317,1732,3.0,1430517257
317,1961,2.0,1430366381
317,2028,5.0,1430361527
317,2329,5.0,1430361448
317,2571,4.0,1430361436
317,2762,2.0,1430517173
317,2858,5.0,1430361447
317,2959,5.0,1430361437
317,3147,4.0,1430364907
317,3578,3.0,1430517172
317,4011,4.0,1430361490
317,4022,4.0,1430364911
317,4262,5.0,1430512248
317,4306,4.0,1430366040
317,4776,4.0,1430512260
317,4973,5.0,1430512213
317,5418,3.0,1430598370
317,5989,5.0,1430364915
317,5995,2.0,1430517231
317,6874,5.0,1430361523
317,7361,4.0,1430361476
317,7438,3.0,1430361491
317,8665,4.0,1430364889
317,8961,2.0,1430366047
317,27773,5.0,1430517290
317,30707,5.0,1430517275
317,32587,3.0,1430366378
317,48516,5.0,1430361522
317,51540,4.0,1430512130
317,55820,5.0,1430511554
317,58559,4.0,1430361526
317,58998,4.0,1430512133
317,59315,3.0,1430597315
317,63082,4.0,1430517352
317,64614,3.0,1430597324
317,68157,5.0,1430366460
317,68358,3.0,1430597321
317,69122,2.0,1430597319
317,70286,2.0,1430512222
317,74458,4.0,1430511551
317,74789,2.0,1430513005
317,77561,3.0,1430512999
317,79132,4.0,1430361450
317,79293,3.0,1430513613
317,80463,4.0,1430512992
317,81591,4.0,1430512211
317,82459,4.0,1430512201
317,88129,4.0,1430513016
317,91529,4.0,1430512993
317,91535,3.0,1430600296
317,91630,4.0,1430513478
317,93840,3.0,1430513487
317,94864,4.0,1430513473
317,96811,3.0,1430514479
317,97304,2.0,1430514474
317,104841,5.0,1430513015
317,104879,5.0,1430513659
317,105504,4.0,1430517359
317,109487,3.0,1430365193
317,112171,2.0,1430597364
317,112556,3.0,1430365296
317,114662,2.0,1430365065
317,115569,3.0,1430365198
317,116797,2.0,1430365125
318,47,4.0,1433139531
318,48,3.5,1275844835
318,153,3.0,1275475349
318,165,3.5,1256504427
318,260,3.0,1237233430
318,296,4.5,1267471863
318,318,4.0,1443879880
318,356,4.5,1233958466
318,364,4.5,1272912559
318,377,3.5,1270751787
318,527,4.0,1254132935
318,541,3.5,1413655710
318,594,3.5,1256504618
318,648,3.0,1282588674
318,778,4.0,1333827950
318,780,4.0,1238514366
318,924,3.5,1312876245
318,1036,4.0,1261342311
318,1089,4.0,1424546872
318,1090,4.0,1292760177
318,1097,3.5,1240164134
318,1136,3.5,1262804347
318,1193,4.0,1424546885
318,1196,3.0,1254132819
318,1203,4.0,1286611622
318,1208,4.0,1265573914
318,1246,3.5,1256504526
318,1265,4.0,1312876495
318,1270,2.5,1270752519
318,1370,3.5,1261343396
318,1377,3.5,1342597397
318,1380,3.5,1262805015
318,1527,4.0,1261342558
318,1580,4.0,1254132836
318,1584,4.5,1413627493
318,1625,3.5,1433139439
318,1653,4.0,1256504351
318,1682,4.5,1286611927
318,1732,4.0,1240164117
318,1907,3.5,1275845120
318,1917,3.5,1254132954
318,1961,3.5,1256504344
318,2028,3.5,1312876309
318,2161,4.0,1266782680
318,2355,3.5,1265573279
318,2571,3.5,1235479423
318,2628,3.0,1237233292
318,2761,3.5,1342627045
318,2858,3.5,1254132829
318,3000,4.0,1453420406
318,3114,3.0,1256504393
318,3147,4.0,1265662180
318,3717,3.0,1262805909
318,4011,4.0,1256504311
318,4226,4.0,1347180239
318,4306,3.5,1256504262
318,4308,3.5,1256504467
318,4643,3.5,1256504737
318,4776,4.0,1271003459
318,4878,3.0,1413627499
318,4886,3.5,1254132894
318,4896,3.0,1237233413
318,4973,4.0,1235502945
318,4993,4.0,1278433613
318,4995,3.5,1254132845
318,5218,3.5,1256504416
318,5459,4.0,1261343217
318,5618,4.5,1424546834
318,5816,3.0,1256504203
318,5952,3.5,1278433377
318,5989,4.0,1254132905
318,6365,3.5,1237233416
318,6373,3.0,1256504711
318,6378,3.5,1238514673
318,6539,3.5,1237233388
318,6874,3.0,1261342621
318,6934,3.5,1235500818
318,7143,3.5,1262804345
318,7153,3.5,1292695608
318,7361,4.5,1272912522
318,7458,3.5,1262805912
318,8368,3.0,1256504212
318,8529,3.5,1342627571
318,8644,3.0,1256504651
318,8984,3.5,1262806259
318,27773,3.5,1293980280
318,30793,4.0,1235479614
318,32587,2.5,1419695104
318,33004,4.0,1271003462
318,33615,3.0,1267712383
318,33794,4.0,1319980324
318,34048,3.5,1261343285
318,40815,3.0,1256504289
318,41566,3.0,1262804474
318,41569,3.5,1256504480
318,44191,3.5,1261342617
318,45722,3.0,1256504280
318,47200,3.0,1426361443
318,48394,3.5,1422524550
318,49530,3.5,1256504587
318,51540,4.0,1347014123
318,51662,3.5,1256504090
318,53972,3.5,1413054690
318,54001,3.0,1256504571
318,55820,4.0,1424546867
318,56174,4.0,1256504508
318,58559,4.0,1347180308
318,58998,3.0,1325866776
318,59315,3.5,1263848518
318,59784,3.5,1340989523
318,60040,3.0,1426106390
318,60069,4.5,1265662191
318,60074,3.0,1262806242
318,60684,5.0,1321188642
318,63082,3.5,1256504199
318,63113,3.0,1256504611
318,64614,4.0,1238877929
318,64957,3.5,1424546870
318,68157,4.0,1413723097
318,68358,3.5,1413628660
318,68554,3.0,1437381768
318,68954,4.0,1424546827
318,69122,3.5,1265573864
318,69644,4.0,1325868887
318,69844,3.5,1292075177
318,70286,3.0,1261340410
318,71057,4.0,1413655621
318,71535,4.0,1278488248
318,71838,4.0,1347180246
318,72998,3.5,1315384680
318,73017,3.5,1267471917
318,74458,4.5,1270751677
318,74789,3.0,1282237624
318,76093,4.0,1333821979
318,77561,3.0,1426106393
318,78105,2.5,1434395066
318,79091,3.5,1413722606
318,79132,4.0,1424546945
318,79695,3.0,1325441990
318,81564,4.0,1325867483
318,81845,4.0,1296306680
318,82459,5.0,1300485319
318,82461,3.5,1324062199
318,85414,4.5,1427879024
318,86880,3.5,1325442110
318,87222,4.0,1325442015
318,88129,3.5,1413054514
318,88140,3.5,1424546905
318,89745,3.5,1346357509
318,90746,4.0,1325438881
318,91500,3.5,1413655763
318,91529,3.0,1417279777
318,91535,3.0,1417279895
318,91542,3.5,1424797386
318,91976,4.0,1340476265
318,93510,4.0,1417279806
318,94777,3.5,1361571823
318,94864,4.0,1355525120
318,95510,3.0,1417279791
318,97225,3.5,1413723648
318,97304,4.0,1413722692
318,97752,4.0,1413655591
318,97938,4.0,1413116821
318,98809,4.0,1415648242
318,99114,5.0,1361571697
318,101362,2.5,1417280486
318,102125,3.0,1483185781
318,102407,3.0,1417278660
318,102445,3.5,1413723362
318,103249,3.5,1417279833
318,103341,4.5,1424546837
318,103384,3.5,1417280466
318,106487,4.0,1413570241
318,106489,3.5,1414693747
318,106920,3.0,1434737415
318,109374,4.0,1445022540
318,109487,5.0,1421224696
318,110102,3.5,1417279828
318,110730,2.5,1414693824
318,111360,3.0,1526806668
318,113348,3.5,1417278624
318,114847,3.0,1435398156
318,115569,4.0,1428491527
318,116797,3.5,1426783823
318,116823,2.5,1432382523
318,118696,3.0,1426361689
318,122882,3.0,1438361831
318,128360,3.0,1456621336
318,134853,4.5,1459035862
318,138036,3.0,1453137056
318,148626,4.5,1451562440
319,110,4.5,1461351712
319,318,4.5,1461351698
319,356,4.0,1461352079
319,364,5.0,1461351771
319,527,5.0,1461351622
319,588,5.0,1461351928
319,858,5.0,1461351651
319,1221,5.0,1461351725
319,1907,4.0,1461351974
319,2571,5.0,1461351631
319,2959,4.0,1461351986
319,6377,3.5,1461351992
319,7293,4.0,1461351487
319,58559,5.0,1461351543
319,60069,5.0,1461351659
319,69844,4.5,1461351746
319,79132,5.0,1461352130
319,81845,4.0,1461351719
319,106696,4.5,1461351802
319,106920,4.0,1461351823
319,109487,5.0,1461351651
319,111759,3.5,1461352122
319,112552,5.0,1461352150
319,115617,4.5,1461351785
319,122904,3.5,1461352191
319,136864,4.5,1461454241
319,137857,3.5,1461454255
319,139385,4.5,1461352186
320,3578,3.5,1284251646
320,59315,4.0,1284251637
320,68358,4.0,1284251642
320,71535,4.0,1284250863
320,72998,4.0,1284251670
321,150,4.0,843212359
321,153,5.0,843212390
321,165,3.0,843212390
321,253,3.0,843212458
321,356,5.0,843212439
321,364,4.0,843212493
321,367,4.0,843212493
321,377,3.0,843212509
321,457,3.0,843212424
321,588,3.0,843212390
321,589,3.0,843212493
321,648,3.0,843212719
321,780,4.0,843212595
322,1,3.5,1217676206
322,10,4.0,1217676313
322,47,4.0,1217676246
322,50,4.0,1217675827
322,110,3.5,1217676197
322,150,4.0,1217677389
322,296,5.0,1217676115
322,318,4.0,1217675823
322,356,3.5,1217676119
322,778,3.5,1217676543
322,780,3.0,1217676212
322,858,1.5,1217675809
322,1136,5.0,1217676351
322,1193,2.5,1217676359
322,1203,4.0,1217677750
322,1221,1.0,1217676453
322,1258,2.5,1217676562
322,1265,4.0,1217676332
322,1580,3.5,1217676294
322,1625,5.0,1217676817
322,1682,3.5,1217676568
322,1721,1.0,1217676306
322,1923,4.0,1217676463
322,2571,4.0,1217677103
322,2706,3.5,1217676494
322,2762,4.0,1217676269
322,2858,4.5,1217676241
322,2959,4.0,1217676354
322,3578,4.0,1217676389
322,4011,1.0,1217677203
322,4022,3.5,1217676691
322,4226,3.5,1217676500
322,4306,2.0,1217676405
322,4973,4.5,1217676707
322,4993,3.5,1217676368
322,5618,3.0,1217677087
322,6874,4.0,1217676816
322,7361,4.0,1217676898
322,44191,3.0,1217677352
322,51540,3.5,1217675316
322,58559,3.5,1217675948
322,60040,0.5,1217677125
323,1,3.5,1422640363
323,48,3.5,1422640448
323,50,4.5,1422640061
323,110,2.0,1422640359
323,150,3.5,1422640367
323,153,2.0,1422640395
323,253,4.0,1422640246
323,260,4.5,1422640069
323,296,4.0,1422640352
323,318,5.0,1422640055
323,356,3.5,1422640354
323,364,4.0,1422640389
323,367,3.0,1422640406
323,377,2.5,1422640386
323,457,3.5,1422640371
323,527,4.5,1422640057
323,588,4.0,1422640382
323,1196,4.5,1422640078
323,1198,2.5,1422640063
323,1377,2.0,1422640474
323,2571,3.0,1422640071
323,7153,2.5,1422640081
323,108190,2.5,1422640930
323,109374,2.0,1422640790
323,109487,3.5,1422640788
323,110102,1.5,1422640834
323,110730,1.5,1422640875
323,111659,4.0,1422640926
323,112183,4.5,1422640803
323,112556,3.0,1422640800
323,112623,1.5,1422640853
323,112852,4.0,1422640819
323,115569,4.0,1422640825
323,115617,3.5,1422640828
323,116797,4.5,1422640799
323,117176,4.0,1422640837
324,858,4.0,974906492
325,111,5.0,1039395609
325,296,5.0,1039395929
325,318,5.0,1039397072
325,356,2.0,1039395407
325,541,5.0,1039398946
325,858,5.0,1039395381
325,919,4.0,1039397978
325,924,5.0,1039397092
325,1028,4.0,1039397019
325,1036,4.0,1039396958
325,1090,5.0,1039399280
325,1196,4.0,1039398154
325,1219,5.0,1039397876
325,1270,4.0,1039396830
325,1370,2.0,1039399069
325,1380,3.0,1039396060
325,1387,5.0,1039398049
325,1527,3.0,1039397184
325,1584,4.0,1039395952
325,1625,4.0,1039397243
325,1653,4.0,1039395597
325,1676,4.0,1039399222
325,1682,3.0,1039396426
325,1721,4.0,1039397919
325,1732,5.0,1039398154
325,2023,3.0,1039396077
325,2355,3.0,1039395929
325,2572,3.0,1039398213
325,2628,2.0,1039397724
325,2762,4.0,1039397184
325,3147,3.0,1039397045
325,3623,3.0,1039397746
325,4226,4.0,1039399325
325,4643,2.0,1039395975
325,4963,3.0,1039399105
325,4993,5.0,1039396998
325,5266,4.0,1039395799
325,5349,4.0,1039397313
325,5418,4.0,1039396688
325,5444,4.0,1039396830
325,5445,4.0,1039396830
326,47,4.0,1419880411
326,50,2.0,1322867550
326,110,5.0,1322251233
326,165,4.0,1419880408
326,296,4.0,1322867713
326,318,4.5,1322252321
326,356,5.0,1322251219
326,527,4.5,1322867716
326,648,3.0,1419880402
326,1193,4.5,1322867698
326,1246,4.5,1463936855
326,2028,3.5,1324235748
326,2329,4.5,1322252131
326,2571,3.5,1419880534
326,2858,3.5,1322867721
326,2959,4.0,1322252427
326,3147,4.5,1437419286
326,3578,5.0,1436898450
326,4226,3.5,1322867669
326,4973,4.0,1436898118
326,4993,4.0,1419880560
326,4995,4.5,1324921736
326,5418,5.0,1436898536
326,5952,4.0,1436898129
326,5995,5.0,1322867613
326,6874,5.0,1436898521
326,7153,4.0,1324235762
326,7361,4.5,1436898131
326,8665,5.0,1463936893
326,30707,3.5,1419881552
326,32587,2.0,1436898665
326,48516,5.0,1322251825
326,49530,5.0,1322251786
326,55820,4.5,1436898421
326,59369,1.5,1332270961
326,63082,4.5,1419882290
326,64614,3.5,1419881564
326,68157,4.0,1322252445
326,74458,4.5,1436898519
326,79132,4.5,1322252432
326,81562,4.5,1419881091
326,81845,3.5,1322867708
326,86880,3.5,1443981968
326,88129,4.0,1325708273
326,99114,4.5,1419880681
326,105504,4.5,1419880989
326,105844,4.5,1419881601
326,109374,3.0,1419880813
326,109487,3.0,1442344399
326,116797,4.5,1437419070
326,117466,4.5,1463936555
326,134130,4.0,1463936029
326,139385,5.0,1463936078
326,142448,4.0,1463936449
326,146656,3.5,1463936216
327,50,4.5,1234788095
327,150,4.5,1234788741
327,318,4.5,1234788100
327,356,5.0,1234788851
327,858,3.5,1234788107
327,1193,4.0,1234788126
327,1213,4.5,1234788813
327,1221,4.0,1234788153
327,1923,5.0,1234789706
327,2329,4.5,1234787643
327,2706,5.0,1234789393
327,4226,4.5,1234788770
327,48516,4.5,1234788810
327,58559,3.5,1234788767
328,1,5.0,1494210665
328,47,4.5,1494211964
328,50,4.0,1494206971
328,110,1.0,1494207220
328,111,2.0,1494210396
328,150,3.0,1494211119
328,260,5.0,1494206980
328,296,5.0,1494211888
328,318,5.0,1494206963
328,356,3.0,1494207226
328,364,1.5,1494211013
328,457,2.5,1494211334
328,527,5.0,1494207073
328,588,3.5,1494212258
328,589,1.0,1494211122
328,594,4.0,1494210570
328,858,5.0,1494206973
328,919,3.0,1494210670
328,924,4.0,1494210622
328,1028,5.0,1494210524
328,1036,1.0,1494210894
328,1089,5.0,1494211893
328,1097,5.0,1494207117
328,1136,5.0,1494207080
328,1193,5.0,1494207087
328,1196,5.0,1494206982
328,1198,5.0,1494210760
328,1200,4.0,1494211035
328,1201,2.5,1494210392
328,1203,5.0,1494210997
328,1208,4.0,1494210389
328,1213,4.5,1494210611
328,1219,5.0,1494210797
328,1221,5.0,1494207076
328,1258,4.0,1494210672
328,1259,3.0,1494210522
328,1265,3.0,1494211068
328,1270,4.0,1494210806
328,1291,4.0,1494212060
328,1380,0.5,1494211348
328,1387,5.0,1494212086
328,1682,3.5,1494211071
328,1732,3.5,1494211891
328,1907,3.0,1494210756
328,1961,2.0,1494211180
328,2028,2.5,1494210795
328,2115,4.0,1494210456
328,2161,3.0,1494212026
328,2174,5.0,1494211405
328,2329,3.0,1494210546
328,2355,3.5,1494210565
328,2571,2.0,1494206984
328,2640,5.0,1494210676
328,2761,5.0,1494210619
328,2762,2.0,1494212128
328,2947,3.5,1494211000
328,2959,5.0,1494206967
328,3114,4.5,1494210386
328,3471,3.5,1494211915
328,4011,4.0,1494210542
328,4016,2.5,1494211172
328,4306,4.5,1494211004
328,4878,1.0,1494210426
328,4896,4.0,1494212134
328,4963,3.0,1494211356
328,4973,4.5,1494211933
328,4995,0.5,1494211137
328,5218,2.0,1494211287
328,5349,4.0,1494211426
328,5418,4.0,1494211365
328,5444,3.0,1494211154
328,5816,4.0,1494211002
328,5952,4.0,1494212029
328,5989,3.5,1494211157
328,6378,3.0,1494211066
328,6539,3.5,1494212242
328,7153,4.0,1494210936
328,7293,2.5,1494211573
328,7438,5.0,1494211182
328,8368,4.0,1494210783
328,8665,3.5,1494211326
328,8961,5.0,1494212108
328,33004,3.0,1494212182
328,33794,1.0,1494211268
328,44191,2.0,1494211279
328,45517,2.5,1494211621
328,45722,3.5,1494211735
328,48516,3.5,1494211017
328,49272,4.0,1494211102
328,49530,2.0,1494211619
328,55820,4.5,1494211962
328,58559,2.0,1494206977
328,59315,3.0,1494207008
328,59369,3.0,1494211423
328,59784,2.5,1494211339
328,60069,3.5,1494207002
328,63082,3.0,1494207171
328,68157,4.5,1494207017
328,68358,4.0,1494207178
328,68954,4.5,1494207010
328,69122,1.0,1494207180
328,69844,4.0,1494212121
328,70286,3.0,1494207173
328,72998,3.5,1494207014
328,73017,3.0,1494207191
328,78499,5.0,1494207189
328,79091,2.5,1494211743
328,79132,1.5,1494207000
328,80463,1.0,1494211681
328,81845,3.0,1494207185
328,81847,2.0,1494211368
328,82459,1.0,1494211021
328,91529,1.0,1494211628
328,91535,2.0,1494211319
328,94864,2.0,1494211332
328,96079,3.5,1494211434
328,97921,0.5,1494211737
328,98809,3.0,1494211674
328,99114,3.0,1494211411
328,102903,0.5,1494211403
328,105844,3.0,1494211523
328,106487,2.5,1494211297
328,109374,3.0,1494210914
328,111759,4.0,1494211533
328,111781,3.5,1494211634
328,112175,3.0,1494211671
328,112852,1.0,1494211099
328,128360,3.0,1494212023
328,134130,3.5,1494211615
328,134853,3.0,1494210904
328,135569,3.5,1494211342
328,148626,4.0,1494212145
329,50,2.0,1523468332
329,318,2.0,1523468325
329,778,4.5,1523468384
329,858,2.0,1523468326
329,1136,0.5,1523468382
329,1193,4.0,1523468322
329,1201,2.0,1523468413
329,1219,2.0,1523468410
329,1258,5.0,1523468226
329,1732,0.5,1523468380
329,4262,0.5,1523468403
330,1,4.0,1285904910
330,47,3.0,1285904519
330,50,5.0,1285904637
330,110,3.5,1285904111
330,111,3.5,1285904588
330,150,3.0,1285904887
330,153,3.0,1285905011
330,253,4.5,1285905179
330,260,4.0,1285904564
330,296,4.0,1285904473
330,318,4.5,1285904529
330,356,5.0,1285904215
330,364,3.0,1285904992
330,367,1.0,1285905056
330,377,0.5,1285904976
330,457,2.5,1285904218
330,541,2.0,1285904101
330,588,3.0,1285904964
330,589,3.5,1285904902
330,594,3.0,1285905419
330,648,2.5,1285905003
330,778,4.0,1285905286
330,780,2.5,1285904918
330,858,4.0,1285904229
330,919,4.5,1285905261
330,924,1.5,1285905245
330,1028,4.0,1285905662
330,1089,2.5,1285904497
330,1097,4.0,1285905090
330,1136,4.5,1285904378
330,1193,4.0,1285904427
330,1196,5.0,1285904568
330,1198,3.5,1285904477
330,1200,4.0,1285904027
330,1208,2.5,1285904064
330,1213,3.5,1285904239
330,1214,4.0,1285904024
330,1219,3.5,1285903841
330,1240,2.5,1285905102
330,1246,4.5,1285905378
330,1258,4.0,1285903845
330,1259,5.0,1285904557
330,1265,4.5,1285905129
330,1270,4.0,1285904985
330,1291,3.5,1285905152
330,1380,3.5,1285905491
330,1387,4.0,1285905302
330,1527,4.0,1285905204
330,1580,4.0,1285905069
330,1584,2.5,1285905318
330,1676,4.0,1285905551
330,1682,3.5,1285905289
330,1721,3.5,1285905078
330,1732,5.0,1285905433
330,1917,3.0,1285905275
330,1923,5.0,1285905229
330,1954,3.0,1285905640
330,1961,4.0,1285905211
330,2028,3.5,1285904512
330,2174,4.5,1285905326
330,2329,4.0,1285904038
330,2571,3.5,1285904357
330,2628,3.0,1285905138
330,2706,2.0,1285905252
330,2762,4.0,1285904541
330,2858,4.5,1285904035
330,2959,4.0,1285904207
330,3147,4.0,1285904255
330,3471,4.0,1285905687
330,3578,4.0,1285905144
330,4011,4.5,1285904548
330,4022,5.0,1285905457
330,4226,5.0,1285904361
330,4262,3.5,1285904514
330,4306,4.5,1285905149
330,4878,4.5,1285904183
330,4886,5.0,1285905314
330,4896,4.5,1285905617
330,4963,3.5,1285905340
330,4993,3.5,1285904328
330,5349,3.0,1285905323
330,5418,2.0,1285905501
330,5445,3.5,1285905295
330,5952,4.0,1285904333
330,5989,4.0,1285905623
330,5995,3.5,1285904449
330,6365,3.5,1285905601
330,6377,4.5,1285905371
330,6874,5.0,1285905443
330,7153,4.0,1285904330
330,7361,3.5,1285905464
330,7438,5.0,1285905565
330,8874,5.0,1288837236
330,8961,4.5,1285905516
330,33794,3.0,1285905634
330,48516,4.5,1285904171
330,58559,5.0,1285904154
330,60069,5.0,1285904642
330,64614,4.0,1285904245
330,68157,5.0,1285904287
330,70286,4.0,1285904848
330,71535,5.0,1288837240
330,79132,5.0,1285904281
331,10,3.0,1537157573
331,50,5.0,1537157516
331,296,5.0,1537157527
331,318,5.0,1537157510
331,858,5.0,1537157513
331,1136,4.5,1537235348
331,1213,5.0,1537235351
331,1676,4.0,1537235373
331,2959,4.0,1537157521
331,3578,4.5,1537157651
331,3623,2.0,1537157793
331,3717,2.0,1537157988
331,4016,3.0,1537158237
331,4306,3.0,1537157656
331,4886,3.0,1537157681
331,4963,4.0,1537157705
331,4973,4.0,1537157678
331,4993,4.5,1537157644
331,4995,4.5,1537157695
331,5349,2.0,1537157712
331,5418,4.0,1537157723
331,5444,3.0,1537158418
331,5952,4.5,1537157649
331,6373,2.0,1537157873
331,6377,4.0,1537157684
331,6537,2.5,1537158014
331,6539,3.0,1537157677
331,6754,3.0,1537158446
331,6874,4.0,1537157690
331,7143,4.0,1537157858
331,7153,4.5,1537157647
331,7254,3.0,1537157862
331,7361,4.0,1537157692
331,7438,3.0,1537157743
331,7458,3.5,1537158076
331,8529,3.5,1537158112
331,8533,4.0,1537158222
331,8665,3.0,1537157790
331,8874,5.0,1537157814
331,8957,4.0,1537158195
331,8961,4.0,1537157717
331,30707,3.5,1537157895
331,30793,1.5,1537157979
331,33004,4.0,1537158116
331,33615,2.5,1537158449
331,33794,4.0,1537157714
331,34048,4.0,1537158068
331,45517,2.5,1537158265
331,48394,5.0,1537157803
331,49272,4.5,1537157787
331,49530,3.5,1537157984
331,50872,4.0,1537157820
331,53972,3.0,1537158440
331,54001,3.0,1537157944
331,54259,3.0,1537158451
331,54997,5.0,1537158433
331,55820,5.0,1537235354
331,56174,4.0,1537157938
331,58559,5.0,1537157658
331,59369,3.0,1537158039
331,63113,3.0,1537158426
331,64957,3.0,1537158088
331,68358,4.0,1537157855
331,73017,3.5,1537157908
331,74789,3.0,1537158444
331,78499,4.0,1537157914
331,79132,4.0,1537157662
331,88129,5.0,1537158250
331,88140,3.0,1537158256
331,91529,4.0,1537157827
331,94864,5.0,1537158375
331,96079,4.0,1537158105
331,97921,5.0,1537158216
331,99114,5.0,1537157805
331,102125,3.0,1537158281
331,106489,4.0,1537158296
331,106696,3.5,1537158456
331,106782,3.5,1537157929
331,106920,4.0,1537158157
331,109374,5.0,1537158021
331,112552,5.0,1537158085
331,112556,5.0,1537157990
331,112852,3.0,1537157881
331,115713,5.0,1537158030
331,116797,4.0,1537157867
331,122882,5.0,1537157973
331,122904,5.0,1537157961
331,134130,4.0,1537157864
332,1,4.0,1352672340
332,47,4.0,1352672211
332,50,4.0,1352671786
332,110,3.5,1352673472
332,111,4.0,1352671838
332,150,3.5,1352673605
332,296,4.0,1352671943
332,318,4.5,1352671754
332,356,4.5,1352671848
332,367,4.0,1352671591
332,377,3.5,1352671632
332,527,4.0,1352673580
332,541,5.0,1352672393
332,589,3.5,1352672321
332,780,2.0,1352671505
332,1089,4.0,1352672930
332,1097,3.5,1352672174
332,1196,4.5,1352672144
332,1200,4.0,1352673434
332,1203,4.0,1352671268
332,1208,4.0,1352671696
332,1213,4.0,1352672716
332,1214,4.5,1352672064
332,1240,4.0,1352671501
332,1258,3.5,1352672083
332,1265,5.0,1352672344
332,1270,4.0,1352672326
332,1291,4.0,1352672618
332,1380,3.5,1352674033
332,1527,2.5,1352673411
332,1584,4.0,1352673429
332,1625,3.5,1352671796
332,1653,2.0,1352671530
332,1676,2.0,1352672845
332,1682,4.5,1352672163
332,1732,4.0,1352672428
332,1923,4.0,1352673028
332,1961,4.0,1352672217
332,2028,4.0,1352672746
332,2174,3.0,1352673541
332,2329,3.5,1352672538
332,2571,5.0,1352671490
332,2762,4.5,1352671767
332,2858,4.5,1352671950
332,2959,4.5,1352671701
332,3471,4.0,1352673415
332,3527,4.0,1352671457
332,3578,3.5,1352673019
332,4011,4.0,1352671778
332,4022,3.5,1352672636
332,4226,5.0,1352672235
332,4262,3.5,1352672461
332,4306,4.5,1352671566
332,4308,5.0,1352672701
332,4963,3.5,1352673749
332,4973,4.0,1352672017
332,4993,4.0,1352672138
332,4995,4.0,1352671998
332,5218,4.0,1352674331
332,5445,3.5,1352672336
332,5952,4.0,1352672152
332,6365,3.0,1352672377
332,6539,4.5,1352671647
332,6874,4.0,1352672692
332,7143,3.5,1352674135
332,7153,4.0,1352672169
332,7361,3.5,1352671713
332,7438,3.5,1352672559
332,7458,3.0,1352673764
332,8874,4.0,1352671875
332,8961,3.5,1352671656
332,8984,3.0,1352673769
332,30793,3.5,1352672158
332,32587,3.5,1352672073
332,33004,2.0,1352671581
332,33794,4.0,1352672975
332,34048,2.5,1352673419
332,44191,3.0,1352672280
332,45722,3.5,1352673212
332,48394,4.0,1352672147
332,48780,3.5,1352671761
332,51540,3.5,1352672706
332,53125,4.0,1352673205
332,55820,4.0,1352672968
332,56174,3.0,1352673119
332,58559,4.0,1352672230
332,59315,3.5,1352673817
332,59784,4.0,1352674088
332,60040,2.5,1352673851
332,60074,3.5,1352673847
332,60684,4.0,1352672407
332,68157,3.5,1352672776
332,69122,4.0,1352671570
332,72998,4.0,1352672811
332,73017,4.0,1352674115
332,77561,4.0,1352671514
332,78499,4.0,1352673722
332,79091,4.0,1352672501
332,79132,4.0,1352671661
332,85131,2.0,1352673425
332,85414,4.0,1352672331
332,86332,3.5,1352673175
332,89745,2.5,1352673707
332,91500,3.5,1352672899
332,91974,3.5,1352674494
332,92938,2.0,1352671665
333,924,2.0,965671389
333,1193,5.0,965671389
333,3578,4.0,965671624
333,3623,2.0,965671715
333,3717,3.0,965671669
334,1,3.5,1225477466
334,10,3.5,1234629982
334,47,2.0,1234629901
334,260,4.0,1225478632
334,296,4.0,1225478742
334,318,3.5,1225480725
334,356,4.0,1225478059
334,364,4.0,1225480804
334,377,3.0,1225480768
334,589,4.0,1234629873
334,733,3.5,1225480881
334,1101,3.5,1225478329
334,1136,4.0,1225478123
334,1196,4.0,1225477656
334,1198,3.5,1225477633
334,1214,3.5,1234630002
334,1240,3.5,1234629955
334,1258,3.5,1237060454
334,1265,4.0,1225477782
334,1270,3.5,1225480778
334,1291,3.5,1225477724
334,1527,4.0,1229960402
334,1580,3.5,1225480904
334,1625,3.0,1225476620
334,1923,4.0,1225477796
334,1961,3.5,1234630051
334,2115,2.5,1232308353
334,2571,4.0,1225478025
334,2628,3.0,1232308387
334,2706,3.5,1234630122
334,2762,4.0,1225480844
334,2959,3.5,1225478139
334,3000,3.5,1225477580
334,3578,4.0,1267813495
334,4226,3.5,1229960397
334,4306,4.5,1225479071
334,4878,3.5,1292093828
334,4886,3.5,1225478135
334,4896,3.5,1225476637
334,4963,3.5,1229960358
334,4973,4.0,1225478717
334,4993,3.5,1225479027
334,5418,3.5,1234629601
334,5459,3.0,1232308282
334,5618,3.5,1225477587
334,5952,3.5,1225479031
334,6377,4.0,1225477517
334,7153,3.5,1225479029
334,7293,4.0,1225477809
334,7361,4.0,1225478956
334,8874,3.0,1225478193
334,8957,0.5,1232308475
334,8961,3.5,1225477620
334,27773,3.0,1225477716
334,31658,3.5,1234629781
334,45517,3.5,1229959548
334,48394,4.0,1225476769
334,48780,3.5,1229960346
334,49272,2.5,1267813559
334,50872,4.0,1225477505
334,54259,3.5,1225479047
334,55820,3.0,1292093805
334,56174,3.5,1229959334
334,58559,3.0,1225478052
334,59315,3.5,1225477611
334,59615,3.0,1232308348
334,59784,3.5,1229960282
334,60069,3.5,1225477572
334,63082,3.5,1237059205
334,64957,3.5,1260653548
334,69122,4.0,1267044000
334,72998,3.5,1266680651
334,74458,2.5,1292093763
334,76093,4.0,1290273727
335,50,5.0,1261542414
335,110,4.0,1261542354
335,296,5.0,1261542334
335,318,5.0,1261542349
335,356,4.0,1261542338
335,589,5.0,1261542367
335,780,4.5,1261542369
335,1196,5.0,1261542410
335,2571,5.0,1261542406
336,1,4.0,1122227329
336,47,4.5,1122227343
336,50,5.0,1120568496
336,70,4.0,1120568169
336,110,4.0,1122227307
336,150,4.0,1122227547
336,296,5.0,1122227568
336,318,5.0,1120568521
336,356,4.5,1122227399
336,527,4.0,1120568509
336,589,5.0,1122227440
336,858,4.0,1120568513
336,1246,4.5,1139046758
336,1380,2.5,1120567995
336,1625,3.5,1120568104
336,2028,4.0,1122227314
336,2329,4.5,1122227326
336,2571,5.0,1122227310
336,2762,4.5,1122227252
336,2858,5.0,1122227606
336,2959,4.5,1122227531
336,3114,4.0,1122227347
336,3147,4.5,1122227255
336,3623,4.5,1120568128
336,4886,5.0,1120568141
336,4973,5.0,1120568518
336,5445,5.0,1120568123
336,7153,4.5,1120568492
336,32587,4.0,1139046729
337,1,4.0,860255715
337,47,5.0,860256118
337,50,3.0,860256158
337,110,5.0,860256119
337,260,5.0,860255830
337,318,5.0,860256159
337,648,5.0,860255716
337,733,5.0,860255784
337,778,4.0,860255929
337,780,5.0,860255715
338,50,4.5,1530148314
338,296,4.5,1530148321
338,318,5.0,1530148309
338,527,5.0,1530148425
338,858,4.5,1530148305
338,1203,5.0,1530148436
338,1221,5.0,1530148346
338,2959,4.5,1530148426
338,5349,3.0,1530148456
338,5445,2.0,1530148457
338,5952,3.0,1530148450
338,6874,4.5,1530148453
338,7153,2.5,1530148449
338,27773,4.0,1530148366
338,30793,2.5,1530148341
339,1,4.0,1460183470
339,47,4.5,1460186377
339,111,4.0,1460518498
339,150,4.0,1460182140
339,296,2.5,1460868473
339,318,4.0,1460519031
339,356,4.0,1460182081
339,364,4.0,1460182472
339,457,4.0,1460868566
339,527,5.0,1460519029
339,541,5.0,1460182103
339,648,4.0,1460518367
339,858,4.5,1460186715
339,924,5.0,1460182148
339,1097,3.5,1460182491
339,1101,2.5,1460183145
339,1193,5.0,1460519025
339,1198,5.0,1460518945
339,1203,4.0,1460182155
339,1213,4.5,1460182421
339,1214,4.0,1460868485
339,1219,4.0,1460182818
339,1221,4.5,1460346330
339,1227,5.0,1460772152
339,1258,5.0,1460186271
339,1259,5.0,1460182209
339,1265,5.0,1460518931
339,1270,4.0,1460186721
339,1291,4.0,1460182427
339,1527,2.5,1460182459
339,1580,2.0,1460182455
339,1584,5.0,1460346477
339,1625,4.0,1460354557
339,1653,5.0,1460182152
339,1682,4.5,1494129636
339,1721,4.0,1460346592
339,1732,5.0,1460443878
339,2028,5.0,1460182401
339,2288,4.0,1506987559
339,2355,3.5,1460183512
339,2706,5.0,1460183806
339,2762,4.5,1460183259
339,2858,5.0,1460519017
339,2959,4.0,1460519022
339,3147,5.0,1460868639
339,3471,4.0,1460518878
339,3578,5.0,1460182396
339,4022,5.0,1460183256
339,4226,4.5,1460868616
339,4262,4.5,1460182797
339,4306,4.0,1460185160
339,4878,4.5,1460182423
339,4886,4.0,1460183483
339,4896,2.5,1460183489
339,4973,5.0,1460182923
339,4993,3.5,1460182388
339,4995,5.0,1460183309
339,5218,4.0,1460185460
339,5445,5.0,1460184297
339,5464,5.0,1460183035
339,5618,5.0,1460183478
339,5816,2.5,1460183492
339,5952,4.0,1460186708
339,5989,5.0,1460183188
339,5995,5.0,1460518996
339,6377,4.0,1460185151
339,6539,3.0,1460185149
339,7143,4.5,1460518910
339,7153,4.0,1460186702
339,7361,4.5,1460183279
339,7458,3.0,1460183599
339,8368,2.5,1460183498
339,8529,4.0,1460183233
339,8644,4.5,1460518854
339,8874,3.0,1460185453
339,8957,3.0,1460184483
339,8961,4.0,1460183484
339,33794,3.5,1460186754
339,34048,4.0,1460184321
339,40815,2.5,1460183491
339,41566,3.0,1460185253
339,41569,3.5,1460185292
339,44191,4.0,1460185170
339,45186,4.0,1460518378
339,45720,3.5,1460183388
339,45722,3.0,1460185193
339,47099,5.0,1460185341
339,48394,2.5,1460183593
339,48516,4.5,1460182050
339,48780,5.0,1460183043
339,49530,4.0,1460183084
339,51540,5.0,1460518671
339,52722,3.5,1460185329
339,53125,3.5,1460185280
339,54001,2.5,1460183493
339,54997,5.0,1460186153
339,55820,5.0,1460183299
339,56174,4.5,1460185476
339,58559,3.0,1460182391
339,59315,3.5,1460186751
339,60069,4.5,1460183473
339,63082,5.0,1460183376
339,63113,4.0,1460518409
339,64614,4.0,1460346387
339,64957,4.5,1460183321
339,68157,3.5,1460183590
339,68358,4.0,1460185425
339,68954,3.0,1460183472
339,69122,3.5,1460185208
339,69844,2.5,1460183490
339,70286,3.0,1460184287
339,72998,3.0,1460182400
339,74458,5.0,1460182816
339,76093,2.0,1460183502
339,78499,4.0,1460183480
339,79091,4.5,1460183496
339,79132,5.0,1460518998
339,80463,3.0,1460185442
339,81562,4.0,1460518893
339,81845,4.0,1460183707
339,82459,4.5,1460518615
339,86332,2.5,1460182467
339,88129,3.5,1460185362
339,89745,3.0,1460186759
339,90405,4.5,1460518890
339,91529,3.0,1460182397
339,91630,4.0,1460518420
339,93840,3.5,1460518900
339,96079,3.5,1460185464
339,97304,4.0,1460346654
339,97752,4.0,1460868550
339,97921,3.5,1460518563
339,97938,4.0,1461878500
339,99114,3.0,1460182087
339,102407,4.5,1460183214
339,103042,2.5,1460184332
339,103249,2.5,1460182501
339,103253,3.5,1460182188
339,103688,4.5,1460186229
339,104841,3.5,1460868538
339,104879,4.5,1460183033
339,105504,4.5,1460794268
339,105844,4.0,1460518837
339,106072,2.5,1460182191
339,106100,5.0,1460518906
339,106487,3.0,1460182449
339,106782,5.0,1460182409
339,107406,2.5,1460182550
339,109374,4.0,1460185421
339,109487,5.0,1460182070
339,111759,3.5,1460184288
339,111781,4.0,1460518426
339,112556,3.5,1460518596
339,114180,3.5,1460518979
339,114662,4.0,1460518984
339,115210,4.0,1460518949
339,115569,4.0,1460183184
339,116797,4.0,1460868494
339,122904,2.0,1460868414
339,128360,4.5,1481945332
339,134130,4.5,1460518845
339,134853,5.0,1460183474
339,136562,3.0,1460183732
339,139385,4.0,1460185562
339,142448,4.0,1460518643
339,143385,4.0,1460518660
339,148626,4.5,1488326700
340,10,4.0,848666415
340,110,5.0,848666415
340,150,5.0,848666338
340,153,4.0,848666356
340,165,4.0,848666356
340,253,4.0,848666436
340,296,4.0,848666338
340,318,5.0,848666393
340,356,3.0,848666375
340,457,5.0,848666356
340,589,4.0,848666436
340,648,4.0,848666212
340,780,5.0,848666212
341,1,5.0,1439750939
341,356,3.5,1439750914
341,1036,4.0,1487196203
341,1270,3.5,1439750933
341,1370,4.0,1487283827
341,5218,3.5,1487285057
341,5459,3.0,1487285079
341,5816,4.0,1487285065
341,6373,3.0,1487285075
341,6537,4.5,1487285094
341,7293,4.0,1439751261
341,47099,4.0,1522174577
341,56174,4.0,1440872004
341,69122,2.5,1522174598
341,74458,5.0,1440871964
341,109374,4.0,1440878182
341,114662,4.5,1487285140
341,115713,4.0,1440970020
341,117529,4.0,1439751048
341,134853,4.0,1446895888
341,135137,3.0,1487285189
341,135887,4.0,1440871979
341,136020,4.5,1522174614
342,733,4.0,1042821145
342,1198,4.0,1042821230
342,1270,4.0,1042821145
342,2355,4.0,1042821962
342,2706,4.0,1042821871
342,2959,4.0,1042822039
343,50,4.5,1202061253
343,260,3.0,1202060817
343,296,4.5,1202061332
343,318,4.5,1202060845
343,527,5.0,1202061421
343,541,4.5,1202061336
343,858,3.0,1202061265
343,1089,4.5,1202061357
343,1196,3.0,1202060819
343,1198,4.5,1202060835
343,1200,3.5,1202061382
343,1203,4.5,1202060847
343,1213,5.0,1202060780
343,1214,4.0,1202061362
343,1221,3.0,1202061269
343,2329,4.0,1202061289
343,2571,5.0,1202060813
343,2858,4.0,1202060809
343,2959,5.0,1202060766
343,3000,3.0,1202061324
343,4226,5.0,1202060782
343,4878,4.5,1202061387
343,4993,5.0,1202060823
343,5618,3.0,1202061272
343,5952,5.0,1202060837
343,7153,4.5,1202060839
343,8961,4.5,1202061367
343,31658,3.5,1202061348
343,48394,2.0,1202061283
343,48516,4.5,1202061297
343,50872,3.5,1202060923
343,52328,5.0,1202060657
343,55820,4.5,1202060941
344,110,4.5,1420497375
344,260,5.0,1420495238
344,318,5.0,1420497366
344,356,5.0,1420496439
344,1214,1.0,1420496980
344,1265,5.0,1420497469
344,1270,5.0,1420496497
344,2028,4.0,1420496069
344,2571,5.0,1420495243
344,2628,5.0,1420496085
344,2762,3.0,1420496073
344,2858,5.0,1420495388
344,3000,4.5,1420496854
344,3147,5.0,1420496152
344,4011,4.0,1420497222
344,4022,3.0,1420497208
344,4226,1.5,1420496088
344,4306,5.0,1420496110
344,4878,2.0,1420497211
344,4973,4.0,1420496126
344,5418,4.0,1420497197
344,5459,4.5,1420497307
344,5618,4.5,1420497259
344,5989,4.0,1420497217
344,59315,4.5,1420496991
344,60069,3.5,1420497379
344,60684,5.0,1420496016
344,68954,5.0,1420496954
344,81847,4.0,1420497410
344,86332,4.0,1420497413
344,89745,4.5,1420496997
344,91542,4.0,1420497427
344,108190,3.0,1420495322
344,111362,5.0,1420495291
344,111659,3.0,1420495320
344,111759,4.0,1420495295
344,112852,5.0,1420495288
344,114180,3.0,1420495332
345,924,4.0,1342827347
345,1200,4.5,1342828544
345,1203,5.0,1342827258
345,1214,5.0,1342828521
345,2858,4.0,1342828817
345,7293,4.5,1342827485
346,47,3.5,1172693170
346,50,4.0,1125857414
346,111,4.0,1094646949
346,253,3.0,1094646536
346,296,3.5,1125857435
346,527,3.5,1125859184
346,778,3.5,1125857678
346,858,4.0,1094646955
346,1193,4.0,1125857385
346,1208,4.5,1094646952
346,1219,5.0,1125857425
346,1221,3.5,1094646958
346,1240,2.5,1172693230
346,1258,3.5,1125857665
346,1625,2.5,1094645736
346,2762,3.5,1125859222
346,2858,4.5,1094646472
346,2959,3.5,1125857709
346,4262,3.5,1125858321
346,4878,4.0,1094650862
346,4973,3.0,1094645854
346,5618,4.0,1133799678
346,5995,4.0,1094650999
346,6874,4.0,1094646208
346,7438,4.0,1094646285
346,32587,2.5,1125857645
346,48394,4.5,1172692161
347,1,5.0,847645986
347,10,4.0,847645690
347,47,3.0,847645738
347,110,3.0,847645690
347,150,4.0,847645537
347,153,3.0,847645591
347,165,3.0,847645591
347,253,4.0,847645719
347,356,4.0,847645635
347,364,4.0,847645738
347,377,4.0,847645738
347,457,4.0,847645591
347,588,4.0,847645591
347,589,3.0,847645719
347,648,4.0,847645986
347,780,5.0,847645986
348,50,5.0,1378850183
348,111,5.0,1378850748
348,260,4.5,1378850273
348,296,5.0,1378850640
348,318,5.0,1378850179
348,527,5.0,1378850186
348,541,5.0,1378850657
348,858,5.0,1378850181
348,1136,4.5,1378850310
348,1196,5.0,1378850299
348,1208,5.0,1378850772
348,1213,4.5,1378850307
348,1221,5.0,1378850200
348,2329,5.0,1378850546
348,2858,5.0,1378850304
348,2959,5.0,1378850241
348,4226,5.0,1378850294
348,4973,5.0,1378850245
348,4993,5.0,1378850645
348,5952,5.0,1378850762
348,58559,4.5,1378850219
348,79132,5.0,1378850281
349,10,4.0,834750699
349,165,4.0,834750363
349,253,3.0,834750723
349,296,4.0,834750311
349,356,5.0,834750979
349,364,4.0,834750907
349,367,4.0,834750979
349,377,5.0,834751107
349,527,4.0,834751177
349,588,4.0,834750363
349,589,4.0,834751082
350,1,4.0,864940931
350,260,4.0,864940972
350,648,3.0,864940931
350,733,3.0,864940972
350,858,3.0,864941118
351,47,4.5,1326027964
351,296,4.5,1325979182
351,356,4.5,1326062543
351,778,4.5,1326028015
351,1193,3.5,1326027949
351,1721,4.0,1326106611
351,2571,4.0,1326106654
351,2762,4.0,1325979560
351,2959,4.0,1328296914
351,4226,4.0,1333037489
351,4262,3.5,1326062202
351,4878,3.5,1333037601
351,4963,4.0,1328289069
351,4993,4.0,1328288166
351,4995,4.5,1325979956
351,5464,4.0,1328889117
351,5952,4.0,1328288187
351,5989,4.0,1326106763
351,6377,3.0,1328288338
351,6539,4.0,1326106624
351,6874,3.0,1328288200
351,7153,4.0,1328288160
351,7254,4.5,1325979910
351,7361,3.5,1326027999
351,8533,4.0,1326061828
351,27773,3.0,1328625583
351,30707,3.5,1325979998
351,48516,5.0,1325979388
351,48780,4.0,1325979868
351,51662,4.0,1326106824
351,55820,4.0,1333037647
351,58559,3.5,1328642280
351,59369,4.5,1325978903
351,59784,3.5,1328296549
351,60069,4.0,1328288176
351,63082,3.5,1328288149
351,68157,3.5,1326028264
351,69122,3.5,1328289267
351,72998,2.5,1328290595
351,79132,4.0,1326027878
351,80463,4.5,1326028151
351,81562,4.0,1325980042
351,81591,4.5,1325980079
351,87222,3.5,1328296552
351,88129,4.0,1325979227
351,88744,3.5,1325980260
351,89774,4.0,1326027557
351,91974,3.5,1328296633
352,47,5.0,1493931953
352,50,5.0,1493931911
352,260,4.0,1493931941
352,296,5.0,1493931922
352,318,5.0,1493931907
352,356,5.0,1493932086
352,527,5.0,1493931921
352,541,4.5,1493932047
352,924,4.0,1493931975
352,1089,5.0,1493932013
352,1196,4.0,1493931935
352,1198,4.0,1493932037
352,1200,4.0,1493931972
352,1213,3.5,1493931948
352,1214,5.0,1493931915
352,1258,5.0,1493932040
352,1527,3.5,1493673515
352,1580,2.5,1493673490
352,1625,4.5,1493673572
352,1676,3.0,1493673596
352,1682,3.0,1493673518
352,1721,4.0,1493673487
352,1732,4.0,1493673550
352,1923,3.0,1493673542
352,2028,4.5,1493673474
352,2288,5.0,1493932026
352,2329,4.5,1493673530
352,2571,4.5,1493673464
352,2628,3.5,1493673510
352,2706,4.5,1493673548
352,2762,4.0,1493673479
352,2858,5.0,1493673470
352,2959,5.0,1493673467
352,3147,5.0,1493673534
352,3471,5.0,1494709981
352,3578,4.0,1493673483
352,3717,3.0,1493673694
352,4011,5.0,1494710032
352,4226,5.0,1493673494
352,4306,3.0,1493675362
352,4973,3.0,1493931944
352,4993,5.0,1493675357
352,5952,5.0,1493675358
352,5995,5.0,1493932042
352,6539,4.0,1493675365
352,7153,5.0,1493675360
352,30707,4.0,1493932060
352,30793,3.0,1493674165
352,32587,3.0,1493674082
352,34048,4.0,1493674254
352,40815,4.0,1493674128
352,41566,3.0,1493674162
352,41569,3.5,1493674299
352,44191,4.0,1493674062
352,48394,3.0,1493674108
352,48516,4.5,1493674070
352,48780,3.5,1493674091
352,49530,5.0,1493674158
352,51540,4.5,1493674376
352,51662,4.0,1493674121
352,52328,5.0,1493674557
352,53125,4.0,1493674237
352,54001,4.0,1493674144
352,54259,3.5,1493674395
352,55820,3.0,1493674131
352,58559,3.5,1493931929
352,59315,3.0,1493674079
352,59369,3.0,1493674242
352,60069,5.0,1493674064
352,60074,3.0,1493674388
352,63992,2.0,1493674486
352,64614,5.0,1493674142
352,65682,3.0,1493675129
352,66097,3.0,1493674461
352,68157,5.0,1493674096
352,68791,3.5,1493674611
352,68954,4.0,1493674074
352,69844,4.0,1493674211
352,71057,4.5,1493674801
352,71535,5.0,1493674169
352,72998,5.0,1493674084
352,74458,5.0,1493932050
352,74789,4.0,1493674423
352,79091,4.0,1493674322
352,79132,5.0,1493674058
352,79293,4.0,1493674686
352,79695,2.5,1493674736
352,81562,4.5,1493674457
352,81591,2.0,1493674152
352,85414,3.5,1493674311
352,86880,4.0,1493674625
352,90405,3.5,1493674663
352,90746,4.5,1493674916
352,91485,2.5,1493675208
352,91500,4.0,1493674208
352,91529,4.0,1493932030
352,91535,3.0,1493674829
352,93510,2.0,1493674530
352,93840,4.5,1493674497
352,94864,4.5,1493674430
352,96079,4.0,1493674295
352,97304,4.0,1493674351
352,97752,5.0,1493674533
352,97938,4.0,1493932034
352,98809,5.0,1493674282
352,99114,4.5,1493931978
352,101864,4.5,1493674640
352,102445,4.5,1493932102
352,103228,4.0,1493674676
352,103249,4.0,1493674543
352,103253,3.0,1493920212
352,103341,2.0,1493674934
352,103688,4.0,1493675166
352,104211,4.0,1493674949
352,104841,5.0,1493932022
352,104879,5.0,1493932082
352,105504,4.0,1493674683
352,106696,2.0,1493674468
352,106782,5.0,1493674204
352,107406,4.5,1493674746
352,108190,2.5,1493674775
352,109487,5.0,1493674112
352,110730,3.0,1493675317
352,111759,5.0,1493932009
352,112138,2.0,1493674859
352,112552,4.0,1493674304
352,112556,4.0,1493674235
352,114180,4.5,1493674704
352,115210,4.5,1493674763
352,115617,4.5,1493674292
352,115713,4.5,1493674289
352,116823,4.0,1493674526
352,117529,3.0,1493920235
352,118696,5.0,1493674673
352,122882,3.5,1493674251
352,122904,2.5,1493674280
352,128360,4.0,1493674689
352,130490,2.0,1493675273
352,130634,1.0,1493675191
352,134130,5.0,1493674140
352,135133,4.0,1493674839
352,135569,4.0,1493932113
352,139385,5.0,1493674538
352,152077,4.0,1493675263
353,1,5.0,831939685
353,10,3.0,831939669
353,47,5.0,831939731
353,70,4.0,831940127
353,110,3.0,831939713
353,153,3.0,831939590
353,165,5.0,831939669
353,253,3.0,831939699
353,296,5.0,831939568
353,318,5.0,831939590
353,364,4.0,831940209
353,367,3.0,831940260
353,457,5.0,831940127
353,588,3.0,831939590
354,10,3.5,1200870391
354,47,4.0,1200870867
354,50,4.5,1200869832
354,70,4.5,1200953640
354,111,4.0,1200870694
354,150,4.0,1200870197
354,165,4.0,1200870149
354,260,4.0,1200870112
354,296,4.5,1200870076
354,318,4.5,1200869826
354,356,4.5,1200869968
354,377,4.0,1200870226
354,457,3.5,1200870101
354,527,4.0,1200869818
354,588,3.5,1200870144
354,589,4.5,1200870466
354,648,4.0,1200870229
354,733,4.0,1200870448
354,780,3.5,1200941483
354,858,4.0,1200869809
354,924,3.5,1200870595
354,1036,4.0,1200870351
354,1089,4.0,1200870772
354,1097,4.0,1200870671
354,1101,4.0,1200870886
354,1196,4.0,1200870600
354,1201,4.0,1200953294
354,1208,3.5,1200870664
354,1214,4.0,1200870323
354,1219,4.0,1200952862
354,1240,4.0,1200870553
354,1265,4.0,1200866267
354,1270,4.0,1200870461
354,1380,4.0,1200952938
354,1527,4.0,1200870372
354,1580,3.5,1200870190
354,1584,4.0,1200870455
354,1625,3.5,1200869913
354,1676,4.5,1200941446
354,1682,4.5,1200870543
354,1721,4.0,1200870242
354,1732,4.0,1200941462
354,1917,3.5,1200870325
354,1923,4.0,1200870532
354,1954,4.0,1200870921
354,1961,4.0,1200870443
354,2028,3.5,1200870105
354,2115,3.5,1200870626
354,2161,4.5,1200953392
354,2329,4.5,1200870720
354,2571,4.0,1200870395
354,2572,4.0,1200953334
354,2628,3.5,1200870733
354,2706,4.0,1200870341
354,2762,3.5,1200870343
354,2858,4.0,1200870259
354,2947,4.0,1200869887
354,2949,3.5,1200865477
354,2959,4.5,1200870129
354,3147,3.5,1200869917
354,3471,2.0,1200870804
354,3527,4.0,1200870806
354,3578,3.5,1200869975
354,3623,2.0,1200870496
354,3717,3.5,1200953132
354,4262,4.5,1200953037
354,4306,4.0,1200870124
354,4776,4.0,1200953144
354,4878,4.5,1200870508
354,4963,3.5,1200870312
354,4973,4.5,1200870239
354,4995,4.0,1200870376
354,5218,3.5,1200870918
354,5349,4.0,1200870136
354,5418,4.0,1200869944
354,5445,3.5,1200870121
354,5459,3.0,1200870824
354,5989,4.0,1200870427
354,6365,1.0,1200865320
354,6373,3.0,1200952932
354,6537,3.5,1200953018
354,6874,4.5,1200865291
354,6934,2.5,1200870898
354,7254,3.5,1200869959
354,7361,4.0,1200870302
354,7438,4.0,1200870294
354,7458,3.0,1200953359
354,8529,4.0,1200953152
354,8644,3.5,1200870738
354,8665,4.0,1200870331
354,8957,4.0,1200953312
354,8961,4.0,1200870587
354,30707,4.0,1200865500
354,41569,2.0,1200941397
354,44191,3.5,1200870680
354,45186,4.0,1200953554
354,45720,4.5,1200953521
354,48516,4.0,1200870273
354,49272,4.5,1200870318
354,51662,3.5,1200869930
354,52722,4.0,1200941421
354,56174,3.0,1200941403
355,367,3.0,974966167
355,1198,5.0,974965256
355,1580,4.0,974965636
355,1721,4.0,974965199
355,2628,5.0,974965782
356,50,3.5,1229142733
356,318,4.5,1229142703
356,356,4.0,1229140516
356,457,4.5,1229143106
356,541,4.5,1229142859
356,733,4.5,1229142779
356,778,4.0,1229139323
356,1036,3.0,1232430070
356,1089,5.0,1228073067
356,1136,4.0,1229139732
356,1198,4.0,1229142749
356,1208,5.0,1228073085
356,1246,5.0,1229143549
356,1259,3.5,1229139840
356,1265,4.0,1229140015
356,1270,5.0,1229140089
356,1291,4.5,1229142830
356,1370,4.0,1232430629
356,1527,5.0,1229143251
356,1584,3.0,1232430302
356,1653,4.5,1229143682
356,1676,3.0,1232430643
356,1682,3.0,1229143455
356,1732,5.0,1229139389
356,1923,3.5,1229141038
356,2028,4.0,1229142773
356,2115,3.5,1229143460
356,2571,4.0,1229142739
356,2572,4.0,1232431172
356,2706,3.5,1229142931
356,2762,4.0,1229143158
356,2858,4.0,1229142744
356,2959,5.0,1229142810
356,3147,4.0,1229143342
356,3471,3.5,1232430688
356,3578,4.0,1229142826
356,3623,3.0,1229143338
356,4011,4.5,1229139981
356,4226,5.0,1228072953
356,4878,5.0,1229143293
356,4973,5.0,1228073344
356,4993,3.5,1229142838
356,4995,3.5,1229143096
356,5349,3.5,1229143321
356,5418,3.5,1229143452
356,5445,3.5,1229143312
356,5618,4.0,1229143475
356,5952,3.5,1229142865
356,5989,3.5,1229143174
356,6365,4.0,1229143287
356,6378,4.0,1229143470
356,6539,3.0,1232430475
356,6934,4.0,1229143345
356,7143,3.5,1229143596
356,7153,3.5,1229142925
356,7361,5.0,1229139748
356,7438,3.5,1232430761
356,8644,4.0,1229143441
356,8665,4.0,1229143570
356,8874,5.0,1229139941
356,32587,3.5,1229143136
356,33794,5.0,1229143098
356,41569,2.5,1229143525
356,44191,3.5,1229143126
356,48516,4.0,1229143231
356,49272,4.0,1229143238
356,51662,3.0,1229143264
356,58559,5.0,1229143278
356,58998,3.5,1229140223
356,60069,3.5,1231363697
356,63082,4.0,1231987537
356,64957,3.0,1231028655
357,1,5.0,1348610184
357,50,5.0,1348610163
357,110,4.0,1348611162
357,111,3.5,1348611104
357,150,3.5,1348610242
357,153,2.5,1348611273
357,253,4.0,1348612110
357,260,4.0,1348611022
357,296,4.5,1348609971
357,318,4.0,1348610455
357,356,3.5,1348611168
357,364,3.5,1348610280
357,527,5.0,1348611147
357,588,4.5,1348610257
357,589,3.5,1348611029
357,594,4.0,1348612277
357,778,3.5,1348612182
357,780,4.0,1348612049
357,858,5.0,1348610443
357,919,4.5,1348610304
357,920,5.0,1348610673
357,1028,4.5,1348610883
357,1089,3.0,1348610159
357,1097,3.5,1348611260
357,1101,4.0,1348612212
357,1136,4.5,1348610396
357,1196,4.5,1348611032
357,1198,4.0,1348610298
357,1208,3.5,1348611143
357,1213,5.0,1348612143
357,1219,4.5,1348611077
357,1221,5.0,1348610451
357,1246,5.0,1348612240
357,1258,5.0,1348610154
357,1259,4.0,1348610232
357,1265,4.5,1348610392
357,1270,4.0,1348610205
357,1291,3.5,1348610275
357,1380,4.0,1348611892
357,1387,4.0,1348612206
357,1580,3.5,1348612069
357,1584,3.0,1348611254
357,1682,3.5,1348611902
357,1721,4.0,1348611252
357,1917,3.0,1348612188
357,1923,4.0,1348612146
357,1961,4.5,1348612135
357,2028,4.5,1348612063
357,2115,4.0,1348612216
357,2174,4.5,1348612219
357,2329,4.0,1348610472
357,2355,3.0,1348610328
357,2628,3.0,1348612089
357,2706,3.5,1348612165
357,2762,5.0,1348610119
357,2858,3.5,1348611800
357,2959,4.5,1348610002
357,3114,5.0,1348610261
357,3147,4.0,1348612242
357,3578,4.5,1348610220
357,4022,4.0,1348610652
357,4306,4.0,1348610191
357,4878,5.0,1348610025
357,4886,4.0,1348610188
357,4896,3.5,1348611787
357,4963,4.5,1348612199
357,4995,4.0,1348612227
357,5266,3.0,1348610049
357,5445,4.0,1348610418
357,5464,4.0,1348610439
357,5816,4.0,1348627457
357,5989,4.5,1348610475
357,6377,4.5,1348610194
357,7153,3.5,1348612121
357,7254,4.0,1348611285
357,7361,5.0,1348611054
357,8368,4.5,1348610726
357,8961,4.0,1348610199
357,30793,3.0,1348626978
357,31658,5.0,1348610202
357,33794,4.0,1348611280
357,40815,4.5,1348626973
357,45517,3.5,1348627506
357,48516,4.0,1348610145
357,48780,4.5,1348610141
357,49272,3.5,1348610237
357,49530,4.0,1348627473
357,51540,4.0,1348610460
357,54001,4.5,1348627419
357,54997,4.0,1348611193
357,56174,4.0,1348628330
357,58559,4.5,1348626968
357,66097,4.0,1348610717
357,68954,3.5,1348610290
357,69122,3.5,1348628428
357,69844,4.5,1348612014
357,72998,4.0,1348627480
357,74458,4.0,1348610036
357,78499,4.0,1348610285
357,79132,4.0,1348610148
357,80463,4.5,1348612658
357,81562,4.0,1348627438
357,91500,4.5,1348626935
357,91529,4.5,1348626808
358,1721,5.0,1339546519
358,2572,4.0,1339546490
358,4308,4.0,1339546137
358,7254,3.5,1339546402
358,7293,4.0,1339546508
358,7361,4.0,1339546298
358,8533,4.5,1339546364
358,52328,4.0,1339546154
358,58998,1.0,1339546397
358,60069,4.0,1339546309
358,69844,3.5,1339539311
358,81591,2.0,1339539299
359,1,4.0,1198112023
359,150,3.5,1198111999
359,296,4.0,1193179224
359,527,4.5,1198112043
359,541,1.5,1198112228
359,589,3.0,1198112012
359,648,3.5,1198112063
359,780,3.5,1198112030
359,1097,4.0,1198112150
359,1101,3.0,1198112870
359,1198,3.0,1198112070
359,1240,2.5,1198112178
359,1246,5.0,1198112964
359,1270,3.0,1198112087
359,1580,2.0,1198112158
359,1682,3.0,1198112917
359,1721,4.5,1198112164
359,1961,4.0,1198112767
359,2571,2.5,1198112109
359,2858,4.0,1198112078
359,3471,3.0,1198113237
359,3623,2.5,1198113051
359,4306,5.0,1198112239
359,4995,5.0,1198113093
359,6377,4.5,1198113099
359,8533,4.5,1194402776
359,54259,1.0,1194402847
360,1584,4.0,884997666
360,1625,5.0,884997491
360,1721,4.0,884997534
361,10,3.5,1204045505
361,70,2.0,1204046026
361,150,3.0,1204045255
361,260,2.0,1204045245
361,318,3.0,1204047569
361,356,3.5,1204045204
361,377,3.0,1204045311
361,527,2.5,1204047564
361,589,3.5,1204045263
361,780,3.5,1204045269
361,858,2.5,1204047542
361,1200,3.0,1204048158
361,1214,3.0,1204048155
361,1370,3.5,1204047961
361,1580,3.5,1204047900
361,1721,2.0,1204045530
361,1732,1.5,1204045847
361,1923,3.5,1204045627
361,2706,4.0,1204045344
361,2858,2.5,1204048178
361,4963,4.5,1204045831
361,4993,2.5,1204045588
361,5218,3.5,1204047983
361,5418,4.0,1204046012
361,5444,1.0,1204041029
361,5459,4.0,1204046409
361,5989,2.5,1204046052
361,6365,3.0,1204048003
361,6373,3.0,1204047706
361,6378,4.0,1204047791
361,6539,3.5,1204045778
361,7458,4.0,1204047750
361,8644,3.0,1204047873
361,8972,4.0,1204047815
361,32587,2.0,1204046238
361,33794,4.0,1204046165
361,44022,4.0,1204041587
361,46972,5.0,1204047677
361,47099,4.0,1204041708
361,49272,4.0,1204048367
361,51662,3.5,1204047764
361,53125,4.0,1204041392
362,47,4.5,1530640109
362,50,3.5,1530637009
362,70,4.0,1530637651
362,110,4.0,1530640073
362,111,5.0,1530640247
362,260,4.5,1530640059
362,296,5.0,1530637210
362,318,4.5,1530640041
362,356,4.5,1530640048
362,367,4.0,1530640164
362,589,4.0,1530637370
362,858,5.0,1530636989
362,924,5.0,1532214407
362,1089,4.5,1530637278
362,1193,5.0,1530637098
362,1196,4.5,1530640083
362,1201,5.0,1530641077
362,1208,5.0,1530640297
362,1209,5.0,1532214433
362,1213,4.0,1530640211
362,1221,5.0,1530637014
362,1258,5.0,1530637319
362,1625,4.0,1530637473
362,1682,4.0,1530640222
362,1732,5.0,1532214411
362,2023,4.0,1530637846
362,2288,5.0,1530642805
362,2329,4.0,1530640231
362,2571,4.5,1530640053
362,2628,4.0,1530640182
362,2959,4.5,1530640094
362,3147,4.0,1530640244
362,3578,4.0,1530639770
362,4262,4.5,1532214516
362,4306,4.0,1530639776
362,4993,5.0,1530639759
362,4995,3.5,1530640232
362,5349,4.0,1530640272
362,5952,5.0,1530639765
362,5989,3.5,1530640313
362,6365,4.0,1530637380
362,6377,4.0,1530639794
362,6539,4.0,1530639782
362,6874,4.5,1530639797
362,6934,4.0,1530639898
362,7153,5.0,1530639761
362,7438,4.5,1530639820
362,8961,4.0,1530639812
362,33794,4.5,1530639807
362,48516,4.0,1530637231
362,48780,4.0,1530637285
362,51540,4.5,1530643941
362,60072,3.5,1530637636
362,60684,4.0,1530642794
362,64614,4.0,1530639990
362,68157,4.0,1530637339
362,79132,4.0,1530637213
362,89745,3.0,1530641225
362,91529,4.0,1530641097
362,98809,4.0,1530643143
362,103688,4.0,1530637644
362,104879,4.0,1532214626
362,115569,4.0,1530637438
363,50,4.0,1502584540
363,260,2.0,1502584358
363,296,5.0,1502584547
363,318,4.0,1502584380
363,1196,1.5,1502584356
363,1198,4.0,1502584376
363,1246,4.0,1502584557
363,1732,4.0,1502584422
363,1917,2.0,1502584438
363,1961,3.0,1502584555
363,2571,2.5,1502584382
363,2706,3.0,1502584424
363,4993,3.0,1502584387
363,7153,3.0,1502584386
364,1,5.0,869443366
364,260,4.0,869443424
364,648,3.0,869443367
364,733,4.0,869443424
364,780,5.0,869443366
364,858,5.0,869443772
365,260,3.0,1488333364
365,318,4.5,1488332338
365,356,4.5,1488332884
365,541,1.0,1489016618
365,1196,4.0,1488332785
365,1259,4.0,1488332744
365,1265,2.5,1488332858
365,1380,2.0,1488333307
365,1527,2.0,1488333241
365,1961,1.5,1488332851
365,2572,4.0,1488333453
365,2858,1.0,1488332711
365,3147,4.0,1489796957
365,3578,1.5,1488333251
365,4022,5.0,1488333549
365,4226,0.5,1488333521
365,4306,1.5,1488332406
365,4643,2.5,1488332646
365,4886,4.0,1488332427
365,4896,2.5,1488333556
365,4963,2.5,1488333524
365,4973,1.0,1488333520
365,4993,3.5,1488332396
365,4995,4.0,1488333532
365,5218,1.0,1488332501
365,5349,3.0,1488332442
365,5418,2.5,1488332450
365,5445,1.0,1488333527
365,5464,1.5,1488594774
365,5816,2.5,1488332473
365,5952,3.0,1488332400
365,5989,5.0,1488333548
365,5995,1.0,1488332538
365,6377,2.5,1488332425
365,6539,3.5,1488332413
365,6874,2.5,1488333518
365,7153,3.0,1488332402
365,7438,3.5,1488333542
365,8368,3.0,1488332475
365,8533,2.0,1491088191
365,8644,3.0,1488332548
365,8874,4.0,1488332771
365,8961,2.0,1488332445
365,30793,3.5,1488332633
365,33004,4.0,1489016862
365,33794,2.0,1488332447
365,40815,3.0,1488332536
365,41566,3.0,1488332626
365,45722,2.5,1488332552
365,47099,2.0,1488332802
365,50872,2.5,1488332530
365,51662,3.5,1488333581
365,54259,1.0,1491088183
365,56174,3.5,1488332606
365,58559,3.5,1488332410
365,58998,2.0,1488333194
365,59315,3.5,1488333564
365,68358,2.0,1488332563
365,68954,3.0,1488333570
365,69122,3.5,1488332565
365,69844,2.5,1488332669
365,70286,2.0,1488333600
365,71535,3.5,1488332647
365,71838,2.0,1488673201
365,72998,4.0,1488332464
365,73017,3.0,1488332600
365,76093,2.5,1488332639
365,79132,1.5,1488332431
365,81591,0.5,1488332628
365,86911,3.5,1488333419
365,87869,2.5,1488333313
365,89745,2.5,1488332569
365,91529,2.5,1488333598
365,92420,0.5,1488594755
365,93270,0.5,1491088175
365,93510,4.5,1488333289
365,95441,5.0,1488333253
365,96737,1.5,1489016806
365,97225,2.0,1488333353
365,99112,2.0,1489796951
365,99114,3.0,1488333594
365,102903,3.5,1488333470
365,103075,3.5,1488333397
365,103249,3.0,1489796908
365,104211,3.0,1488333272
365,104374,1.5,1488594747
365,104879,2.0,1489797251
365,106782,3.5,1489797184
365,106916,2.0,1488673201
365,107406,1.0,1489796748
365,108190,2.0,1488333315
365,109487,3.0,1488332505
365,109673,3.0,1488333331
365,112138,4.0,1489797012
365,112818,3.0,1489016745
365,112852,3.0,1488332657
365,112897,2.5,1488333293
365,113453,3.5,1491088217
365,115210,4.0,1488594819
365,116797,3.0,1488332615
365,117590,3.5,1488673347
365,119141,5.0,1488594804
365,120466,2.5,1489796871
365,122904,3.5,1489017279
365,129354,2.5,1488333351
365,134130,3.5,1488332624
365,135137,3.0,1489017065
365,135536,4.0,1488945298
365,135569,2.5,1489016788
365,135861,5.0,1488333481
365,135887,1.5,1489796877
365,146656,3.0,1488858009
365,148172,3.5,1489016598
365,148626,2.5,1488332872
365,151739,3.0,1488858021
365,156609,4.5,1488858017
365,158872,4.5,1489797050
365,159093,4.0,1489016738
365,159858,0.5,1488945273
365,160954,1.5,1489796765
366,110,4.0,1445546522
366,589,4.0,1445546504
366,1036,4.0,1445546510
366,1089,5.0,1445546542
366,2028,4.0,1445546520
366,2959,4.5,1445546512
366,3578,4.5,1445546566
366,4993,4.5,1445546419
366,6537,3.5,1445546444
366,6539,4.0,1445546557
366,6874,4.0,1445546535
366,7153,4.5,1445546416
366,7438,4.0,1445546536
366,8368,4.5,1445546595
366,8961,4.0,1445546555
366,32587,3.0,1445546573
366,33794,4.0,1445546517
366,44191,3.5,1445546583
366,48516,4.5,1445546548
366,58559,4.0,1445546414
366,59315,3.5,1445546607
366,68157,4.5,1445546633
366,79132,4.0,1445546506
366,91529,4.0,1445546549
366,109487,5.0,1445546456
366,115617,3.5,1445546468
366,116797,4.5,1445546462
366,122882,2.0,1445546624
367,1,5.0,997811550
367,150,4.0,997811490
367,260,5.0,997810956
367,318,5.0,997811194
367,356,5.0,997810956
367,527,3.0,997810980
367,858,5.0,997811235
367,919,5.0,997811194
367,1028,5.0,997812099
367,1097,5.0,997811632
367,1136,3.0,997811251
367,1196,4.0,997812715
367,1198,5.0,997811126
367,1219,4.0,997811331
367,1221,4.0,997812715
367,1246,5.0,997812656
367,1258,4.0,997811354
367,1259,4.0,997811790
367,1265,4.0,997811750
367,1270,4.0,997811587
367,1387,4.0,997811377
367,1580,4.0,997812260
367,1954,5.0,997812874
367,2355,5.0,997811890
367,2762,5.0,997811157
367,3114,5.0,997811731
367,3471,5.0,997811632
367,3623,4.0,997813940
367,3717,3.0,997813923
367,4022,3.0,997813060
367,4306,5.0,997813664
367,4308,4.0,997813021
368,10,3.0,971276726
368,47,4.0,971275475
368,50,4.0,971275320
368,70,3.0,971273705
368,110,4.0,971274692
368,111,3.0,971275360
368,165,2.0,971276156
368,260,4.0,975828806
368,296,5.0,975827507
368,356,4.0,971274957
368,367,3.0,975828193
368,377,3.0,971276111
368,457,3.0,975828861
368,527,5.0,971274603
368,589,3.0,975805197
368,648,3.0,975805490
368,733,3.0,971275815
368,780,2.0,971275047
368,858,5.0,975828806
368,920,4.0,971274910
368,924,3.0,971275394
368,1036,4.0,975828914
368,1089,4.0,975827507
368,1090,5.0,971273268
368,1101,4.0,975829472
368,1193,5.0,971273035
368,1196,3.0,971274603
368,1198,4.0,975828806
368,1200,5.0,971274603
368,1201,4.0,975828964
368,1208,5.0,971274603
368,1213,4.0,975827507
368,1214,4.0,975828806
368,1219,3.0,971275360
368,1221,4.0,975828806
368,1240,4.0,971275431
368,1259,4.0,971273300
368,1291,2.0,975828861
368,1370,3.0,971275949
368,1377,2.0,975828236
368,1387,5.0,971273335
368,1527,3.0,975829254
368,1580,3.0,971273448
368,1625,4.0,971275527
368,1653,3.0,971275863
368,1676,2.0,971274957
368,1732,3.0,971275771
368,1917,3.0,971276975
368,1954,4.0,975828999
368,2023,2.0,975828236
368,2028,5.0,971274649
368,2115,2.0,975829315
368,2288,2.0,971275634
368,2403,3.0,975830080
368,2571,4.0,971275431
368,2640,3.0,975829209
368,2762,4.0,971275394
368,2858,4.0,975805197
368,2947,3.0,975828964
368,2949,3.0,975828999
368,3147,4.0,971275527
368,3527,3.0,975829046
368,3578,3.0,972164892
368,3623,2.0,971276156
369,47,3.5,1237083091
369,150,3.0,1237081911
369,165,3.5,1237082662
369,260,3.5,1237082658
369,377,2.0,1237081517
369,541,2.5,1237083075
369,778,4.0,1237081513
369,1089,2.5,1237081509
369,1101,2.5,1237082926
369,1136,3.5,1237083059
369,1196,4.0,1237081881
369,1208,3.0,1237082914
369,1580,1.0,1237081508
369,1584,3.0,1237081501
369,1625,4.5,1237082077
369,1682,4.0,1237082894
369,1721,1.5,1237081495
369,1732,5.0,1237082071
369,1923,3.5,1237081492
369,2174,3.5,1237082876
369,2571,4.5,1237083087
369,2628,2.5,1237081490
369,2706,3.5,1237082046
369,2959,4.5,1237083069
369,4011,4.0,1237083040
369,4226,4.5,1237082006
369,4262,3.0,1237082810
369,4878,4.0,1237083040
369,5418,3.5,1237082782
369,6874,3.5,1237082753
369,6934,3.5,1237081522
369,7361,4.0,1237083057
369,8665,4.0,1237082713
369,30793,4.0,1237081606
369,44191,3.5,1237081937
369,60069,3.5,1237082146
370,47,3.5,1159162973
370,50,4.5,1159161956
370,253,3.5,1159162914
370,260,2.0,1159162949
370,296,5.0,1159161996
370,318,3.5,1159162027
370,367,3.5,1159162899
370,541,3.5,1159162739
370,589,4.0,1159162840
370,778,4.5,1159162030
370,1089,2.5,1159162018
370,1136,2.5,1159162023
370,1196,2.5,1159162861
370,1198,4.0,1159162040
370,1240,4.0,1159162923
370,1259,3.5,1159162630
370,1291,4.0,1159164147
370,1676,3.5,1159164388
370,1721,3.5,1159162916
370,1732,1.0,1159162796
370,2115,4.0,1159164152
370,2329,4.0,1159161821
370,2571,4.0,1159162886
370,2572,3.5,1159164372
370,2628,1.5,1159162932
370,2762,4.5,1159162905
370,2858,3.5,1159162710
370,2959,4.5,1159162964
370,4011,4.0,1159162976
370,4226,3.5,1159164366
370,4262,2.5,1159162999
370,4306,4.0,1159163415
370,4878,4.0,1159163478
370,4973,4.5,1159161964
370,4993,4.5,1159163419
370,5618,4.0,1159163476
370,5952,4.5,1159163439
370,5989,3.5,1159163380
370,6365,3.5,1159164201
370,6377,3.5,1159161838
370,6539,4.0,1159163431
370,6874,4.0,1159161893
370,6934,3.0,1159164206
370,7153,4.5,1159161761
370,7361,4.0,1159161969
370,7438,3.5,1159163489
370,8961,4.0,1159164344
370,32587,4.0,1159317596
370,33794,3.0,1159163435
370,44191,4.0,1159317230
371,48,4.5,1407691602
371,924,5.0,1407692564
371,1258,5.0,1407692597
371,1377,3.5,1407691648
371,1676,4.0,1407691581
371,2571,5.0,1407692313
371,3000,5.0,1407692427
371,4226,4.5,1407692697
371,4993,4.5,1407692691
371,6365,5.0,1407692315
371,6934,5.0,1407692318
371,7153,4.5,1407692688
371,7361,5.0,1407692473
372,1,3.0,874416443
372,10,3.0,874416808
372,47,5.0,874417240
372,48,2.0,874416616
372,50,5.0,874414678
372,70,3.0,874415199
372,110,4.0,874415284
372,111,3.0,874416234
372,150,3.0,874415328
372,165,4.0,874417141
372,260,4.0,874414749
372,296,4.0,874416907
372,318,5.0,874417242
372,356,3.0,874415126
372,364,4.0,874415832
372,377,5.0,874417242
372,457,5.0,874414994
372,527,5.0,874417241
372,541,4.0,874415865
372,588,4.0,874415991
372,589,4.0,874415666
372,733,4.0,874416493
372,778,3.0,874415934
372,858,5.0,874415441
372,920,3.0,874417022
372,924,2.0,874416443
372,1036,5.0,874417240
372,1089,5.0,874414806
372,1090,4.0,874416661
372,1097,4.0,874414869
372,1136,3.0,874415666
372,1196,4.0,874414869
372,1198,5.0,874417242
372,1200,5.0,874415726
372,1201,4.0,874415355
372,1203,4.0,874414749
372,1208,5.0,874417241
372,1213,5.0,874415832
372,1214,5.0,874417086
372,1219,3.0,874415516
372,1221,5.0,874415199
372,1227,3.0,874416317
372,1240,3.0,874415328
372,1246,3.0,874415560
372,1258,4.0,874415560
372,1259,4.0,874414806
372,1265,4.0,874415833
372,1270,5.0,874417243
372,1291,5.0,874415776
372,1370,5.0,874417141
372,1387,5.0,874416544
372,1584,4.0,874414409
373,1,3.0,846830172
373,47,5.0,846829997
373,50,5.0,846830055
373,110,4.0,846829968
373,111,5.0,846830279
373,150,2.0,846829840
373,153,3.0,846829862
373,253,5.0,846829968
373,296,5.0,846829840
373,318,5.0,846829926
373,356,4.0,846829926
373,364,5.0,846829997
373,367,1.0,846829997
373,377,2.0,846829997
373,457,3.0,846829901
373,527,5.0,846830055
373,589,3.0,846829968
373,594,5.0,846830279
373,648,4.0,846830246
373,733,3.0,846830364
374,110,5.0,849089153
374,150,3.0,849089035
374,153,4.0,849089070
374,165,3.0,849089070
374,296,5.0,849089035
374,318,4.0,849089125
374,356,4.0,849089103
374,457,3.0,849089070
374,588,3.0,849089070
374,780,4.0,849089184
374,1219,3.0,849089349
374,1258,4.0,849089349
375,318,5.0,1225314378
375,356,4.5,1225314369
375,1196,5.0,1225314356
375,1917,0.5,1225314350
375,1923,4.5,1225314346
375,2628,1.5,1225314341
375,2762,5.0,1225314338
375,3578,5.0,1225314336
375,4226,5.0,1225314330
376,10,4.5,1364994181
376,110,3.5,1364993995
376,150,5.0,1364933598
376,165,3.5,1364994100
376,260,4.0,1364933330
376,356,3.5,1364993979
376,457,4.0,1364933765
376,527,4.5,1364932898
376,541,5.0,1364994224
376,589,5.0,1364933317
376,648,5.0,1364994087
376,733,4.0,1364994137
376,780,4.0,1364994009
376,858,4.0,1364994077
376,1097,3.5,1364933310
376,1101,4.0,1364994494
376,1196,4.0,1364933358
376,1198,4.0,1364994056
376,1200,3.5,1364994290
376,1214,5.0,1364994191
376,1221,4.5,1364932910
376,1240,4.0,1364933335
376,1258,4.0,1364994409
376,1265,4.0,1364933800
376,1270,4.5,1364933313
376,1291,4.0,1364994188
376,1387,4.0,1364994473
376,1527,2.0,1364994269
376,1580,4.0,1364958569
376,1584,4.5,1364994506
376,1721,3.5,1364994119
376,2115,4.5,1364994487
376,2571,3.5,1364994024
376,2628,4.5,1364994169
376,2762,4.0,1364994092
376,3527,4.0,1364933832
376,4226,5.0,1364933036
376,4306,4.0,1364994164
376,4896,4.5,1364994696
376,4973,4.5,1364932968
376,4993,4.5,1364933127
376,4995,4.5,1364994501
376,5418,5.0,1364958369
376,5445,5.0,1364994389
376,5952,3.5,1364933227
376,5989,4.5,1364994668
376,6365,3.5,1364994684
376,7153,4.0,1364994243
376,7254,4.0,1364933397
376,7361,2.5,1364933155
376,8665,5.0,1364958410
376,8961,3.5,1364994610
376,33794,4.0,1364994643
376,48516,4.5,1364933220
376,49272,5.0,1364958316
376,59369,5.0,1364994841
376,60069,4.5,1364932826
376,79132,4.0,1364932803
376,91535,5.0,1364958405
376,96079,4.5,1364994983
376,97304,5.0,1364994775
377,150,5.0,1340345170
377,924,5.0,1340342347
377,1200,4.5,1340343440
377,1203,5.0,1340342211
377,1208,5.0,1340345165
377,1214,5.0,1340343421
377,2858,4.5,1340343891
377,51662,3.5,1340342419
377,72998,4.5,1340347557
377,89745,5.0,1340347578
378,1,4.5,1445347576
378,318,4.5,1445345873
378,364,4.5,1445347879
378,527,4.5,1445345874
378,858,3.0,1445345918
378,1193,4.5,1445347051
378,1213,4.0,1445346216
378,1682,4.0,1445347284
378,2329,4.5,1445345927
378,2959,3.5,1445345887
378,3114,4.5,1445347203
378,4011,3.5,1445347138
378,4226,3.5,1445347927
378,4993,4.5,1445345881
378,5952,4.5,1445345919
378,6539,4.0,1445347884
378,7143,3.5,1445347057
378,7153,4.5,1445345878
378,8961,4.0,1445347900
378,33794,4.5,1445347578
378,44191,4.0,1445346981
378,48394,3.5,1445347029
378,48516,4.5,1445347871
378,48780,5.0,1445347573
378,58559,4.5,1445347569
378,63082,3.5,1445346999
378,68358,4.0,1445347894
378,68954,4.0,1445346206
378,71535,2.0,1445347912
378,74458,4.5,1445347007
378,78499,4.0,1445346989
378,79132,5.0,1445345866
378,91500,2.5,1445347528
378,91529,4.5,1445346199
378,97304,3.5,1445346976
378,99114,3.0,1445346195
378,106782,4.0,1445347279
378,109487,4.5,1445347872
378,116797,4.0,1445346979
379,47,3.0,847397459
379,110,5.0,847397381
379,150,5.0,847397201
379,153,3.0,847397247
379,165,2.0,847397247
379,253,3.0,847397421
379,296,2.0,847397202
379,318,3.0,847397342
379,356,5.0,847397292
379,364,3.0,847397459
379,367,2.0,847397459
379,377,2.0,847397459
379,457,5.0,847397247
379,527,3.0,847397556
379,589,4.0,847397421
380,1,5.0,1493420345
380,10,5.0,1493419787
380,47,5.0,1493494893
380,48,3.0,1493423481
380,50,4.0,1493420347
380,70,5.0,1493423196
380,110,4.0,1493419805
380,153,3.0,1493667398
380,165,5.0,1493667390
380,260,5.0,1493419753
380,296,5.0,1493420341
380,318,3.0,1493419865
380,356,5.0,1493420342
380,364,5.0,1493474112
380,367,5.0,1494278653
380,377,5.0,1493494896
380,457,4.0,1493420352
380,541,5.0,1493474355
380,588,5.0,1493474467
380,589,5.0,1493473853
380,594,4.0,1494803505
380,648,4.0,1493667391
380,733,3.0,1493667403
380,780,4.0,1493420350
380,858,4.0,1493419869
380,919,3.0,1493474195
380,924,4.0,1508109502
380,1028,4.0,1494803560
380,1036,5.0,1493474088
380,1089,4.0,1493419782
380,1097,4.0,1493419978
380,1101,3.0,1494803483
380,1136,5.0,1493473845
380,1193,4.0,1494803420
380,1196,5.0,1493419755
380,1198,5.0,1493419758
380,1200,5.0,1493423198
380,1201,5.0,1493473855
380,1208,4.0,1493474214
380,1213,5.0,1493474014
380,1214,5.0,1493474048
380,1219,4.0,1494803477
380,1221,5.0,1493474216
380,1240,5.0,1493473846
380,1258,4.0,1493420038
380,1265,5.0,1493420459
380,1270,5.0,1493473813
380,1291,5.0,1493419770
380,1370,4.0,1494803529
380,1377,3.0,1494035744
380,1380,3.0,1494803516
380,1387,4.0,1493473978
380,1527,4.0,1493420020
380,1562,3.0,1493667753
380,1580,5.0,1493473986
380,1653,4.0,1494803474
380,1676,5.0,1493419889
380,1682,4.0,1493473812
380,1721,2.0,1493667395
380,1732,5.0,1493667467
380,1907,5.0,1493423190
380,1917,3.0,1493420299
380,1954,5.0,1493474242
380,2023,3.0,1494803667
380,2028,5.0,1493473912
380,2115,5.0,1493474185
380,2161,4.0,1494803715
380,2174,4.0,1494803480
380,2288,5.0,1493474158
380,2355,5.0,1493422722
380,2403,5.0,1493473882
380,2571,4.5,1493419763
380,2628,4.0,1494803425
380,2640,4.0,1494803540
380,2761,4.0,1493420312
380,2762,5.0,1493473932
380,2947,5.0,1493423209
380,2949,5.0,1493473806
380,2953,3.0,1494803963
380,2959,4.0,1494803410
380,3114,5.0,1493473886
380,3471,3.0,1494803569
380,3527,5.0,1493474135
380,3578,4.0,1493474154
380,3623,4.0,1493423325
380,3717,3.0,1494613014
380,4011,5.0,1494613084
380,4016,4.0,1493420199
380,4022,4.0,1494613082
380,4226,5.0,1493419802
380,4262,3.0,1494803618
380,4306,5.0,1493473936
380,4308,3.0,1494528197
380,4366,5.0,1493420358
380,4643,3.0,1494613045
380,4878,4.0,1494528167
380,4886,5.0,1493473866
380,4896,3.0,1494528181
380,4963,3.0,1494528161
380,4993,5.0,1493423199
380,5218,4.0,1494528190
380,5254,5.0,1494266402
380,5266,3.0,1494528286
380,5349,4.0,1494528163
380,5418,4.0,1494528166
380,5444,5.0,1493420144
380,5445,4.0,1494528159
380,5459,4.0,1494528191
380,5464,5.0,1493420520
380,5618,5.0,1493420453
380,5816,3.0,1494528187
380,5872,3.0,1494266397
380,5952,5.0,1493423201
380,5989,4.0,1494528180
380,6365,4.0,1494071223
380,6373,4.0,1493420076
380,6377,4.0,1493473848
380,6537,4.0,1494071267
380,6539,5.0,1493419904
380,6564,2.0,1494071421
380,6754,4.0,1494267365
380,6874,4.0,1494071216
380,6934,3.0,1494071247
380,7143,4.0,1493419984
380,7153,5.0,1493419769
380,7254,4.0,1493420073
380,7293,3.0,1494528246
380,7438,3.0,1493423253
380,7458,3.0,1493419974
380,8368,3.0,1493423264
380,8529,3.0,1494071288
380,8644,5.0,1494071258
380,8665,3.0,1494071228
380,8874,5.0,1493420010
380,8957,4.0,1494071292
380,8961,4.0,1493423255
380,8972,4.0,1494071305
380,8984,2.0,1508109506
380,8985,3.0,1494528671
380,27773,5.0,1493420517
380,30707,5.0,1493420079
380,30793,2.0,1494071273
380,32587,4.0,1493423259
380,33004,4.0,1494794343
380,33615,3.0,1494267384
380,33794,5.0,1493423255
380,34048,3.0,1493419970
380,40815,5.0,1494071252
380,41566,3.0,1494071270
380,41569,3.0,1494071300
380,42738,2.0,1494071484
380,44191,4.0,1493419814
380,45186,5.0,1494071361
380,45517,2.0,1494071317
380,45722,5.0,1493420071
380,46530,3.0,1494696123
380,46972,3.0,1494071374
380,47200,4.0,1494071499
380,48394,5.0,1494071230
380,48780,5.0,1493419808
380,49272,5.0,1494071225
380,51662,4.0,1494071246
380,52722,3.0,1494690900
380,53125,3.0,1494803831
380,53464,3.0,1494696200
380,53972,2.0,1494690916
380,54001,5.0,1493420177
380,54259,5.0,1494804187
380,54997,5.0,1494690915
380,55820,4.0,1493420465
380,56174,4.0,1493420181
380,57640,4.0,1494696151
380,58559,5.0,1493419875
380,59315,5.0,1493420404
380,59369,5.0,1494803853
380,59615,4.0,1493420646
380,60040,4.0,1494696122
380,60069,5.0,1493420402
380,60074,2.0,1493422770
380,60514,3.0,1494696467
380,60684,3.0,1494803815
380,60937,3.0,1494696415
380,63113,4.0,1494690927
380,65682,4.0,1493420929
380,68157,3.0,1493420409
380,68358,4.0,1493420468
380,68791,3.0,1493420793
380,68954,5.0,1493420232
380,69122,4.0,1493420470
380,69844,4.0,1494803761
380,70286,5.0,1508179980
380,71535,3.0,1494803746
380,72998,3.0,1493420408
380,73017,3.0,1495475851
380,77561,4.0,1494708632
380,78105,4.0,1493420838
380,78499,5.0,1493423210
380,79132,5.0,1493420401
380,79293,2.0,1493420806
380,79695,2.0,1494635408
380,81591,4.0,1494708624
380,82461,3.0,1493420779
380,86332,5.0,1493420643
380,86880,5.0,1493420789
380,86911,2.0,1494708730
380,87430,2.0,1493420894
380,88129,5.0,1493420733
380,88140,5.0,1493420735
380,88744,5.0,1493420738
380,89745,5.0,1493419868
380,90746,4.0,1494635469
380,91485,3.0,1494635534
380,91500,3.0,1494708626
380,91529,4.0,1493474187
380,91542,2.0,1493420698
380,91630,3.0,1494804406
380,91974,4.0,1493421102
380,92938,2.0,1493421323
380,93840,5.0,1494635377
380,94777,5.0,1493420802
380,94864,4.0,1493420747
380,95441,4.0,1493420809
380,95510,4.0,1494635368
380,96079,2.0,1494708639
380,96737,5.0,1493420853
380,96861,3.0,1494635568
380,97913,5.0,1493473944
380,98809,5.0,1494708637
380,99112,4.0,1493420875
380,99114,4.0,1494708620
380,100163,3.0,1494708978
380,100498,2.0,1494709030
380,102125,5.0,1494804182
380,102445,4.0,1494804218
380,103042,3.0,1494708602
380,103228,4.0,1508374842
380,103249,3.0,1494708706
380,103253,3.0,1494708608
380,103341,3.0,1536873271
380,105731,3.0,1494709191
380,106072,4.0,1494708603
380,106487,3.0,1494708645
380,106489,2.0,1494804203
380,108190,3.0,1502542929
380,108945,3.0,1495388337
380,109374,4.0,1495388132
380,110102,5.0,1493473911
380,110553,2.0,1495388240
380,111360,3.0,1508109670
380,111362,5.0,1493474096
380,111759,5.0,1502222505
380,111781,4.0,1508437710
380,112623,5.0,1493474014
380,112852,5.0,1493419950
380,112911,2.0,1495388620
380,113348,3.0,1495388460
380,113573,3.0,1495388369
380,115617,5.0,1493473893
380,117529,3.0,1494804737
380,118696,3.0,1495388181
380,120635,2.0,1495388393
380,120799,3.0,1508109648
380,122882,4.0,1494803849
380,122892,5.0,1493474014
380,122900,5.0,1493474123
380,122904,5.0,1493419946
380,122920,5.0,1493419810
380,122924,3.0,1495476114
380,130490,3.0,1508109696
380,130634,3.0,1508109656
380,134853,5.0,1493420282
380,135536,3.0,1508109587
380,135569,4.0,1493474245
380,136020,4.0,1508109524
380,136864,2.0,1508109526
380,148626,3.0,1502232183
380,160438,3.0,1508200574
380,160954,3.0,1501787240
381,1,3.5,1164383653
381,47,2.0,1166980226
381,48,3.0,1165976148
381,50,4.5,1168576731
381,150,3.5,1164876696
381,253,4.0,1171128038
381,260,3.5,1200824545
381,318,3.5,1164383421
381,356,4.0,1278632776
381,364,4.0,1164877278
381,367,1.0,1165975313
381,377,4.0,1200824560
381,457,4.0,1164876685
381,588,4.0,1164877236
381,589,2.5,1164877216
381,594,2.0,1166972089
381,648,3.0,1164877247
381,733,3.5,1164877294
381,780,4.0,1164877227
381,919,4.0,1200824479
381,1028,4.5,1164876962
381,1036,2.0,1164877369
381,1097,4.0,1164876945
381,1136,4.0,1200824320
381,1196,3.5,1200824537
381,1198,4.0,1164383449
381,1208,2.0,1170587454
381,1240,2.5,1164877334
381,1246,4.0,1165975930
381,1258,4.0,1166891088
381,1259,3.5,1200824550
381,1265,3.5,1164876890
381,1270,4.0,1164877266
381,1291,3.5,1164877359
381,1380,4.0,1165975983
381,1527,2.0,1164383349
381,1580,4.0,1164877326
381,1584,3.5,1165975865
381,1653,4.0,1164383246
381,1682,3.5,1200824508
381,1721,3.5,1164877331
381,1907,4.0,1167543323
381,1917,3.0,1165975414
381,1961,4.5,1164877386
381,2115,3.5,1165975937
381,2161,4.5,1167543075
381,2174,4.0,1200823814
381,2329,4.0,1200823794
381,2355,4.0,1165975879
381,2571,5.0,1164383856
381,2628,3.5,1200824541
381,2706,3.0,1165975876
381,2761,4.5,1164383681
381,2762,5.0,1200824255
381,2953,2.0,1164381760
381,2959,5.0,1164876419
381,3000,4.0,1200823935
381,3114,3.5,1164383929
381,3623,3.5,1165976014
381,4016,4.0,1167543120
381,4022,4.0,1165976142
381,4226,4.5,1168800601
381,4306,4.0,1164877390
381,4643,2.0,1167541817
381,4878,5.0,1200823906
381,4886,4.0,1164383523
381,4896,4.0,1164876982
381,4963,4.0,1166972007
381,4973,5.0,1200824153
381,4993,4.0,1200824346
381,4995,4.0,1165975380
381,5218,4.0,1166972011
381,5266,3.5,1167542261
381,5349,3.5,1200824554
381,5418,5.0,1168663116
381,5444,4.5,1167542675
381,5445,3.0,1165975968
381,5459,2.5,1168664750
381,5618,5.0,1165975125
381,5816,4.0,1164876974
381,5872,4.0,1167542552
381,5952,4.0,1200824343
381,5989,4.0,1165975319
381,5995,5.0,1164876462
381,6365,4.0,1165975402
381,6373,3.0,1168665928
381,6377,5.0,1200824415
381,6378,4.5,1165975393
381,6537,2.5,1166971984
381,6539,3.5,1200823941
381,6564,3.0,1168664488
381,6754,3.0,1167543268
381,6934,3.5,1164381715
381,7143,4.5,1168664759
381,7153,4.0,1200824344
381,7361,4.0,1200824433
381,8368,4.0,1167541795
381,8529,4.0,1200824242
381,8644,4.0,1167542569
381,8665,4.0,1165975323
381,8874,3.5,1165287082
381,8961,4.5,1164383392
381,8972,3.5,1167542983
381,30793,3.5,1164876905
381,31658,5.0,1200824385
381,33004,2.0,1168666068
381,33615,3.5,1167543351
381,33794,3.5,1164383184
381,34048,3.5,1167543181
381,40815,4.0,1164876936
381,41566,4.0,1164876956
381,41569,3.5,1167541838
381,44022,3.5,1168664478
381,44191,4.5,1200824497
381,45186,3.0,1164383055
381,45517,4.0,1164382873
381,45720,4.0,1167543260
381,45722,3.5,1164876967
381,46530,3.5,1165975499
381,47099,5.0,1176050612
381,48394,3.5,1170002296
381,48516,5.0,1164382754
381,48780,4.0,1164382765
381,49272,3.5,1178867322
381,49530,4.5,1175821036
381,50872,3.5,1187320076
381,51662,3.5,1173650257
381,52722,1.0,1199054053
381,53125,4.0,1199054017
381,53464,2.0,1199054003
381,53972,4.0,1187320073
381,54001,4.5,1187320046
381,54259,3.5,1197247604
381,55820,4.0,1197247488
381,56174,4.0,1199053774
381,63082,4.5,1278632832
381,66097,5.0,1253162131
381,68358,3.5,1248413784
381,68554,4.0,1248413815
381,68791,3.5,1248413830
381,68954,4.5,1248413728
381,69844,5.0,1248413791
381,70286,3.5,1262898685
381,71057,5.0,1253162138
381,72737,4.0,1262898367
381,72998,4.5,1262898482
381,73017,4.0,1262898671
381,78105,3.0,1278632715
381,78499,4.0,1278632058
381,78772,4.0,1278632221
382,1,4.5,1515162628
382,50,5.0,1515160611
382,150,4.0,1515162557
382,260,5.0,1515160692
382,296,5.0,1515160642
382,318,5.0,1515160581
382,356,4.5,1515160877
382,527,5.0,1515160612
382,588,5.0,1515160916
382,858,5.0,1515160584
382,1196,5.0,1515160696
382,1198,5.0,1515160690
382,1201,4.5,1515160728
382,1214,5.0,1515160736
382,1219,5.0,1515160705
382,1265,5.0,1515160899
382,1653,4.5,1515160958
382,1721,5.0,1515160906
382,1907,4.5,1515161436
382,1917,3.5,1515173362
382,2028,4.5,1515162599
382,2571,5.0,1515173439
382,2628,3.5,1515161544
382,2947,4.5,1515172971
382,2959,5.0,1515160618
382,4226,5.0,1515160655
382,4308,5.0,1515160984
382,4896,4.5,1515162169
382,4993,5.0,1515160693
382,5218,4.5,1515171411
382,5816,4.0,1515162052
382,5952,5.0,1515160698
382,6365,4.0,1515173420
382,6934,3.5,1515173412
382,7153,5.0,1515162241
382,7458,4.0,1515171306
382,8368,4.5,1515162165
382,8972,3.5,1515162798
382,33615,3.0,1515171703
382,34048,4.5,1515171073
382,40339,3.5,1515174568
382,40815,4.5,1515162167
382,41566,4.5,1515162073
382,45720,4.5,1515160931
382,53464,3.5,1515173302
382,54001,5.0,1515162161
382,58559,5.0,1515160622
382,59315,4.5,1515161893
382,59501,4.0,1515162043
382,60069,5.0,1515160700
382,60937,2.5,1515174079
382,63082,4.5,1515160889
382,63113,3.5,1515173477
382,64957,5.0,1515160894
382,68157,5.0,1515160710
382,68554,3.5,1515248228
382,68954,4.5,1515160733
382,69844,4.5,1515162157
382,72737,4.5,1515161153
382,73017,4.5,1515161954
382,77561,4.0,1515161969
382,78499,5.0,1515162656
382,79132,5.0,1515160650
382,81847,4.5,1515161451
382,89745,4.5,1515161896
382,91542,4.5,1515161955
382,95167,4.0,1515161470
382,98809,4.5,1515162219
382,99114,4.5,1515160718
382,101362,3.5,1515172082
382,102125,4.0,1515161974
382,103042,4.0,1515173266
382,105504,5.0,1515162537
382,106489,4.5,1515162225
382,106696,3.5,1515161464
382,110102,4.0,1515161925
382,110553,3.5,1515173317
382,111360,3.5,1515250006
382,111659,4.0,1515161029
382,112171,3.5,1515250068
382,114713,3.5,1515249359
382,114795,3.5,1515249972
382,116887,3.5,1515171056
382,117529,4.0,1515173182
382,118696,4.5,1515162230
382,122882,5.0,1515249400
382,122900,3.5,1515161909
382,122920,4.0,1515161931
382,130634,3.5,1515162979
382,135137,2.0,1515249503
382,135532,3.5,1515248824
382,137857,4.0,1515149008
382,152079,3.5,1515172074
382,160080,3.0,1515248308
383,150,4.0,943571045
383,1196,3.0,943571184
383,1246,5.0,943571137
383,1584,4.0,943571272
383,2762,5.0,943571045
384,296,5.0,996441209
384,457,4.0,994038410
384,924,3.0,994038103
384,1036,4.0,996929966
384,1090,4.0,994038103
384,1258,4.0,994038410
384,2355,4.0,996440857
384,2706,4.0,996440816
384,2959,4.0,996440903
384,3471,5.0,996929949
384,3527,2.0,994038709
384,4011,5.0,996441142
385,1,4.0,834691642
385,10,3.0,834691622
385,50,3.0,834691694
385,150,5.0,834691537
385,153,3.0,834693538
385,260,4.0,865023897
385,296,4.0,834691537
385,318,5.0,834691601
385,356,4.0,834691790
385,364,3.0,865024570
385,367,3.0,834693560
385,457,4.0,834691662
385,541,5.0,865025716
385,588,4.0,837949569
385,589,5.0,834691845
385,594,3.0,834694144
385,780,3.0,839867301
385,858,5.0,865023921
385,924,4.0,849547129
385,1028,3.0,842892309
385,1036,3.0,842892161
385,1097,3.0,865025491
385,1101,3.0,865025790
385,1136,4.0,865025940
385,1196,5.0,865025491
385,1198,5.0,865025491
385,1200,4.0,865025057
385,1201,3.0,865025755
385,1208,4.0,865026336
385,1213,5.0,865025717
385,1219,4.0,865025073
385,1221,4.0,865025755
385,1240,4.0,865025716
385,1246,4.0,865026351
385,1258,4.0,865025596
385,1265,5.0,865025275
385,1270,4.0,865025940
385,1291,5.0,865025717
385,1370,3.0,865025145
385,1377,3.0,865025818
385,1380,3.0,865025367
385,1387,3.0,865025112
385,1527,4.0,865023868
386,10,3.0,842610246
386,47,3.0,842610286
386,50,3.0,842610344
386,110,3.0,842610269
386,153,2.0,842610183
386,165,2.0,842610183
386,296,5.0,842610161
386,318,3.0,842610228
386,367,1.0,842610304
386,377,3.0,842610286
386,457,3.0,842610204
386,589,3.0,842610286
386,648,3.0,842613817
386,733,3.0,842613914
386,780,2.0,842613867
387,10,3.5,1094938515
387,47,4.5,1094876919
387,50,4.5,1094876246
387,70,3.5,1183536308
387,110,3.5,1095040466
387,111,4.5,1094876158
387,153,3.0,1094938517
387,260,4.5,1118029794
387,296,5.0,1094876289
387,318,3.5,1117356028
387,356,4.0,1095040458
387,364,3.0,1094938483
387,367,3.0,1094938421
387,541,4.5,1094876108
387,588,2.5,1094938228
387,589,3.5,1094877577
387,648,3.0,1117356493
387,778,4.5,1094875332
387,780,2.0,1094938230
387,858,4.5,1094876298
387,919,3.0,1094877085
387,920,3.0,1094938343
387,924,5.0,1094876341
387,1028,2.5,1094877981
387,1036,3.0,1094877543
387,1089,4.5,1094875279
387,1090,3.5,1094877353
387,1097,3.5,1095040505
387,1101,3.0,1094938336
387,1136,4.5,1094876102
387,1193,4.0,1094876498
387,1196,4.5,1094876567
387,1198,4.0,1094876512
387,1200,3.5,1094876630
387,1201,4.0,1166243775
387,1208,5.0,1094875238
387,1209,3.0,1094876481
387,1213,3.5,1117356023
387,1214,4.0,1125212099
387,1219,4.5,1121052530
387,1221,4.5,1094876300
387,1227,4.0,1094875415
387,1240,4.0,1094877202
387,1258,4.5,1094875256
387,1265,3.5,1094876818
387,1270,2.0,1094877590
387,1291,3.5,1094877559
387,1370,2.5,1117414846
387,1377,2.0,1094938353
387,1380,1.5,1095040734
387,1387,3.5,1094876734
387,1527,3.5,1094938345
387,1562,1.5,1095041022
387,1653,3.5,1094849187
387,1682,3.0,1094942126
387,1732,3.5,1117415219
387,1907,2.5,1171934560
387,1923,3.5,1094878004
387,1954,3.0,1095040708
387,2115,3.5,1094938302
387,2161,4.0,1094939517
387,2174,2.0,1095116837
387,2288,4.0,1094877451
387,2329,4.0,1094875361
387,2403,3.0,1138512659
387,2571,4.0,1094876701
387,2640,1.0,1094849196
387,2762,2.5,1212603789
387,2858,4.5,1161500347
387,2947,4.0,1094876855
387,2949,4.0,1094877281
387,2959,4.5,1094875287
387,3000,4.0,1129452297
387,3471,3.5,1094876727
387,3527,3.5,1095040790
387,3578,3.0,1095040572
387,4016,3.0,1095116437
387,4226,4.5,1094875856
387,4262,4.5,1134880807
387,4643,3.0,1094938537
387,4878,4.5,1094875985
387,4896,3.0,1094938591
387,4963,3.5,1185007107
387,4973,4.0,1094875235
387,4993,3.0,1117355720
387,4995,3.0,1094877958
387,5445,3.0,1094877331
387,5618,4.5,1128876313
387,6378,3.0,1094942295
387,6537,3.5,1117414721
387,6539,3.5,1094876883
387,6874,4.0,1123313520
387,7438,4.0,1123313523
387,8644,3.0,1117355701
387,8665,3.5,1186122067
387,8874,3.0,1171785071
387,8957,3.5,1171002071
387,8972,3.5,1183354312
387,27773,5.0,1128925649
387,30793,3.5,1121743996
387,31658,3.5,1158044012
387,32587,4.0,1137922810
387,33794,4.0,1183271835
387,41566,3.0,1135994028
387,42738,2.5,1203301137
387,44191,4.5,1190526487
387,48394,4.0,1169366817
387,48516,4.0,1169887618
387,48780,4.5,1174624345
387,51540,3.0,1173159711
387,51662,3.5,1177136746
387,52722,3.5,1180165132
387,53972,3.5,1184538639
387,55820,4.5,1206858015
387,59615,3.0,1211900553
388,1203,1.0,1386694132
388,4306,5.0,1386694304
388,5218,4.5,1386694447
388,6377,4.0,1386694264
388,33615,5.0,1386694280
388,44022,4.5,1386694436
388,103335,5.0,1386690120
389,1,5.0,857934174
389,260,5.0,857934308
389,648,3.0,857934174
389,733,5.0,857934242
389,780,5.0,857934174
390,110,4.0,1250339216
390,527,4.5,1250335802
390,1097,1.5,1250341925
390,1193,5.0,1250335780
390,2288,4.0,1250274206
390,2329,4.0,1250335607
390,2571,4.5,1250335723
390,2858,2.5,1250338502
390,2959,5.0,1250335677
390,4226,4.5,1250335735
390,4973,5.0,1250335591
390,5618,4.5,1250335828
390,5989,2.0,1250340710
390,6377,5.0,1250342421
390,7254,4.5,1250339385
390,7361,5.0,1250342188
390,58559,2.5,1250335651
390,60040,3.5,1250275153
390,64957,4.0,1250341389
390,66097,4.0,1250341245
391,1,3.0,1032388077
391,10,3.0,1030944309
391,47,3.0,1030944178
391,50,4.0,1030827636
391,70,1.0,1030944454
391,110,5.0,1030945408
391,111,5.0,1032388078
391,150,4.0,1032390066
391,165,2.0,1030944490
391,260,5.0,1032387863
391,296,5.0,1030827757
391,318,5.0,1030827712
391,356,5.0,1031030749
391,377,2.0,1030826512
391,457,4.0,1030944267
391,527,5.0,1030827772
391,541,5.0,1030827097
391,589,4.0,1030826859
391,648,3.0,1031030362
391,778,5.0,1032388253
391,780,1.0,1031030771
391,858,5.0,1030945609
391,920,5.0,1030945265
391,924,5.0,1032388098
391,1028,5.0,1032648645
391,1036,5.0,1032388192
391,1089,5.0,1030824751
391,1090,4.0,1032389993
391,1097,5.0,1030824424
391,1136,5.0,1030824520
391,1193,5.0,1030945772
391,1196,5.0,1030945391
391,1200,3.0,1032388237
391,1201,4.0,1034216816
391,1208,5.0,1030945408
391,1213,4.0,1030945624
391,1214,4.0,1032736600
391,1219,5.0,1030945710
391,1221,4.0,1032387210
391,1240,4.0,1030827097
391,1246,4.0,1032389481
391,1258,5.0,1032388143
391,1259,4.0,1032389889
391,1265,4.0,1030944635
391,1270,4.0,1030827110
391,1291,4.0,1030827923
391,1370,3.0,1030944309
391,1527,2.0,1030826899
391,1580,2.0,1030826899
391,1653,5.0,1030826859
391,1676,1.0,1030826615
391,1682,4.0,1032390100
391,1732,3.0,1030944221
391,1923,4.0,1032390126
391,1961,4.0,1032389642
391,2023,3.0,1031030942
391,2028,2.0,1030824520
391,2115,2.0,1032390215
391,2288,2.0,1032388956
391,2571,5.0,1030826859
391,2628,1.0,1032647762
391,2640,4.0,1030827179
391,2706,3.0,1030825002
391,2762,2.0,1030944152
391,2858,4.0,1030824967
391,2947,4.0,1032388314
391,2949,3.0,1032389545
391,2959,4.0,1030825131
391,3000,4.0,1030827864
391,3578,1.0,1030825163
391,3623,1.0,1030825299
391,3717,2.0,1030825163
391,4011,4.0,1030943916
391,4226,5.0,1030827636
391,4306,4.0,1032388273
391,4308,3.0,1032648534
391,4886,3.0,1032388454
391,4973,5.0,1030824733
391,4993,5.0,1030824777
391,4995,4.0,1030824794
391,5254,1.0,1030944035
391,5349,3.0,1030826998
391,5418,4.0,1030824613
392,1193,4.0,1027524098
392,1198,5.0,1027524111
392,1221,5.0,1027524082
392,2628,2.0,1027524145
392,2706,5.0,1027524290
392,2858,4.0,1027524262
393,110,4.0,1430505977
393,457,5.0,1430505971
393,541,0.5,1430506010
393,589,0.5,1430505921
393,778,0.5,1430506242
393,1089,5.0,1430506089
393,1198,5.0,1430505811
393,1214,3.0,1430506219
393,1240,0.5,1430505957
393,1291,5.0,1430505819
393,1625,3.0,1430506286
393,1653,4.0,1430506736
393,1682,4.0,1430506294
393,1732,0.5,1430506720
393,2329,5.0,1430506129
393,2571,5.0,1430505817
393,2959,5.0,1430505981
393,3578,4.0,1430505865
393,3623,3.0,1430507431
393,4011,5.0,1430506157
393,4022,5.0,1430507425
393,4226,5.0,1430505871
393,4878,5.0,1430506161
393,4963,5.0,1430507415
393,4993,5.0,1430505859
393,4995,4.0,1430507442
393,5349,5.0,1430507415
393,5418,5.0,1430506447
393,5445,0.5,1430506636
393,5952,5.0,1430505860
393,6365,5.0,1430507433
393,6539,5.0,1430506204
393,6874,5.0,1430506529
393,7153,5.0,1430505826
393,7438,5.0,1430506348
393,8529,3.0,1430507690
393,8644,0.5,1430507504
393,8665,5.0,1430506266
393,8984,5.0,1430507635
393,32587,0.5,1430506599
393,33794,5.0,1430505954
393,44191,4.0,1430506171
393,45722,5.0,1430507487
393,48394,5.0,1430506137
393,49272,5.0,1430506696
393,52722,2.5,1430507744
393,53125,5.0,1430507657
393,54259,5.0,1430507733
393,58559,5.0,1430505824
393,59315,5.0,1430505965
393,59369,0.5,1430506550
393,59615,2.0,1430507741
393,60684,4.0,1430507659
393,68358,5.0,1430505962
393,70286,5.0,1430506256
393,72998,0.5,1430506458
393,73017,5.0,1430506540
393,74458,0.5,1430507624
393,77561,4.0,1430507736
393,79132,5.0,1430505945
393,85414,3.0,1430506592
393,88129,0.5,1430506334
393,89745,5.0,1430506199
393,91529,5.0,1430507085
393,96079,5.0,1430506264
393,98809,5.0,1430506330
393,102125,4.0,1430506862
393,102445,4.5,1430506292
393,106489,5.0,1430506573
393,110102,5.0,1430506649
393,111362,5.0,1430506694
393,112852,5.0,1430505896
393,122892,5.0,1430505834
394,50,5.0,838994626
394,110,5.0,838994356
394,150,3.0,838994123
394,153,3.0,838994173
394,356,4.0,838994356
394,367,3.0,838994460
394,457,4.0,838994263
394,588,2.0,838994173
395,10,3.0,841503555
395,48,2.0,841504003
395,110,4.0,841503580
395,165,3.0,841503441
395,296,3.0,841503394
395,356,3.0,841503555
395,364,3.0,841503627
395,367,4.0,841503656
395,377,3.0,841503656
395,527,2.0,841503819
395,588,2.0,841503441
395,589,3.0,841503627
395,648,5.0,841504217
396,1,5.0,1111688626
396,50,4.0,1111688630
396,318,4.5,1111688621
396,1625,3.5,1111688470
396,2329,4.5,1111688545
396,3114,4.0,1111688632
396,4886,4.0,1111688536
396,5445,2.0,1111688535
396,6377,4.5,1111688617
398,1028,5.0,1311207219
398,1136,5.0,1311207902
398,1198,4.5,1311207956
398,2161,5.0,1311207291
398,3000,5.0,1311207592
398,4973,5.0,1311207812
398,5618,5.0,1311207857
398,7361,4.0,1311207930
398,31658,4.0,1311208617
398,48516,4.0,1311208138
398,60069,5.0,1311207989
398,68954,5.0,1311207913
398,79132,3.0,1311208624
398,81845,5.0,1311207891
398,82459,4.0,1311207875
399,1,4.0,1167220428
399,110,3.0,1167220367
399,260,5.0,1167220356
399,296,5.0,1167220327
399,356,5.0,1167220295
399,527,4.0,1167222101
399,589,2.5,1167220410
399,780,3.5,1167220383
399,1196,5.0,1167220406
399,1198,5.0,1167220403
399,1270,5.0,1167220364
399,1291,4.5,1167222115
399,1580,0.5,1167220388
399,2571,5.0,1167220314
399,2762,4.5,1167220354
399,2858,0.5,1167220276
399,2959,3.0,1167220282
399,3114,4.0,1167222222
399,3578,5.0,1167220379
399,4306,5.0,1167220333
399,4886,4.0,1167220397
399,4993,4.5,1167220302
399,5445,0.5,1167220394
399,5952,5.0,1167220309
399,6377,5.0,1167220376
399,7153,4.0,1167220305
399,8961,3.5,1167222093
399,33794,2.5,1167222106
400,47,5.0,1498870391
400,50,5.0,1498870285
400,260,5.0,1498870148
400,296,5.0,1498870341
400,318,5.0,1498870167
400,356,4.5,1498870483
400,541,4.5,1498870376
400,778,5.0,1498870441
400,858,5.0,1498870339
400,1036,4.5,1498870302
400,1193,4.5,1498870428
400,1196,5.0,1498870150
400,1198,4.5,1498870158
400,1213,4.5,1498870443
400,1221,4.5,1498870513
400,1258,4.5,1498870439
400,1270,4.0,1498870284
400,2571,5.0,1498870160
400,2959,5.0,1498870338
400,3578,4.0,1498870383
400,4878,4.5,1498870517
400,4993,4.0,1498870354
400,7153,4.0,1498870350
400,47099,4.0,1498870198
400,48516,4.0,1498870374
400,52722,2.5,1498870208
400,58559,4.5,1498870343
400,59615,2.5,1498870210
400,76093,4.5,1498870479
400,79132,5.0,1498870346
400,134130,4.0,1498870437
401,1,3.5,1510450550
401,48,2.0,1514347122
401,356,3.5,1514346202
401,364,3.5,1514347354
401,588,3.0,1514346811
401,1136,4.0,1515527938
401,1580,2.0,1514347123
401,1907,3.5,1510455626
401,3114,3.0,1510448991
401,4016,4.5,1510449289
401,4306,3.5,1514347054
401,4366,4.5,1510449649
401,4886,3.5,1514346115
401,4993,3.0,1510450411
401,5218,3.5,1514347527
401,5444,4.0,1510449308
401,5952,3.0,1510450411
401,6377,3.5,1514347246
401,6539,3.5,1510455689
401,7153,3.0,1510450401
401,8961,4.0,1514346865
401,30793,3.0,1514347062
401,31658,3.5,1510449709
401,33615,2.5,1514347874
401,45722,3.5,1510455704
401,50872,4.0,1514346857
401,53125,3.5,1510449477
401,59315,3.5,1514347481
401,59784,3.5,1515527923
401,60069,4.0,1510455571
401,66097,4.0,1510449819
401,68954,4.0,1510449295
401,72737,3.5,1510450457
401,72998,3.0,1514347490
401,76093,3.5,1514347590
401,78499,3.5,1510449868
401,79091,3.5,1510449779
401,81564,4.5,1510449037
401,81847,4.0,1510450423
401,98809,3.0,1515528273
401,112552,3.0,1514346994
401,112852,3.5,1514346960
401,134853,4.0,1510450386
402,47,3.0,849654599
402,165,5.0,849601250
402,296,5.0,849601250
402,364,4.0,849654417
402,377,5.0,849601325
402,457,4.0,849601325
402,527,4.0,849654417
402,588,4.0,849654543
402,589,5.0,849601295
402,780,5.0,852552188
402,1036,5.0,849601325
403,47,5.0,1225243620
403,110,5.0,1225243634
403,296,5.0,1225243673
403,1089,4.0,1225243649
403,1213,4.5,1225243612
403,1291,4.5,1225243605
403,2329,4.5,1225243630
403,2761,3.0,1225243390
403,7361,4.5,1225243681
403,58998,4.0,1225243690
404,47,3.0,838375864
404,110,4.0,838375832
404,165,3.0,838375720
404,296,3.0,838375694
404,318,4.0,838375745
404,356,4.0,838375832
404,364,3.0,838375864
404,367,3.0,838375894
404,377,4.0,838375928
404,457,4.0,838375784
404,527,4.0,838376343
404,588,4.0,838375720
405,70,4.0,1295917097
405,110,4.0,1295913228
405,111,4.5,1298419980
405,253,3.5,1295913679
405,296,4.5,1295912262
405,541,4.5,1299378002
405,1089,4.0,1295912277
405,1101,4.0,1295915290
405,1209,3.5,1298431405
405,1213,4.5,1295914277
405,1214,4.0,1300134613
405,1625,4.0,1295910873
405,1732,3.5,1295913070
405,2329,3.5,1295915392
405,2571,4.5,1295911712
405,2959,4.0,1295911053
405,4011,4.0,1300898103
405,4022,3.5,1295935743
405,4226,4.5,1295910680
405,4878,4.0,1295933975
405,5989,3.5,1295921683
405,7254,4.0,1295930260
405,32587,5.0,1295911744
405,33004,3.5,1295933067
405,48394,3.5,1295910903
405,48780,4.0,1295910700
405,55820,4.5,1295910798
405,64614,4.0,1295915406
405,68157,3.5,1295935366
405,79132,4.5,1295910661
406,46972,4.0,1296959410
407,260,4.0,1424349164
407,1036,3.0,1424349636
407,1196,4.0,1424349169
407,1240,3.0,1424349576
407,1291,4.0,1424349174
407,2028,4.0,1424349622
407,2571,5.0,1424349171
407,2959,5.0,1424349614
407,4993,5.0,1424349189
407,5445,5.0,1424349200
407,5952,5.0,1424349191
407,6539,4.0,1424349198
407,7153,5.0,1424349179
407,58559,5.0,1424349176
407,59315,5.0,1424349624
407,60069,2.5,1424349618
407,68954,3.0,1424349613
407,76093,4.0,1424349580
407,109374,3.5,1424349211
407,112556,5.0,1424349215
408,10,4.5,1467913128
408,165,3.5,1469138655
408,260,4.0,1472537293
408,318,4.5,1470901532
408,1036,4.0,1468523581
408,1196,4.0,1472537296
408,1198,5.0,1467371924
408,1265,5.0,1467644714
408,1291,5.0,1468253241
408,2571,4.5,1469527105
408,3578,4.5,1467623223
408,4993,5.0,1467371723
408,5418,4.5,1468361174
408,5952,5.0,1467371725
408,7143,4.0,1467371997
408,7153,5.0,1467371716
408,8972,4.0,1467361272
408,33794,5.0,1467371677
408,41566,5.0,1467372474
408,44191,5.0,1467371208
408,48394,4.0,1467801002
408,48780,5.0,1467371256
408,49272,5.0,1467371732
408,49530,4.0,1467371306
408,51662,4.0,1472537730
408,53972,3.5,1468495066
408,54259,4.5,1470032963
408,58559,5.0,1467361700
408,59369,4.5,1468361289
408,68554,3.0,1467361334
408,73017,5.0,1467361655
408,74789,3.0,1474942614
408,79132,3.5,1467371343
408,82461,4.0,1467371107
408,89745,3.5,1472723077
408,91529,4.0,1467879035
408,91542,5.0,1467361648
408,94864,2.0,1467371826
408,96079,3.0,1472722374
408,98809,4.0,1468145211
408,99112,5.0,1467361602
408,101864,5.0,1467371641
408,103042,4.5,1467371835
408,103341,1.0,1468149068
408,106489,4.0,1467379739
408,106916,4.0,1468361453
408,109487,4.0,1485816406
408,111759,5.0,1467371225
408,111781,5.0,1467379824
408,114795,4.0,1467371240
408,115210,4.0,1467371321
408,116797,4.0,1485814868
408,122900,5.0,1467371588
408,122904,3.5,1489793600
408,132046,2.5,1467371813
408,134130,4.0,1467910494
408,136020,4.0,1468145393
408,138036,5.0,1467546645
408,152077,4.0,1485814582
409,111,5.0,969059983
409,260,4.0,967912821
409,296,5.0,969059543
409,318,4.0,969058201
409,858,5.0,967919359
409,919,5.0,969060011
409,1136,5.0,967920079
409,1193,5.0,969058201
409,1213,5.0,969072204
409,1219,4.0,969072061
409,1221,5.0,969057728
409,1259,4.0,968978986
409,1265,4.0,968979010
409,1380,4.0,967920162
409,2028,2.0,967912852
409,2706,4.0,968978055
409,2762,2.0,968978439
409,2858,5.0,968978055
410,111,3.0,990807684
410,260,3.0,990727962
410,296,2.0,990807684
410,318,5.0,990729103
410,527,4.0,990727918
410,2174,3.0,990910094
410,2858,3.0,990807597
411,1,5.0,835532155
411,10,3.0,835532065
411,47,4.0,835532191
411,50,3.0,835532221
411,110,4.0,835532155
411,111,4.0,835532253
411,150,5.0,835531951
411,165,3.0,835531994
411,253,3.0,835532100
411,296,5.0,835531951
411,318,4.0,835532030
411,356,5.0,835532346
411,364,4.0,835532253
411,367,2.0,835532287
411,377,3.0,835532477
411,457,4.0,835532100
411,527,5.0,835532539
411,589,3.0,835532449
411,648,5.0,835532994
412,1,2.0,939114353
412,47,3.0,939114573
412,457,4.0,939114687
412,858,5.0,939563056
412,924,5.0,939114775
412,1036,3.0,939114775
412,1089,2.0,939114613
412,1136,5.0,939114231
412,1214,4.0,939114735
412,1219,4.0,939114647
412,1221,5.0,939563056
412,1923,3.0,939136944
412,2571,3.0,939114573
412,2628,4.0,939563056
412,2762,3.0,939113589
412,2858,5.0,939113589
413,296,5.0,1484439565
413,318,5.0,1484439483
413,457,5.0,1484439876
413,527,5.0,1484439759
413,858,5.0,1484439756
413,1198,1.0,1484439850
413,1213,4.5,1484439561
413,1221,4.5,1484439559
413,1246,1.0,1484439859
413,2028,5.0,1484439998
413,2329,5.0,1484439570
413,2706,3.0,1484440050
413,2858,1.0,1484439820
413,2959,5.0,1484439761
413,3147,5.0,1484439835
413,4022,4.5,1484440209
413,4262,5.0,1484439749
413,4993,5.0,1484439852
413,6373,5.0,1484440101
413,6378,5.0,1484439929
413,7293,5.0,1484440084
413,8644,2.5,1484439953
413,8665,5.0,1484439902
413,51662,5.0,1484440066
413,64957,5.0,1484440130
413,68157,5.0,1484439867
413,69122,5.0,1484440007
413,71535,5.0,1484439903
413,97304,5.0,1484439652
413,99114,4.5,1484439606
413,128360,3.0,1484440311
414,1,4.0,961438127
414,10,3.0,961515863
414,47,4.0,961681857
414,48,3.0,961437741
414,50,5.0,961681714
414,110,5.0,961512475
414,111,5.0,961516639
414,150,4.0,961517162
414,153,2.0,961439358
414,165,3.0,961515958
414,253,3.0,961437549
414,260,5.0,961514667
414,296,5.0,961516693
414,318,5.0,961516613
414,356,5.0,961438609
414,364,4.0,961519028
414,367,4.0,961438352
414,377,4.0,961513948
414,457,5.0,961515643
414,527,4.0,961512311
414,541,5.0,961514667
414,588,4.0,961438199
414,589,5.0,961514698
414,594,4.0,961518937
414,648,4.0,961515889
414,733,3.0,961515808
414,778,5.0,961517101
414,780,4.0,961512595
414,858,5.0,961515566
414,919,4.0,961516737
414,924,5.0,961514698
414,1028,4.0,961595525
414,1036,5.0,961515684
414,1089,5.0,961681753
414,1090,5.0,961512475
414,1097,4.0,961514832
414,1101,5.0,961514217
414,1136,5.0,961595286
414,1193,4.0,961516716
414,1196,5.0,961512311
414,1198,5.0,961515566
414,1200,5.0,961512403
414,1201,5.0,961513349
414,1208,5.0,961512403
414,1213,5.0,961516639
414,1214,5.0,961514668
414,1221,5.0,961515566
414,1240,5.0,961514698
414,1246,4.0,961517395
414,1259,5.0,961516921
414,1265,4.0,961438175
414,1270,5.0,961514698
414,1291,4.0,961515643
414,1370,4.0,961515781
414,1377,4.0,1118949184
414,1380,3.0,961514273
414,1387,4.0,961515597
414,1527,5.0,961514893
414,1562,2.0,961516398
414,1580,4.0,961438437
414,1584,3.0,961514924
414,1625,4.0,961437391
414,1653,4.0,961514857
414,1676,4.0,961512595
414,1682,4.0,961517327
414,1721,4.0,961514186
414,1732,5.0,1027521065
414,1907,4.0,1039532289
414,1917,4.0,961515325
414,1923,5.0,961438476
414,1954,4.0,961515643
414,1961,4.0,961517011
414,2028,5.0,961512341
414,2115,4.0,961515928
414,2161,4.0,961594982
414,2174,4.0,961595440
414,2329,5.0,961516921
414,2355,4.0,961436556
414,2403,4.0,961515889
414,2571,5.0,961514761
414,2572,4.0,961436469
414,2628,4.0,1258247798
414,2640,3.0,961514795
414,2706,5.0,961436469
414,2761,4.0,961436800
414,2762,3.0,961437029
414,2858,5.0,961436469
414,2947,3.0,961515597
414,2949,3.0,961515684
414,2959,5.0,961437188
414,3000,5.0,982596920
414,3114,5.0,991146026
414,3147,4.0,963322341
414,3471,4.0,999617473
414,3527,4.0,961514795
414,3578,5.0,961436763
414,3623,4.0,961436852
414,3717,3.0,979325624
414,4011,5.0,980784313
414,4016,4.0,994692767
414,4022,5.0,992878825
414,4226,5.0,991750128
414,4262,4.0,991144487
414,4306,4.0,990713929
414,4308,5.0,1016034211
414,4366,3.0,1013702889
414,4643,4.0,997278272
414,4776,4.0,1017669912
414,4878,5.0,1016634298
414,4886,4.0,1006186497
414,4896,2.0,1069692955
414,4963,4.0,1008690868
414,4973,5.0,1027519001
414,4993,5.0,1010588118
414,4995,4.0,1017669769
414,5218,3.0,1038842156
414,5254,4.0,1017760676
414,5266,5.0,1033391106
414,5349,5.0,1020450091
414,5418,4.0,1029248881
414,5444,4.0,1026136713
414,5445,5.0,1024928368
414,5459,3.0,1039442795
414,5464,4.0,1026826617
414,5618,5.0,1035828876
414,5816,3.0,1072057909
414,5872,3.0,1095466014
414,5952,5.0,1040398879
414,5989,4.0,1057178061
414,5995,4.5,1068840189
414,6365,4.0,1053623904
414,6373,2.5,1103335744
414,6377,4.5,1055777981
414,6378,4.0,1055778010
414,6537,3.0,1095466064
414,6539,4.5,1058630859
414,6754,3.0,1064941581
414,6874,4.0,1067202569
414,6934,4.0,1068840163
414,7143,4.5,1071505677
414,7153,4.0,1072123275
414,7254,4.0,1075733597
414,7293,3.5,1106190123
414,7361,4.5,1081911295
414,7438,4.0,1085493606
414,7458,4.0,1086201679
414,8529,4.0,1089129104
414,8533,3.5,1216147667
414,8644,3.5,1125287806
414,8665,3.5,1249835218
414,8874,4.0,1109962032
414,8961,4.0,1103609459
414,8972,2.0,1216149532
414,8985,2.5,1131044357
414,27773,4.5,1485656436
414,30707,4.5,1108393827
414,32587,4.0,1112630135
414,33004,3.5,1128976607
414,33615,2.5,1216147608
414,33794,4.5,1118949162
414,34048,3.5,1121481324
414,40339,3.0,1159798631
414,40815,3.5,1511535762
414,41566,4.0,1145900930
414,41569,4.0,1135980873
414,42738,3.0,1216150216
414,44022,2.5,1489548300
414,44191,4.0,1144255732
414,45186,3.5,1168551546
414,45517,3.0,1192047422
414,45720,4.0,1189529698
414,45722,3.5,1153752785
414,46530,4.0,1152023673
414,46972,2.0,1216151280
414,47099,3.5,1286739003
414,47200,3.0,1173893604
414,48394,4.0,1187622200
414,48516,4.5,1160666330
414,48780,4.5,1163775795
414,49272,4.0,1164641717
414,49530,4.0,1166460004
414,50872,4.0,1216145537
414,51540,3.5,1189811286
414,51662,4.0,1175542780
414,52722,3.0,1194293680
414,53125,2.0,1203130264
414,53972,3.5,1273977156
414,54001,3.5,1511535764
414,54259,3.5,1203130241
414,54997,4.0,1190058682
414,55820,4.5,1196274454
414,56174,3.5,1216146980
414,58559,4.0,1251142393
414,58998,3.5,1489548259
414,59315,4.0,1216145513
414,59369,3.5,1283877039
414,59615,2.5,1273977925
414,59784,4.0,1273977148
414,60040,4.0,1273977095
414,60069,4.5,1249835059
414,60072,2.5,1489548293
414,60074,3.0,1489548257
414,60684,3.5,1249833230
414,63082,4.0,1297016125
414,63113,4.0,1273977218
414,63992,2.5,1273977836
414,64614,4.0,1261937993
414,64957,3.5,1246413595
414,68135,3.5,1256417411
414,68157,4.0,1261010104
414,68358,4.0,1246413686
414,68954,4.0,1261010107
414,69122,4.0,1273977029
414,69844,3.5,1511537090
414,70286,4.5,1255016534
414,71535,5.0,1273977367
414,71838,2.5,1273977893
414,72998,4.0,1261503960
414,73017,4.0,1273977264
414,76093,4.5,1344734328
414,77561,3.5,1511535652
414,78499,5.0,1294085364
414,79091,3.5,1511535659
414,79132,5.0,1281973850
414,79293,2.5,1294085442
414,79695,2.0,1294085451
414,80463,4.0,1286737454
414,81564,4.0,1511537104
414,81591,4.0,1300279548
414,81845,4.0,1511535588
414,82169,3.5,1511537245
414,82459,4.5,1344733797
414,82461,4.0,1511537107
414,85414,4.0,1312506393
414,86332,3.0,1489536951
414,87430,2.0,1511537183
414,88129,5.0,1324237914
414,88140,3.5,1511535697
414,88744,4.0,1511535685
414,89745,4.0,1356135802
414,90405,3.5,1489536938
414,91500,3.5,1489536946
414,91529,4.5,1357156227
414,91542,3.5,1356136098
414,91630,2.0,1511535737
414,93840,4.5,1356136045
414,94864,3.0,1489536949
414,95441,3.0,1356135864
414,95510,3.5,1356135822
414,96079,4.0,1511535661
414,96737,4.0,1522624838
414,97304,4.0,1485656745
414,97921,4.0,1485656924
414,99112,3.5,1525558988
414,99114,4.5,1485656719
414,102445,3.5,1489537101
414,103341,4.0,1511541227
414,104374,4.0,1489537036
414,104841,5.0,1485656670
414,105504,4.0,1522624502
414,106782,4.0,1485656712
414,106916,4.0,1519594261
414,106920,4.0,1485657161
414,107406,4.0,1489536975
414,108932,5.0,1485656672
414,109374,4.0,1485656515
414,109487,4.5,1485656421
414,111759,4.0,1519593204
414,111921,3.5,1519593484
414,112183,4.0,1485656823
414,112552,4.0,1485656502
414,112556,4.0,1485656677
414,112623,4.0,1511541275
414,112852,4.0,1489537019
414,114662,3.5,1511541633
414,115210,4.0,1489536972
414,115617,3.5,1489536909
414,115713,4.5,1485656424
414,116797,4.0,1485657163
414,117529,3.5,1525562381
414,122882,5.0,1485656726
414,122900,3.5,1519593454
414,122904,4.0,1485656101
414,128360,4.0,1519593261
414,134130,5.0,1485656565
414,134853,4.5,1485656561
414,135536,2.0,1489537034
414,137857,4.0,1485656126
414,139385,5.0,1519593286
414,139644,4.5,1519593218
414,140174,4.5,1511540882
414,140715,4.0,1525562956
414,143385,4.0,1513959196
414,148626,5.0,1485656568
414,160080,3.0,1485656197
414,160438,2.5,1485656169
415,47,4.0,1382470301
415,50,4.5,1382469955
415,111,4.5,1382470177
415,150,4.0,1382470263
415,260,4.0,1382470256
415,296,5.0,1382470083
415,318,5.0,1382469950
415,356,5.0,1382470244
415,377,3.5,1382470305
415,457,3.5,1382470266
415,588,4.0,1382470291
415,858,5.0,1382469952
415,1193,5.0,1382469968
415,1198,4.0,1382470692
415,1201,5.0,1382470161
415,1203,4.5,1382470207
415,1213,5.0,1382470027
415,1221,5.0,1382469965
415,1258,4.0,1382470361
415,1580,3.5,1382470352
415,2329,4.0,1382470071
415,2571,4.5,1382470013
415,2762,4.0,1382470317
415,2858,3.5,1382470058
415,2959,5.0,1382469997
415,3147,4.5,1382470340
415,3717,3.5,1382470439
415,4226,4.5,1382470041
415,4308,3.0,1382470434
415,5266,3.5,1382470418
415,7361,5.0,1382470154
415,32587,4.0,1382470410
415,45722,2.5,1382470393
415,48516,4.5,1382470185
415,58559,4.0,1382469990
415,63082,4.5,1382470387
415,79132,4.0,1382470030
415,99114,4.5,1382470214
416,260,3.0,1187496455
416,296,4.0,1187496460
416,318,3.0,1187496720
416,356,2.5,1187496632
416,527,3.5,1187496705
416,1196,2.0,1187496661
416,1219,4.0,1187497552
416,1580,2.0,1187496482
416,1721,0.5,1187496464
416,2571,1.0,1187496634
416,2762,2.5,1187496431
416,2858,3.5,1187496445
416,2959,4.0,1187496802
416,4306,0.5,1187496641
416,4886,0.5,1187496637
416,4973,4.0,1187496196
416,4995,2.5,1187496628
416,5445,1.0,1187496656
416,5952,2.5,1187496441
416,6365,0.5,1187496666
416,6539,2.0,1187496479
416,6874,3.5,1187496428
417,47,5.0,1532134167
417,296,5.0,1530156600
417,318,5.0,1529284254
417,356,4.0,1529284261
417,778,5.0,1530156701
417,858,5.0,1529283518
417,1089,3.5,1536894565
417,1193,4.5,1532134177
417,1198,2.5,1530384953
417,1213,3.5,1529284422
417,1221,5.0,1530156633
417,1258,5.0,1529284250
417,1625,4.5,1532134155
417,1682,5.0,1529283776
417,1732,4.5,1529284430
417,2329,5.0,1530156612
417,2571,5.0,1529283509
417,2762,4.5,1529284314
417,2858,4.0,1529284351
417,2959,5.0,1529283501
417,3578,5.0,1529283845
417,4226,5.0,1529283838
417,4306,5.0,1529283842
417,4878,5.0,1529283854
417,4896,5.0,1529283632
417,4993,5.0,1529284448
417,4995,5.0,1529283609
417,5952,5.0,1529284447
417,6874,5.0,1530156710
417,7153,5.0,1529284449
417,7254,5.0,1529283713
417,8529,3.0,1529284070
417,27773,5.0,1529283992
417,47099,5.0,1529284096
417,48394,4.0,1530156696
417,49530,4.0,1529283962
417,58559,4.0,1529713884
417,68157,5.0,1529283657
417,74458,5.0,1529283701
417,79132,4.5,1532134102
417,81845,4.0,1529713889
417,97938,3.5,1536894589
417,106489,4.5,1536894596
417,106782,5.0,1529283927
417,106920,4.5,1529284100
417,109487,3.5,1532133590
417,110102,3.5,1529284136
417,112552,4.0,1529284040
417,115713,5.0,1529284018
417,122904,4.0,1529283969
418,50,4.5,1461865740
418,111,4.5,1461866063
418,296,4.5,1461865706
418,318,5.0,1461865563
418,356,4.0,1461865723
418,367,0.5,1461868543
418,527,4.5,1465833234
418,648,0.5,1461868227
418,778,5.0,1461865894
418,1036,4.0,1461867916
418,1136,5.0,1461868659
418,1219,4.5,1461865939
418,1246,5.0,1461865954
418,1259,3.5,1461865910
418,1270,4.5,1461868041
418,1370,4.0,1461868158
418,1682,4.0,1461867953
418,1721,3.5,1461868618
418,2959,5.0,1461865568
418,3147,4.5,1461865714
418,4226,3.5,1461865764
418,4878,5.0,1461866001
418,4993,5.0,1461865574
418,5445,2.0,1461865948
418,5816,4.5,1461868033
418,5952,5.0,1461865702
418,7153,5.0,1461865570
418,7254,4.5,1461865590
418,7361,5.0,1461865991
418,8368,5.0,1461867969
418,30793,2.5,1461868147
418,54001,3.5,1461865751
418,59369,0.5,1461868109
418,59784,0.5,1461868143
418,63082,4.0,1461868750
418,64957,3.5,1461868134
418,69844,3.0,1461867976
418,74458,4.0,1461865943
418,79132,4.0,1461865567
418,80463,4.5,1461867914
418,81845,4.5,1461867893
418,85414,3.5,1461868045
418,87869,0.5,1461868253
418,88129,4.5,1461869018
418,89745,0.5,1461868153
418,91500,4.0,1461868113
418,98809,4.0,1461868084
418,102407,5.0,1461868255
418,102903,4.0,1461868106
418,104374,4.5,1461869083
418,106487,4.0,1461868128
418,106489,3.0,1461865760
418,111781,0.5,1461867797
418,112556,4.0,1461867890
418,116797,4.5,1461865711
418,117176,4.5,1461868753
418,136020,0.5,1461867802
418,140174,4.5,1461865604
419,10,3.5,1321659128
419,47,4.0,1321659049
419,50,4.0,1321854706
419,110,4.0,1321659432
419,111,4.0,1321659216
419,296,5.0,1321659004
419,318,5.0,1321647647
419,356,4.5,1322381659
419,377,4.0,1321659041
419,527,5.0,1321659029
419,778,5.0,1321659315
419,780,4.5,1321659017
419,858,5.0,1321659074
419,1036,4.5,1321659154
419,1089,5.0,1321854719
419,1090,4.0,1321766180
419,1097,0.5,1321659113
419,1208,3.0,1321854974
419,1213,4.0,1321659212
419,1221,4.0,1321659193
419,1240,3.5,1321659123
419,1917,5.0,1321659313
419,2028,5.0,1321647749
419,2329,4.5,1321757403
419,2571,4.0,1321659031
419,2706,4.5,1321659304
419,2762,4.0,1321659084
419,2858,4.0,1322305038
419,2959,5.0,1321659097
419,3147,4.5,1321757440
419,3578,4.0,1321659132
419,4022,4.5,1321647792
419,4226,3.0,1328241901
419,4262,4.5,1321659346
419,4878,4.5,1322336739
419,4995,3.5,1321757429
419,5266,4.5,1321757727
419,5418,3.0,1321757762
419,6365,4.0,1367706592
419,6373,3.5,1350347461
419,7458,4.5,1328318799
419,8644,4.5,1322305416
419,32587,2.5,1322336850
419,33794,5.0,1351542077
419,34048,3.5,1322305407
419,48780,5.0,1322336697
419,56174,3.5,1318338440
419,58559,3.5,1351542179
419,64614,4.0,1328242004
419,68157,3.5,1328242008
419,81562,1.5,1321658630
419,97304,1.5,1367466478
419,98809,5.0,1362867266
420,1,4.0,1218207191
420,296,4.0,1218041106
420,318,4.5,1218206937
420,356,4.0,1218041499
420,364,4.5,1218207296
420,527,4.5,1218041177
420,541,3.5,1218041713
420,588,4.0,1218041992
420,924,4.0,1218207758
420,1136,5.0,1218040275
420,1193,4.0,1218040990
420,1203,4.0,1218037390
420,1208,3.5,1218041267
420,1270,3.5,1218041551
420,1527,3.5,1218207462
420,1580,3.5,1218207686
420,1721,4.0,1218207717
420,1961,3.0,1218039841
420,2174,3.5,1218207531
420,2329,4.0,1218037116
420,2571,4.5,1218041491
420,2762,4.0,1218041543
420,2858,4.0,1218037104
420,2959,4.0,1218207178
420,3147,4.5,1219666551
420,4306,4.0,1218041586
420,4308,4.5,1218037408
420,4878,4.0,1218037057
420,4886,3.0,1218207284
420,4973,3.5,1218207556
420,4993,4.5,1218041503
420,5349,3.5,1218207198
420,5952,4.5,1218041507
420,6539,4.0,1218207173
420,6874,4.0,1218037183
420,6934,3.5,1218207495
420,7153,4.5,1218041554
420,7361,4.0,1218037135
420,7438,3.5,1218037187
420,7458,3.0,1218207066
420,8874,3.5,1218221590
420,32587,4.0,1218207220
420,33004,4.0,1218047876
420,41569,3.0,1218217812
420,44191,4.0,1218042036
420,48394,4.5,1218206945
420,51662,3.5,1218207704
420,53125,3.5,1218207818
420,54259,4.0,1218039919
420,57640,3.5,1223239926
421,318,5.0,1311494696
421,527,5.0,1311494599
421,1193,4.0,1311494748
421,1201,4.5,1311494717
421,1203,4.5,1311494567
421,2858,5.0,1311494799
421,81845,4.5,1311495323
422,1,4.0,986173307
422,260,5.0,986173117
422,318,5.0,986173278
422,780,4.0,995235984
422,858,4.0,995235768
422,1193,5.0,986173189
422,1213,5.0,986173244
422,1265,4.0,986173367
422,1387,5.0,986173047
422,2288,4.0,986172013
422,2628,4.0,986172053
422,2959,4.0,1010279539
422,4022,4.0,993688493
423,110,4.0,1155285864
423,150,5.0,1155285857
423,296,4.5,1155285837
423,318,5.0,1155285853
423,356,5.0,1155285844
423,457,4.5,1155285850
423,589,5.0,1155285869
423,1653,5.0,1155285477
423,3623,3.0,1155285534
423,4995,3.5,1155285591
423,5349,1.0,1155285552
423,5445,3.5,1155285483
424,47,5.0,1457842442
424,50,5.0,1457842255
424,111,4.0,1457902773
424,296,4.5,1457842438
424,318,3.5,1457842711
424,364,4.5,1457845483
424,367,3.0,1457844332
424,589,2.0,1457844832
424,778,3.0,1457902209
424,858,3.0,1457845710
424,1089,3.5,1457844568
424,1193,4.0,1457843675
424,1213,3.5,1457845744
424,1219,4.0,1457902433
424,1221,2.5,1457845759
424,1258,4.5,1457843515
424,1625,4.5,1457845231
424,1682,3.5,1457844347
424,1923,3.5,1457846495
424,2174,4.5,1457844369
424,2288,3.0,1457901986
424,2329,4.0,1457843719
424,2571,2.0,1457842880
424,2762,2.0,1457843812
424,2858,2.5,1457845777
424,2959,4.5,1457843533
424,4226,4.5,1457843531
424,4262,3.5,1457900953
424,6874,3.0,1457844578
424,7438,3.0,1457844583
424,27773,2.5,1457843819
424,32587,3.0,1457844589
424,44191,3.5,1457901344
424,48516,4.5,1457843150
424,48780,3.5,1457843023
424,51540,3.0,1457901982
424,58559,3.5,1457842943
424,66097,4.5,1457844454
424,68157,4.5,1457844571
424,69122,3.5,1457844138
424,74458,5.0,1457843075
424,79132,2.5,1457844887
424,81591,3.5,1457845648
424,99114,4.5,1457844575
424,102903,1.5,1457845605
424,104879,5.0,1457846344
424,105844,3.5,1457845952
424,106100,4.0,1457845909
424,106782,4.0,1457844025
424,112556,1.0,1457845179
424,115713,4.5,1477010019
425,10,3.0,1085477406
425,47,4.5,1085477391
425,50,4.5,1085477355
425,70,4.0,1085490625
425,110,4.0,1085477194
425,150,3.0,1085477188
425,165,3.5,1085477334
425,253,4.0,1114173704
425,260,3.0,1085477202
425,296,4.0,1085477156
425,318,5.0,1085477209
425,356,5.0,1085477166
425,364,3.0,1085477386
425,367,2.5,1085477446
425,377,3.5,1085477328
425,457,3.5,1114173628
425,527,4.0,1085477314
425,588,3.0,1085477310
425,589,3.5,1085477224
425,648,3.5,1085477348
425,733,4.0,1085477399
425,778,5.0,1114174049
425,780,3.5,1085477305
425,858,3.5,1085477411
425,1036,3.5,1085477594
425,1089,3.5,1085477821
425,1097,3.5,1085477461
425,1136,3.5,1085477611
425,1196,3.0,1085477383
425,1198,4.0,1085477395
425,1200,3.5,1085477630
425,1214,4.0,1085477582
425,1221,3.5,1085477639
425,1240,3.0,1085477562
425,1246,4.0,1085490407
425,1259,4.0,1085477741
425,1291,4.0,1085477620
425,1387,3.0,1085477711
425,1527,4.5,1106483398
425,1580,3.5,1085477551
425,1625,4.0,1085490749
425,1653,4.0,1085490467
425,1676,3.5,1085490475
425,1682,3.0,1085492471
425,1721,3.5,1085477546
425,1907,3.0,1106482769
425,1917,3.5,1085490396
425,1923,3.5,1085477825
425,1954,3.0,1085490575
425,1961,4.0,1085477707
425,2023,3.5,1085490799
425,2028,4.0,1085477467
425,2115,4.0,1085490470
425,2288,3.5,1106482702
425,2329,4.0,1085492359
425,2355,3.0,1085477815
425,2571,3.5,1085477519
425,2628,3.0,1085477571
425,2640,2.5,1085476597
425,2762,3.5,1085477566
425,2858,3.0,1085477422
425,2959,4.5,1085492394
425,3114,3.0,1085490334
425,3147,4.0,1106483058
425,3527,3.5,1085490777
425,3578,4.5,1106483355
425,3623,3.0,1085490765
425,4011,4.0,1085492410
425,4022,3.5,1085476629
425,4226,3.5,1085476666
425,4306,4.0,1085476559
425,4886,4.0,1085492374
425,4896,3.5,1106482521
425,4963,4.0,1085492400
425,4973,4.0,1163190819
425,4993,4.5,1085490522
425,4995,4.0,1085492438
425,5254,4.0,1114173114
425,5349,3.0,1106482551
425,5418,4.0,1085492450
425,5444,3.5,1114173135
425,5445,4.0,1085492413
425,5816,3.5,1106482514
425,5952,4.5,1085490982
425,5989,3.5,1085491094
425,6377,4.0,1085492381
425,6378,3.0,1106483110
425,6539,3.5,1085492366
425,6754,4.0,1106482905
425,6874,3.5,1085492398
425,6934,4.0,1114173110
425,7143,3.5,1085492364
425,7153,4.0,1085492350
425,7361,3.0,1106482657
425,7438,4.0,1106483063
425,7458,3.0,1085491281
425,8368,3.5,1106482519
425,8644,3.5,1106482761
425,8961,4.0,1112288582
425,33615,3.0,1142083380
425,45186,3.0,1163186225
425,45517,3.5,1163186209
425,79132,4.5,1281209161
426,47,0.5,1451081886
426,150,3.5,1451081002
426,296,3.5,1451081883
426,318,3.5,1451080785
426,356,5.0,1451080995
426,364,5.0,1451080787
426,588,4.5,1451187583
426,4022,3.5,1451081196
426,4226,2.0,1451081186
426,4306,4.5,1451081180
426,4886,5.0,1451081183
426,4896,5.0,1451080614
426,4993,1.5,1451081174
426,4995,4.5,1451081192
426,5266,1.0,1451081361
426,5444,5.0,1451080461
426,5816,5.0,1451080268
426,5952,2.0,1451080988
426,5989,4.0,1451080799
426,6373,3.5,1451081261
426,6377,5.0,1451080749
426,6378,2.5,1451080322
426,7153,2.0,1451080986
426,7361,3.5,1451080832
426,8368,5.0,1451080270
426,8529,3.0,1451187540
426,8533,3.5,1451081499
426,8644,2.5,1451080311
426,8961,5.0,1451080652
426,30793,3.5,1451081030
426,40815,5.0,1451080625
426,45517,4.0,1451081487
426,50872,3.0,1451080765
426,54001,4.5,1451080620
426,55820,2.5,1451080905
426,59784,2.5,1451081409
426,60069,3.5,1451081210
426,63082,2.5,1451081239
426,68954,2.5,1451080759
426,69844,5.0,1451080617
426,79091,5.0,1451080764
427,110,4.0,1053071562
427,296,4.5,1053071490
427,920,4.0,1053068809
427,1208,5.0,1053068859
427,1527,3.0,1053068805
427,1584,3.0,1053068802
427,2329,4.0,1053071696
427,2355,2.0,1053068867
427,3578,4.0,1053068873
427,4226,5.0,1053071540
427,4896,2.0,1053071156
427,4963,4.0,1053071078
427,4993,4.0,1053071048
427,4995,4.0,1053071051
427,5254,2.5,1053070658
427,5266,3.5,1053070638
427,5349,3.5,1053070478
427,5418,4.0,1053070350
427,5445,3.5,1053070303
427,5459,2.0,1053070277
427,5464,4.5,1053070266
427,5816,2.0,1053069801
427,5952,4.5,1053069669
428,70,3.0,1111524672
428,110,2.5,1111523269
428,150,2.0,1111489662
428,165,1.0,1111489756
428,253,4.5,1111489812
428,260,3.5,1111523276
428,296,4.5,1111487740
428,356,3.0,1111489633
428,377,2.5,1111525992
428,541,3.5,1111524640
428,588,2.0,1111623145
428,589,2.5,1111489768
428,648,2.5,1111524347
428,780,3.0,1111489231
428,919,3.5,1111525120
428,1089,4.0,1111488213
428,1097,1.0,1111489772
428,1101,2.0,1111623184
428,1136,3.5,1111488173
428,1196,3.5,1111525113
428,1200,3.5,1111488423
428,1208,3.5,1111623185
428,1214,3.5,1111488414
428,1240,2.5,1111524341
428,1291,3.0,1111523944
428,1377,1.0,1111623195
428,1380,2.0,1111524530
428,1527,4.0,1111623379
428,1580,1.5,1111525503
428,1653,3.5,1111623123
428,1676,3.5,1111489700
428,1682,3.5,1111489705
428,1721,1.0,1111623138
428,1907,2.0,1111523978
428,1917,2.0,1111488871
428,1954,2.5,1111523938
428,2028,3.5,1111524302
428,2115,3.0,1111525787
428,2174,4.0,1111489238
428,2329,3.5,1111487849
428,2355,1.0,1111623771
428,2571,4.0,1111487912
428,2628,3.5,1111489698
428,2706,3.0,1111489691
428,2762,3.5,1111489702
428,2858,3.5,1111488882
428,2947,3.0,1111523497
428,2949,3.0,1111524416
428,2953,1.0,1111523475
428,2959,4.0,1111487765
428,3000,2.5,1111488201
428,3578,3.0,1111489640
428,3623,1.0,1111623136
428,3717,2.0,1111623521
428,4022,2.0,1111489649
428,4306,1.0,1111523957
428,4643,0.5,1111623484
428,4776,4.0,1111524707
428,4878,4.5,1111487805
428,4886,2.0,1111623134
428,4896,3.0,1111524229
428,4973,4.0,1111524376
428,4993,3.5,1111487952
428,5254,2.5,1111525675
428,5349,3.0,1111489223
428,5445,3.5,1111487560
428,5459,1.5,1111525181
428,5816,2.0,1111525839
428,5952,3.5,1111487925
428,5989,3.0,1111524670
428,6365,3.0,1111489458
428,6377,2.0,1111524666
428,6537,2.0,1111623464
428,6539,2.5,1111489266
428,6754,4.0,1111523648
428,6874,4.5,1111487711
428,6934,3.0,1111489460
428,7143,3.0,1111525184
428,7153,3.5,1111487922
428,7361,4.0,1111524224
428,7438,4.0,1111487713
428,8874,4.0,1111487901
428,8985,3.0,1111525672
429,48,4.0,828124616
429,150,5.0,828124615
429,165,4.0,828124615
429,588,5.0,828124615
430,318,5.0,963889362
430,356,3.0,962936094
430,858,4.0,1057518801
430,2355,2.0,962936366
430,2571,5.0,1057518732
430,2762,5.0,962936613
430,2858,5.0,962936305
430,4022,2.0,980441496
430,4306,4.0,995828286
430,5445,5.0,1058063775
430,6365,4.5,1057518736
430,6373,3.0,1057519268
430,6377,3.5,1057518681
430,60684,4.5,1236604484
430,66097,3.5,1236604563
431,1625,4.0,1267051759
432,1,2.5,1316391457
432,47,4.0,1315244565
432,50,3.0,1315243055
432,110,4.0,1315245004
432,153,3.5,1316391541
432,165,2.0,1316391524
432,253,4.5,1316391617
432,260,3.5,1316391483
432,296,2.5,1315244535
432,318,3.0,1315243746
432,356,4.5,1315244359
432,364,5.0,1316391519
432,367,2.5,1328232702
432,527,4.5,1315243043
432,589,3.5,1316391448
432,648,4.0,1316391512
432,778,3.5,1316391719
432,780,1.5,1316391462
432,858,4.0,1315243036
432,1036,2.0,1316391605
432,1097,3.0,1328232661
432,1196,3.5,1316391496
432,1200,4.0,1328232756
432,1214,4.0,1316391601
432,1221,4.0,1315243038
432,1240,3.5,1316391572
432,1246,4.5,1316391810
432,1258,3.0,1315244949
432,1387,4.0,1316391764
432,1527,2.5,1328232859
432,1625,4.5,1328050262
432,1653,4.0,1316391028
432,1721,4.0,1316391552
432,1917,3.0,1328232892
432,1961,4.5,1316391653
432,2329,4.5,1315243006
432,2571,3.5,1315244945
432,2572,3.5,1315242726
432,2628,4.0,1316391576
432,2706,3.0,1316391697
432,2762,4.0,1316391535
432,2858,3.5,1315243510
432,2959,3.5,1315244532
432,3114,2.0,1316391727
432,3147,4.0,1315244974
432,3578,4.5,1315244401
432,3623,3.0,1328232854
432,3717,3.5,1315243290
432,4022,3.5,1328232706
432,4226,3.5,1315244527
432,4306,4.5,1316391131
432,4886,4.0,1316391757
432,4963,3.5,1316391775
432,4973,3.5,1316391793
432,4993,3.5,1316391569
432,4995,4.5,1316391806
432,5349,2.5,1316391780
432,5418,4.5,1328232881
432,5445,4.0,1316391715
432,5464,3.5,1316391105
432,5952,4.0,1316391585
432,5989,4.0,1328050236
432,6365,4.0,1328232785
432,6377,3.5,1316391786
432,6378,4.5,1335139595
432,6539,0.5,1316391748
432,6874,2.5,1328232716
432,6934,4.0,1328232949
432,7143,4.5,1316391149
432,7153,4.0,1316391638
432,7254,4.0,1315244028
432,7438,2.5,1328232790
432,7458,4.0,1315244237
432,8533,5.0,1315244178
432,8644,4.0,1335139975
432,30707,4.0,1328050224
432,32587,3.5,1315243523
432,44191,4.0,1328232686
432,45186,3.5,1335139846
432,47099,2.5,1315245094
432,48394,4.0,1328050156
432,48516,2.5,1315244545
432,48780,4.5,1328232819
432,49272,4.0,1328232735
432,49530,2.5,1315244340
432,51662,4.0,1315243300
432,58559,4.0,1315244558
432,59315,4.5,1328232710
432,59369,4.5,1335139988
432,59784,3.5,1335139965
432,60040,4.0,1335139587
432,60069,4.0,1328232676
432,60684,4.0,1335139979
432,63082,4.0,1328050173
432,64614,4.0,1315244969
432,68954,4.0,1328232867
432,69122,4.5,1328232902
432,72998,4.0,1315243163
432,73017,3.5,1335139461
432,74458,4.5,1315244366
432,78499,4.0,1328232875
432,79132,4.5,1315244386
432,81562,3.5,1315242767
432,81591,5.0,1315244863
432,86332,4.0,1335139409
432,91630,4.0,1335139828
433,47,3.0,1506823900
433,50,5.0,1506823884
433,110,3.0,1506823887
433,296,5.0,1506823837
433,318,4.5,1506823818
433,527,2.5,1506823854
433,778,4.5,1506824039
433,1089,4.0,1506823959
433,2329,4.0,1506823955
433,2959,4.0,1506823825
433,6874,4.0,1506824044
433,74458,3.0,1506824061
433,79132,3.0,1506823859
433,80463,4.0,1506824072
433,91529,4.5,1506824058
433,99114,2.0,1506824063
434,1,4.0,1270604402
434,10,3.5,1270606683
434,47,4.0,1270603499
434,110,4.5,1270604574
434,111,5.0,1271039079
434,150,5.0,1270604631
434,260,5.0,1270604737
434,296,5.0,1270603222
434,318,4.0,1270603965
434,356,4.5,1270604589
434,367,2.0,1270606604
434,527,5.0,1270604461
434,541,5.0,1270605006
434,588,4.0,1270604764
434,589,4.5,1271576437
434,648,4.0,1270604662
434,733,3.0,1270604818
434,778,4.5,1270603970
434,780,2.5,1270604303
434,858,5.0,1270603341
434,924,4.5,1270606834
434,1036,4.5,1270606799
434,1089,4.0,1270603496
434,1090,5.0,1270603951
434,1101,3.5,1271039401
434,1136,5.0,1270605004
434,1193,4.5,1270606755
434,1196,5.0,1270604157
434,1200,5.0,1270604026
434,1208,3.5,1271039077
434,1213,4.5,1270604002
434,1214,5.0,1270605001
434,1240,3.5,1270606545
434,1246,4.0,1271039472
434,1258,5.0,1270604015
434,1265,5.0,1270604901
434,1270,3.5,1271314126
434,1291,4.5,1270604119
434,1387,4.0,1270606863
434,1527,5.0,1270604845
434,1580,3.5,1270604388
434,1584,2.5,1270606638
434,1721,3.0,1270604832
434,1732,4.5,1270603981
434,1917,2.5,1270606925
434,1923,3.5,1270606695
434,2028,5.0,1270606647
434,2115,4.5,1270606806
434,2174,3.0,1270606597
434,2329,5.0,1270603477
434,2571,5.0,1270603946
434,2628,0.5,1270604685
434,2706,2.0,1270604923
434,2762,5.0,1270604701
434,2858,5.0,1270604165
434,2959,5.0,1270603481
434,3000,5.0,1270604962
434,3147,4.5,1270606766
434,3471,3.5,1271039090
434,3527,4.0,1271039310
434,3578,3.5,1270604400
434,3623,2.0,1270606706
434,4011,5.0,1270606915
434,4022,3.0,1270604850
434,4226,5.0,1270603948
434,4262,4.0,1270603516
434,4306,3.0,1270604393
434,4878,5.0,1270606749
434,4886,4.5,1270604658
434,4896,2.5,1270604915
434,4963,4.0,1270604560
434,4993,5.0,1270604133
434,4995,4.0,1270604908
434,5218,2.5,1271039409
434,5349,3.5,1270604360
434,5418,4.0,1270604720
434,5445,3.0,1270604305
434,5618,5.0,1270607080
434,5952,5.0,1270604127
434,5989,3.5,1270606691
434,6365,2.0,1270604724
434,6377,4.0,1270604376
434,6874,4.0,1270603509
434,6934,2.5,1270606723
434,7143,3.5,1270606869
434,7153,5.0,1270604125
434,7361,4.0,1270604385
434,7438,4.5,1270604241
434,8665,4.0,1270606622
434,8874,4.5,1270606866
434,8961,4.5,1270606502
434,31658,3.0,1270607090
434,33794,4.5,1270604456
434,40815,3.5,1270606843
434,41566,2.0,1270602530
434,44191,4.0,1270604606
434,45722,1.5,1270606527
434,48394,5.0,1270604148
434,48516,5.0,1270603479
434,48780,4.0,1270603513
434,49272,4.0,1270604421
434,50872,4.0,1270606813
434,51662,3.5,1270606506
434,55820,5.0,1270604012
434,56174,3.0,1270606906
434,58559,5.0,1270603331
434,59315,4.0,1270604609
434,60069,3.5,1270604022
434,63082,4.5,1270604154
434,68157,5.0,1270606779
434,68358,3.0,1270604711
434,68954,3.5,1270603974
434,69122,4.5,1270606540
434,70286,5.0,1270604417
434,71535,4.0,1270603395
434,72998,5.0,1270604788
434,73017,3.5,1270603400
434,74458,4.5,1270603117
435,48,4.0,1366675847
435,50,4.0,1366676016
435,318,5.0,1366676009
435,858,5.0,1366676018
435,1193,4.5,1366676026
435,1221,5.0,1366676021
435,1676,3.0,1366675812
435,2023,5.0,1366675878
435,2959,5.0,1366676084
435,3578,4.5,1366678093
435,4011,5.0,1366678197
435,6539,4.5,1366678010
435,6874,4.5,1366678158
435,7361,4.0,1366678165
435,7438,5.0,1366678160
435,33794,4.0,1366678059
435,44191,4.0,1366678036
435,48516,5.0,1366678090
435,48780,5.0,1366678071
435,58559,5.0,1366676030
435,63082,5.0,1366678019
435,68358,4.5,1366678026
435,68954,4.0,1366678033
435,74458,4.5,1366678016
435,79132,4.5,1366678055
435,80463,4.5,1366678021
435,82459,4.0,1366678031
436,1,4.0,833529571
436,48,4.0,833529821
436,150,4.0,833529409
436,165,3.0,833529489
436,318,4.0,833529522
436,356,4.0,833530134
436,364,4.0,833529775
436,367,3.0,833529797
436,377,4.0,833530232
436,457,5.0,833529639
436,527,5.0,833530252
436,588,3.0,833529489
436,589,4.0,833530204
436,594,4.0,833530707
437,47,4.0,859721361
437,50,4.0,859721362
437,110,4.0,859721362
437,150,4.0,859721362
437,153,1.0,859721584
437,260,5.0,859721045
437,296,5.0,859722193
437,318,5.0,859721361
437,356,3.0,859721718
437,527,5.0,859721361
437,648,3.0,859720977
437,733,2.0,859721015
437,780,3.0,859720977
437,1090,5.0,859721463
437,1097,3.0,859721463
437,1208,5.0,859721556
437,1213,5.0,859721556
437,1246,3.0,859721495
437,1259,3.0,859721495
437,1265,5.0,859722193
437,1270,4.0,859722193
437,1291,4.0,859722162
438,1,4.5,1105650469
438,10,4.0,1105664201
438,70,3.0,1105762813
438,110,4.5,1105666133
438,150,4.0,1105650458
438,153,3.0,1105666167
438,165,4.0,1105649809
438,260,5.0,1105650450
438,318,5.0,1105649728
438,356,4.0,1105650460
438,364,4.5,1105666213
438,367,3.0,1105827055
438,377,4.0,1105666157
438,457,4.0,1105650463
438,527,4.5,1105649740
438,588,4.0,1105666138
438,589,5.0,1105649725
438,594,4.0,1105911897
438,648,4.0,1105664328
438,733,4.5,1105664193
438,780,3.5,1105650467
438,1036,4.0,1105668663
438,1101,4.0,1105649512
438,1196,5.0,1105654505
438,1240,4.0,1105649790
438,1265,4.0,1105898177
438,1270,4.0,1105649794
438,1370,4.5,1105664205
438,1377,3.0,1105670478
438,1527,4.5,1105664171
438,1562,2.0,1105667360
438,1580,4.0,1105664207
438,1584,3.5,1105666796
438,1653,4.5,1105649551
438,1676,4.0,1105664732
438,1682,4.0,1105649779
438,1721,3.0,1105666341
438,1732,2.5,1105829158
438,1907,2.5,1109902304
438,1917,3.0,1105649507
438,1954,4.0,1105667034
438,2028,4.0,1105666237
438,2355,4.0,1113763668
438,2571,5.0,1105664235
438,2628,3.0,1116602072
438,2640,4.0,1105664229
438,2706,3.5,1105668393
438,2762,4.0,1105666343
438,2959,3.5,1105670975
438,3000,3.5,1105670203
438,3114,4.5,1105649521
438,3578,5.0,1105650155
438,3623,3.5,1105667108
438,3717,3.5,1105649869
438,4011,3.5,1105667387
438,4022,3.5,1105650201
438,4226,4.5,1105650108
438,4306,4.5,1105649535
438,4308,4.5,1105654641
438,4366,3.0,1105669901
438,4643,3.0,1105649845
438,4776,3.0,1105668497
438,4886,4.0,1105650237
438,4896,4.0,1105650158
438,4963,4.0,1105650170
438,4993,3.0,1105649530
438,4995,4.0,1105650222
438,5218,4.5,1105650210
438,5254,3.5,1105664512
438,5266,2.5,1105829452
438,5349,4.0,1105650150
438,5418,4.5,1105650160
438,5445,2.0,1105649819
438,5459,2.0,1105649831
438,5816,4.0,1105649828
438,5872,3.0,1105649839
438,5952,4.0,1105650247
438,5989,3.5,1105650234
438,6365,3.5,1105654658
438,6373,3.0,1105654067
438,6377,4.0,1105650258
438,6378,4.0,1105649837
438,6537,4.0,1105664525
438,6539,5.0,1105649805
438,6564,2.5,1105664670
438,6754,3.0,1105664483
438,6874,4.5,1105664286
438,6934,3.5,1105664480
438,7143,4.5,1105650141
438,7153,4.0,1105664174
438,7254,4.0,1105650190
438,7361,4.0,1105653962
438,7438,4.0,1105650102
438,7458,3.0,1105665486
438,8368,4.5,1105650240
438,8529,2.0,1105665814
438,8644,4.0,1105650130
438,8665,3.5,1105650164
438,8961,5.0,1105649592
438,8972,4.0,1105649626
438,8984,2.5,1113763556
438,8985,3.0,1105649628
438,30707,4.0,1107833602
438,31658,3.5,1142284030
438,32587,4.0,1112413420
438,33004,1.5,1115083442
438,33794,4.5,1118848554
438,34048,2.0,1120569775
438,40815,4.0,1175998409
438,41569,2.0,1135624819
438,44191,4.0,1142805069
438,45186,4.0,1146924144
438,48516,4.5,1162175590
438,48780,4.0,1162175473
438,49272,4.0,1175998201
438,51662,5.0,1175998171
439,110,3.5,1436943893
439,318,5.0,1436943744
439,356,5.0,1436943906
439,527,4.5,1436943775
439,589,3.5,1436943901
439,1036,4.5,1436943884
439,1198,4.5,1436943790
439,1240,4.0,1436943917
439,1291,3.0,1436943786
439,1917,2.0,1436943851
439,2028,4.0,1436943895
439,2355,4.0,1436943805
439,2571,5.0,1436943750
439,4022,4.5,1436943813
439,4993,5.0,1436943880
439,5952,4.0,1436944011
439,7153,5.0,1436943762
439,8961,4.0,1436943973
439,78499,4.0,1436943970
439,98809,3.5,1436944067
440,541,5.0,1237569095
440,924,4.5,1237569107
440,1214,4.5,1237569147
440,1653,4.0,1237569154
440,3471,4.5,1237569220
440,4878,4.5,1237569031
440,7361,4.0,1237569025
440,60069,4.0,1237569039
441,10,4.5,1449070452
441,47,4.5,1451166486
441,260,5.0,1449070465
441,296,5.0,1449070650
441,527,0.5,1449070570
441,589,5.0,1449070704
441,1036,4.0,1451166354
441,1089,4.5,1449070451
441,1196,4.0,1449070464
441,1198,5.0,1449070467
441,2571,5.0,1449070470
441,2628,4.5,1449070658
441,2959,4.5,1449070661
441,4306,4.5,1449070659
441,4993,5.0,1449070471
441,7153,5.0,1449070473
441,7438,5.0,1451166530
441,8874,5.0,1449070553
441,58559,5.0,1449070648
441,58998,4.0,1449070538
441,68157,4.5,1449070599
441,68358,4.5,1449070601
441,70286,4.5,1449070603
441,71535,4.0,1449070535
441,91529,5.0,1451166512
441,98809,3.5,1451166520
441,106782,4.0,1449070526
443,1,4.0,1501722482
443,110,4.5,1501722477
443,260,4.0,1501722465
443,296,4.0,1501722467
443,318,5.0,1501722458
443,356,5.0,1501722461
443,1193,4.0,1420236768
443,1200,3.0,1420236655
443,2329,4.0,1420236780
443,2571,3.5,1420236640
443,2762,3.5,1420236300
443,2858,4.0,1420236790
443,2959,4.0,1420236345
443,4993,4.5,1420236297
443,5952,5.0,1501722497
443,7153,5.0,1501722498
443,7361,4.0,1420236667
443,48394,4.0,1420236802
443,56174,4.0,1420236590
443,63082,4.0,1420236328
443,64957,4.0,1420236273
443,72998,3.0,1420236662
443,79132,1.0,1501722695
443,91500,5.0,1420236392
443,97921,5.0,1420236369
443,103249,3.0,1420236629
443,106487,5.0,1420236410
443,108190,5.0,1420236446
443,114180,3.0,1420236467
443,116823,5.0,1420236431
444,47,4.0,832670399
444,50,5.0,832670838
444,110,4.0,832670075
444,111,5.0,832671475
444,296,5.0,832668242
444,318,4.0,839310789
444,356,5.0,839310974
444,367,4.0,832678513
444,527,5.0,839311847
444,589,4.0,839311109
445,47,4.5,1454622061
445,110,5.0,1454621998
445,111,3.0,1454622227
445,260,5.0,1454621690
445,296,4.0,1454621792
445,356,3.0,1454622095
445,457,4.0,1454622023
445,527,3.0,1454621684
445,541,4.0,1454622230
445,778,5.0,1454622009
445,780,2.0,1454621710
445,1136,5.0,1454622088
445,2028,3.5,1454622058
445,2571,5.0,1454621708
445,2762,4.0,1454622063
445,2959,5.0,1454621677
445,4011,3.5,1454621739
445,4022,2.0,1454621732
445,4878,4.0,1454621728
445,4896,3.0,1454621742
445,4973,5.0,1454621679
445,4993,5.0,1454621693
445,4995,4.0,1454621925
445,5618,4.5,1454621790
445,5952,4.0,1454621808
445,5995,3.5,1454621996
445,6378,3.5,1454622171
445,7143,3.5,1454622158
445,7153,5.0,1454621688
445,7361,4.0,1454622222
445,8644,2.0,1454622159
445,27773,4.5,1454621820
445,33794,2.0,1454621880
445,40815,3.0,1454622156
445,45722,3.0,1454622162
445,48394,4.5,1454621837
445,58559,3.5,1454621776
445,60069,3.5,1454622001
445,64614,4.5,1454621897
445,68157,4.5,1454621828
445,74458,4.5,1454621951
445,76093,3.5,1454621879
445,79132,4.5,1454621786
445,109374,5.0,1454621836
445,112552,4.5,1454621812
446,10,3.0,843839232
446,47,4.0,843839250
446,50,4.0,843839306
446,150,3.0,843839122
446,153,1.0,843839149
446,165,3.0,843839149
446,253,3.0,843839232
446,296,4.0,843839122
446,356,3.0,843839191
446,364,3.0,843839250
446,367,3.0,843839271
446,377,3.0,843839250
446,457,3.0,843839169
446,527,5.0,843839306
446,588,3.0,843839149
446,589,5.0,843839250
446,594,4.0,843839522
446,648,4.0,843839504
446,733,3.0,843839593
446,780,3.0,843839522
447,10,3.0,836960825
447,48,3.0,836961178
447,110,5.0,836960849
447,150,4.0,836960590
447,153,4.0,836960630
447,165,4.0,836960630
447,253,4.0,836960825
447,296,5.0,836960591
447,318,5.0,836960662
447,356,4.0,836960873
447,364,4.0,836960895
447,367,4.0,836960918
447,377,3.0,836961038
447,457,4.0,836960762
447,588,5.0,836960630
447,589,4.0,836961016
447,594,4.0,836961903
448,1,5.0,1019126661
448,10,4.0,1019124400
448,47,4.0,1019132386
448,50,4.0,1064741727
448,150,3.0,1019137611
448,153,2.5,1118166852
448,165,4.0,1019142324
448,260,5.0,1019124071
448,296,5.0,1019132316
448,356,3.0,1019127614
448,367,3.0,1019127943
448,377,4.0,1019124324
448,457,4.0,1019142214
448,541,4.0,1019123960
448,589,3.0,1019124194
448,594,4.0,1019126687
448,648,3.0,1019125129
448,733,3.0,1019124354
448,778,4.0,1489334885
448,780,3.0,1019133014
448,858,5.0,1019124147
448,919,4.0,1019125217
448,924,4.0,1019132961
448,1028,5.0,1019126866
448,1036,5.0,1019124211
448,1089,5.0,1019132326
448,1090,4.0,1019137594
448,1097,4.0,1019123941
448,1101,2.5,1178981120
448,1136,5.0,1019130885
448,1193,5.0,1019123928
448,1196,5.0,1019124147
448,1198,5.0,1019124147
448,1200,2.0,1113129252
448,1201,5.0,1019124194
448,1208,4.0,1036695762
448,1209,5.0,1062423064
448,1213,5.0,1019132316
448,1214,3.0,1019124174
448,1221,5.0,1019124147
448,1227,5.0,1019130838
448,1240,3.0,1019124194
448,1265,4.0,1164622262
448,1270,5.0,1019127202
448,1291,4.0,1019124231
448,1370,3.0,1019142275
448,1377,3.0,1019124094
448,1380,3.0,1019128158
448,1387,4.0,1019124160
448,1527,3.0,1019132995
448,1562,1.5,1208620099
448,1580,4.0,1019124455
448,1676,4.0,1019124600
448,1682,3.0,1019137845
448,1917,3.0,1019124725
448,1923,4.0,1019127456
448,1954,4.0,1019124244
448,1961,3.0,1019123894
448,2023,3.0,1082281251
448,2115,4.0,1164622254
448,2174,3.0,1019127479
448,2355,4.0,1040756375
448,2403,2.0,1019124400
448,2571,2.0,1162753923
448,2628,2.0,1119469513
448,2640,3.0,1019124354
448,2706,3.5,1164622334
448,2762,4.0,1019142152
448,2858,4.0,1043776610
448,2947,4.5,1091450131
448,2949,4.0,1091351325
448,2953,1.0,1117446468
448,2959,4.0,1019137594
448,3114,5.0,1019126661
448,3471,4.0,1019132949
448,3527,1.0,1189358111
448,3578,4.0,1019124292
448,3623,2.0,1019124703
448,3717,2.0,1178981944
448,4011,4.0,1035980807
448,4022,4.0,1028529781
448,4226,4.0,1026978102
448,4262,4.5,1367761882
448,4643,1.5,1054455565
448,4776,3.0,1059899914
448,4878,4.0,1126548392
448,4886,4.0,1071935179
448,4896,3.0,1205164753
448,4963,4.0,1019124380
448,4993,4.0,1041438979
448,5349,4.0,1026288001
448,5418,3.0,1042827236
448,5445,4.0,1026715888
448,5459,2.0,1028529803
448,5464,4.0,1034790010
448,5872,2.5,1173560547
448,5952,4.0,1042547681
448,5989,4.0,1071155545
448,6365,1.5,1206302799
448,6373,3.0,1104918778
448,6377,3.5,1104061834
448,6378,3.0,1066204686
448,6537,1.5,1175972047
448,6539,3.5,1066291868
448,6564,1.5,1107689602
448,6874,4.0,1067427681
448,7143,4.0,1111924609
448,7153,4.5,1074121330
448,7438,3.5,1083742391
448,7458,3.0,1143893844
448,8529,3.0,1140952575
448,8644,3.0,1154957003
448,8665,3.5,1091273400
448,8874,4.0,1118566433
448,8957,2.5,1224341045
448,8961,4.5,1148466855
448,8972,2.0,1210007903
448,8984,1.5,1154868241
448,30707,4.5,1425842922
448,30793,3.0,1293386484
448,32587,4.0,1120075344
448,33004,3.0,1149412972
448,33615,4.0,1230326215
448,33794,3.5,1119106052
448,34048,3.0,1164491787
448,41566,3.5,1261691062
448,41569,4.0,1148466801
448,44191,3.0,1183289054
448,45186,2.5,1146931490
448,45517,3.0,1215636437
448,45722,2.5,1179061367
448,46530,2.5,1189284657
448,46972,3.0,1199735040
448,48516,4.0,1192374218
448,49272,4.5,1168196899
448,49530,3.0,1205618429
448,50872,3.0,1325961893
448,51540,4.0,1234700472
448,51662,3.0,1196096451
448,52722,3.0,1178305601
448,53125,2.0,1179784344
448,53464,1.5,1200155399
448,54997,4.0,1209924449
448,56174,3.0,1232207806
448,57640,3.0,1374940238
448,58559,3.5,1232881338
448,59315,4.0,1274020860
448,59369,2.5,1476562414
448,59615,2.0,1230847506
448,59784,3.0,1248638757
448,60040,2.5,1243238059
448,60069,2.5,1293908110
448,60072,2.0,1242564720
448,60074,2.0,1252866333
448,63113,3.5,1231681819
448,68157,3.5,1279364152
448,68358,3.5,1259155084
448,68554,2.0,1322404945
448,68793,3.0,1259155095
448,68954,3.0,1323022889
448,69122,3.0,1285449098
448,70286,3.5,1288640726
448,71535,4.0,1290891795
448,72998,3.0,1311011549
448,73017,4.0,1310216014
448,74458,4.0,1311444922
448,74789,3.0,1293886761
448,77561,3.0,1308502687
448,78105,1.0,1310497290
448,78499,5.0,1293654824
448,79091,3.0,1489165811
448,79132,4.0,1316888022
448,79293,1.5,1310238823
448,80463,4.0,1316888101
448,81564,3.5,1324744251
448,81591,3.5,1325533270
448,81845,4.5,1328370855
448,82459,4.0,1327257756
448,82461,2.0,1314387349
448,85131,1.0,1335706779
448,86332,2.5,1339338836
448,86880,1.5,1333998916
448,86911,3.0,1306601361
448,87222,3.0,1339331309
448,87430,1.5,1308418333
448,87869,3.0,1356510643
448,87876,3.0,1340478836
448,88140,3.0,1341142078
448,88744,2.5,1351976991
448,89745,3.5,1368209995
448,90746,3.5,1359491177
448,91529,3.5,1342728332
448,91535,2.0,1377951757
448,91542,2.5,1359988215
448,91630,2.5,1359301585
448,91976,1.0,1364052723
448,92420,3.5,1364590802
448,93270,1.5,1359231612
448,93510,4.5,1334514953
448,94018,1.0,1368282328
448,94478,2.0,1377963360
448,94777,2.5,1338145121
448,94780,2.0,1371983752
448,94864,2.5,1374940194
448,95167,3.0,1370110263
448,95441,4.0,1353855417
448,95510,3.5,1342380479
448,96079,4.0,1361711769
448,96737,2.0,1382793786
448,96861,1.0,1348777036
448,97225,2.5,1381666482
448,97304,4.0,1388597590
448,97752,3.0,1392467584
448,97913,3.5,1394385374
448,97921,4.0,1388249677
448,97938,3.0,1386269567
448,98243,2.5,1384026816
448,98809,2.5,1451566774
448,99112,2.5,1377355043
448,99114,3.0,1356183614
448,100498,1.5,1395514136
448,101864,2.0,1400416461
448,102125,3.0,1380312379
448,102407,3.5,1401128048
448,102445,3.0,1380312400
448,103042,2.5,1386235185
448,103141,4.0,1401651916
448,103228,1.0,1373135820
448,103249,2.0,1371921120
448,103253,2.5,1408991160
448,103335,3.0,1489165815
448,103341,4.0,1407011635
448,103384,1.0,1406660742
448,104211,2.5,1409509528
448,104841,4.0,1415470298
448,105504,4.5,1410033778
448,106072,2.0,1414963234
448,106782,4.5,1420909802
448,106916,4.0,1419784104
448,106920,3.5,1423924867
448,108932,4.0,1424032074
448,109374,3.5,1430051891
448,109487,3.0,1446324494
448,109673,1.5,1430653744
448,110102,3.5,1426353299
448,110553,2.5,1428076525
448,110730,1.5,1432467245
448,111360,2.5,1442056298
448,111362,3.0,1437851922
448,111659,2.5,1431189563
448,111759,3.5,1436003724
448,111781,2.0,1437765440
448,112138,4.0,1417546798
448,112171,2.5,1440870535
448,112183,3.5,1449501174
448,112370,1.5,1433790679
448,112552,4.5,1449351903
448,112556,3.0,1445112193
448,112623,3.0,1440358908
448,112788,1.5,1437939241
448,112818,2.0,1441481958
448,112852,3.5,1417546776
448,113348,2.0,1490638082
448,113378,2.0,1441562929
448,113453,2.5,1443263800
448,114180,1.0,1445688797
448,114662,4.0,1450196550
448,115210,2.5,1444484278
448,115617,4.0,1454251411
448,115713,3.0,1450298411
448,116887,2.0,1454184194
448,116977,1.5,1447594766
448,117176,3.5,1449334366
448,117466,2.5,1479834986
448,117529,2.5,1462209122
448,117590,2.0,1446908340
448,117895,1.0,1476616373
448,118997,2.5,1449604930
448,119141,3.5,1448050198
448,119155,2.5,1453059806
448,119655,1.0,1459186712
448,120466,2.0,1453584364
448,120635,1.0,1449576688
448,120799,2.0,1435700222
448,122882,3.0,1460909750
448,122890,1.5,1490814279
448,122892,3.0,1454948403
448,122900,3.5,1473446107
448,122904,4.0,1483989092
448,122920,3.0,1486936046
448,122924,2.0,1498162906
448,125916,0.5,1448552452
448,129354,3.0,1451771581
448,129937,2.0,1458423103
448,130450,1.5,1474979005
448,132046,2.0,1460208835
448,132796,1.5,1461954152
448,133419,3.0,1460403925
448,134130,4.0,1475668748
448,134393,4.0,1468095409
448,134853,4.0,1494080359
448,135137,2.5,1463242723
448,135518,2.0,1470249128
448,135536,3.0,1470416022
448,135567,1.5,1498934619
448,135569,2.5,1469050657
448,135861,4.0,1466434592
448,135887,2.5,1473969899
448,136020,3.0,1456147804
448,136562,3.0,1477767407
448,136864,2.0,1458847358
448,137857,3.0,1483386370
448,138036,2.0,1474657854
448,139385,3.5,1482166656
448,139642,3.0,1465727277
448,140110,2.5,1478196739
448,142448,3.0,1472492996
448,142997,2.5,1476465026
448,143385,3.5,1478982940
448,148172,1.5,1479497996
448,149406,3.0,1483989104
448,152077,2.5,1485785274
448,156607,1.5,1487366119
448,156609,3.0,1489865514
448,158813,1.5,1487534510
448,158872,4.0,1497034759
448,160080,1.5,1491595194
448,160438,2.0,1498162889
449,50,4.5,1053199959
449,318,5.0,1053199974
449,527,4.0,1053199963
449,1090,3.5,1053200232
449,1917,1.5,1053198922
449,2329,4.5,1053200107
449,2858,4.0,1053200226
449,2959,4.5,1053200109
449,4011,4.0,1053200172
449,4226,4.5,1053199976
449,4973,4.0,1053199972
449,5952,2.0,1053199980
450,70,2.0,974705218
450,110,5.0,974704570
450,111,4.0,974705774
450,260,5.0,974705741
450,589,5.0,974704982
450,648,4.0,974704498
450,1193,5.0,974705774
450,1259,4.0,974705022
450,1387,5.0,974705853
450,1580,3.0,974705093
450,2028,5.0,974704498
450,2858,4.0,974704946
450,3471,4.0,974705883
451,1,5.0,854089165
451,457,4.0,854285151
451,648,4.0,854089171
451,733,3.0,854089243
451,780,3.0,854089163
452,10,4.0,1013395144
452,47,5.0,1019581177
452,70,4.0,1013397998
452,110,5.0,1013394732
452,153,4.0,1019581098
452,260,5.0,1013394673
452,356,5.0,1019585497
452,377,4.0,1019584545
452,527,5.0,1013395772
452,541,5.0,1013395184
452,589,5.0,1013394732
452,648,5.0,1019580795
452,780,5.0,1013396422
452,858,5.0,1013394673
452,924,3.0,1013395206
452,1036,4.0,1013394799
452,1089,5.0,1019581156
452,1097,5.0,1013395206
452,1101,4.0,1013394459
452,1136,5.0,1013396371
452,1196,5.0,1013395184
452,1198,5.0,1013394526
452,1200,5.0,1019581156
452,1214,4.0,1013394673
452,1219,4.0,1013396622
452,1221,5.0,1013394673
452,1240,5.0,1013395206
452,1258,4.0,1013397891
452,1259,5.0,1019585277
452,1265,5.0,1013398330
452,1270,4.0,1013394437
452,1291,4.0,1013394759
452,1387,5.0,1013396622
452,1527,4.0,1013394855
452,1562,3.0,1013394526
452,1580,4.0,1013395144
452,1584,5.0,1013395256
452,1653,5.0,1013395308
452,1676,5.0,1019580795
452,1732,5.0,1013395862
452,1917,5.0,1019580965
452,1954,4.0,1013394745
452,2023,5.0,1019580899
452,2028,5.0,1013394673
452,2115,5.0,1019580769
452,2571,5.0,1013394715
452,2628,4.0,1013394544
452,2640,4.0,1013395104
452,2706,5.0,1013395578
452,2762,5.0,1013398330
452,2858,4.0,1013395486
452,2947,4.0,1013394784
452,2949,4.0,1013394799
452,3147,5.0,1019581156
452,3527,5.0,1013395256
452,3578,4.0,1013394824
452,3623,5.0,1019580769
452,4011,5.0,1019581199
452,4262,4.0,1013394855
452,4643,5.0,1019580991
452,4963,4.0,1013394745
452,6537,4.5,1061327521
453,1,5.0,1005966797
453,10,2.0,972621985
453,47,5.0,972622637
453,50,5.0,972621262
453,70,4.0,972622055
453,110,5.0,972621723
453,165,5.0,972622184
453,260,4.0,972621703
453,296,5.0,972621220
453,318,5.0,972621207
453,356,5.0,1005967028
453,364,5.0,972620975
453,367,5.0,1005967070
453,377,4.0,972621787
453,457,5.0,972621703
453,527,3.0,972621207
453,588,5.0,1005966844
453,589,5.0,1005967918
453,648,3.0,972621962
453,733,4.0,972621007
453,778,5.0,972622570
453,780,3.0,972622080
453,858,4.0,972621643
453,1036,5.0,972621667
453,1089,5.0,972621282
453,1136,5.0,1005966715
453,1196,4.0,972621643
453,1221,4.0,972621643
453,1240,4.0,972621667
453,1265,5.0,972622589
453,1370,5.0,972623013
453,1527,5.0,972621409
453,1580,4.0,972621867
453,1653,4.0,1005967944
453,1676,1.0,1005967944
453,1682,5.0,972622883
453,1721,2.0,972623117
453,1732,5.0,1005966879
453,1917,5.0,1005968006
453,1923,4.0,972621329
453,2028,4.0,972621683
453,2329,4.0,972622556
453,2355,4.0,972623097
453,2571,5.0,972621342
453,2572,5.0,1005967028
453,2628,5.0,1005967956
453,2706,5.0,1005966989
453,2762,4.0,972622637
453,2858,5.0,972621207
453,2959,5.0,972622556
453,3114,5.0,1005966797
453,3578,5.0,972621826
453,3623,2.0,972621944
453,3717,2.0,972622005
453,4011,5.0,1005965852
453,4022,5.0,1005965497
453,4226,5.0,1005965378
453,4306,5.0,1005965497
453,4308,5.0,1005965926
453,4973,5.0,1034602008
453,4993,4.0,1018860207
453,4995,5.0,1018860260
453,5218,5.0,1034602083
453,5266,3.0,1034602312
453,5349,4.0,1034602292
453,5418,4.0,1034602280
453,5445,4.0,1034602261
453,5464,4.0,1034602280
453,5816,4.0,1040621367
454,111,3.5,1284801892
454,296,4.0,1279480116
454,1089,4.0,1279547244
454,1208,3.0,1279547273
454,1219,4.5,1279547312
454,2858,5.0,1279480578
454,4878,3.5,1279547138
454,5618,3.0,1279547141
454,6874,4.5,1279547365
454,7361,3.5,1284801946
454,27773,3.0,1279480436
454,55820,3.5,1279547221
455,50,3.0,836436049
455,110,4.0,836436000
455,111,3.0,836436083
455,150,3.0,836435811
455,165,3.0,836435854
455,253,3.0,836435957
455,318,5.0,836435894
455,356,5.0,836436083
455,364,3.0,836436049
455,367,3.0,836436114
455,377,4.0,836436222
455,457,4.0,836435957
455,527,5.0,836436304
455,588,3.0,836435855
455,589,3.0,836436146
456,1,5.0,856883308
456,260,5.0,856883383
456,648,4.0,856883308
456,733,5.0,856883349
456,780,5.0,856883308
457,110,5.0,993610382
457,260,5.0,993610795
457,733,5.0,993610697
457,919,4.0,993610398
457,1136,5.0,993610573
457,1270,4.0,993610398
457,1676,3.0,993610803
457,2355,3.0,993610867
457,2572,4.0,993610838
457,2628,3.0,993610795
457,2706,4.0,993610838
457,2762,5.0,993611032
457,2858,3.0,993610516
457,2959,5.0,993610718
457,3578,5.0,993610945
457,3623,3.0,993610984
457,3717,5.0,993610945
458,10,4.0,845651737
458,48,3.0,845652560
458,110,5.0,845651761
458,150,5.0,845651602
458,153,5.0,845651650
458,165,4.0,845651650
458,296,4.0,845651603
458,356,5.0,845651700
458,364,5.0,845651796
458,367,3.0,845651796
458,377,5.0,845651796
458,457,5.0,845651670
458,588,4.0,845651650
458,589,3.0,845651796
459,260,4.0,1520233064
459,2571,4.0,1520232948
459,4022,4.0,1520233076
459,4886,4.5,1520233566
459,5349,4.0,1520233572
459,5618,5.0,1520233615
459,5816,4.0,1520233624
459,6377,5.0,1520233562
459,8368,4.5,1520233619
459,8961,5.0,1520233576
459,48780,5.0,1520233627
459,50872,4.0,1520234035
459,68157,4.5,1520233629
459,68954,5.0,1520233059
459,72998,5.0,1520233439
459,74458,4.5,1520234039
459,79132,4.5,1520232946
459,95510,3.0,1520232984
459,97913,4.5,1520232979
459,99114,5.0,1520234032
460,1,4.5,1359177505
460,150,4.5,1359178152
460,318,5.0,1359176683
460,356,4.5,1359178245
460,541,3.0,1359176916
460,1097,3.5,1359177501
460,1584,5.0,1359178492
460,2571,4.5,1359176984
460,2762,4.5,1359177051
460,2959,4.5,1359176773
460,3114,4.0,1359177518
460,3578,5.0,1359177644
460,4022,4.5,1359178114
460,4306,4.0,1359177586
460,4366,4.0,1359177335
460,4878,4.5,1359176757
460,4886,4.0,1359177582
460,4963,4.0,1359177663
460,4993,5.0,1359177941
460,4995,5.0,1359177630
460,5418,5.0,1359177879
460,5445,4.0,1359177785
460,5952,5.0,1359177948
460,5989,4.0,1359177641
460,6377,5.0,1359177539
460,6539,4.0,1359177684
460,7143,5.0,1359178253
460,7153,5.0,1359177883
460,8368,4.5,1359178182
460,8665,4.0,1359177607
460,8961,4.5,1359177621
460,40815,4.0,1359178062
460,44191,4.0,1359177873
460,48516,4.0,1359177866
460,48780,4.5,1359176813
460,49272,4.0,1359177638
460,54259,4.0,1359178110
460,60069,5.0,1359177886
460,63082,4.5,1359177626
460,68954,4.5,1359178236
460,73017,4.5,1359177849
460,76093,4.5,1359178233
460,79132,4.5,1359176806
460,85414,3.5,1359177008
461,260,0.5,1505935283
461,318,4.5,1505935213
461,356,5.0,1505935220
461,457,0.5,1505935277
461,527,3.5,1505935217
461,1036,0.5,1505935380
461,1213,4.0,1505935438
461,1246,4.5,1505935259
461,1259,4.0,1505935267
461,1961,3.5,1505935246
461,2571,0.5,1505935248
461,2762,4.0,1505935252
461,3147,4.0,1505935225
461,3578,0.5,1505935279
461,68157,0.5,1505935473
461,74458,4.0,1505935413
461,91500,0.5,1505935430
461,99114,4.5,1505935404
461,104841,0.5,1505935432
461,106782,5.0,1505935409
462,1,1.5,1154037653
462,10,3.0,1269929071
462,47,4.0,1154037716
462,50,3.5,1154037688
462,111,5.0,1121922577
462,260,4.0,1140399826
462,296,2.5,1123890816
462,318,4.0,1127101020
462,356,2.5,1127100963
462,364,1.0,1121921449
462,377,1.0,1154037677
462,527,1.5,1269929012
462,541,3.5,1123891140
462,589,2.5,1154037648
462,778,2.5,1154037995
462,858,5.0,1388252488
462,919,4.0,1154037891
462,924,2.0,1123893232
462,1036,1.5,1154024531
462,1089,3.5,1123893698
462,1090,4.0,1123891836
462,1097,1.0,1478489774
462,1136,4.5,1130433405
462,1196,2.5,1123893572
462,1198,3.5,1488672595
462,1200,2.0,1154037863
462,1208,3.0,1123890920
462,1213,4.5,1123891892
462,1214,3.0,1154037840
462,1219,4.5,1190437201
462,1221,4.5,1214102466
462,1240,4.0,1154037798
462,1246,1.0,1123890667
462,1258,2.5,1123893567
462,1259,4.0,1154037962
462,1270,1.5,1154037729
462,1380,4.0,1154038138
462,1387,3.0,1140311193
462,1580,4.0,1154037785
462,1653,3.0,1123890885
462,1676,5.0,1190437218
462,1682,4.0,1123891809
462,1721,2.5,1269929058
462,1923,3.0,1123890876
462,1954,5.0,1174438213
462,1961,2.0,1154037877
462,2028,2.0,1127101042
462,2115,1.5,1154038059
462,2571,0.5,1154037742
462,2628,0.5,1140399820
462,2762,2.5,1121921346
462,2858,3.5,1154037735
462,2959,3.5,1154037881
462,3527,1.0,1154024557
462,3578,2.0,1136822144
462,4878,2.0,1137445400
462,4886,1.5,1162738772
462,4973,1.5,1383870335
462,4993,4.5,1123892035
462,5349,1.5,1138343547
462,5952,4.0,1121921155
462,6539,4.0,1137445122
462,7153,4.5,1121922359
462,33794,2.0,1129103331
462,34048,1.5,1408390468
462,49272,1.5,1196000459
462,55820,3.0,1515215308
462,82459,3.0,1370129394
462,88744,4.0,1502594915
462,91542,1.5,1478402078
462,98809,3.5,1484458488
462,102125,3.0,1381362690
462,102445,2.0,1435335723
462,104211,4.0,1435335669
462,105504,4.0,1383870378
462,111360,3.5,1478402097
462,112623,4.0,1502594912
462,116797,3.5,1420384282
462,118696,1.5,1515215270
462,122882,2.5,1455645572
462,139644,3.5,1501297582
462,146656,4.5,1455645343
462,148626,3.5,1518931134
463,110,4.5,1145460295
463,296,4.0,1145460490
463,356,4.0,1145460298
463,527,4.0,1145460304
463,780,3.5,1145460355
463,1221,4.5,1145460455
463,2028,4.5,1145460281
463,5952,5.0,1145460278
463,5995,3.0,1145460409
463,6377,3.5,1145460028
463,6539,3.5,1145459443
463,7153,5.0,1145460275
464,47,5.0,1275549635
464,110,5.0,1275548911
464,165,5.0,1287399344
464,260,5.0,1275548679
464,296,4.5,1275549518
464,318,5.0,1287399102
464,356,5.0,1287399078
464,364,2.5,1287399372
464,367,2.5,1287399467
464,377,4.0,1287399772
464,527,4.5,1287399704
464,541,3.5,1287403335
464,589,5.0,1287399128
464,648,3.5,1287399315
464,780,3.5,1287399151
464,858,5.0,1275549680
464,1036,5.0,1325594435
464,1097,4.0,1275549800
464,1101,4.5,1287400261
464,1196,5.0,1275549376
464,1213,4.5,1275549653
464,1221,5.0,1275549682
464,1240,4.0,1287399765
464,1370,2.0,1325594446
464,1625,5.0,1275549320
464,1653,4.0,1287400391
464,1923,3.0,1287399805
464,2028,4.5,1287399396
464,2329,5.0,1275548577
464,2571,5.0,1275548673
464,2762,5.0,1325594486
464,2858,4.0,1287399279
464,2959,5.0,1275549612
464,3527,2.0,1287398672
464,3578,5.0,1275549257
464,4011,4.5,1275549509
464,4022,5.0,1287400404
464,4226,4.0,1287399793
464,4963,4.0,1287400304
464,4993,5.0,1275549389
464,5254,2.5,1325594173
464,5349,4.0,1287400268
464,5418,3.0,1275549279
464,5952,5.0,1275549392
464,5989,5.0,1325594530
464,5995,4.0,1287403490
464,6934,4.0,1287400789
464,7153,5.0,1275549379
464,7458,5.0,1325594312
464,8984,4.5,1287399712
464,48516,4.0,1275549617
464,55820,3.0,1287403114
464,58559,3.5,1275548931
464,59315,3.0,1325589404
464,60069,2.0,1287398660
464,72998,5.0,1275548743
464,74530,2.0,1325590450
464,77561,3.0,1325589401
464,78105,2.5,1325590568
464,79132,5.0,1325589057
465,111,5.0,959895977
465,356,5.0,959896608
465,377,3.0,959896090
465,457,4.0,959896015
465,527,5.0,959896479
465,541,5.0,959895840
465,924,5.0,959895962
465,1036,4.0,959895963
465,1089,5.0,959895993
465,1090,4.0,959896591
465,1196,3.0,959896514
465,1200,5.0,959896015
465,1208,5.0,959896514
465,1214,5.0,959895941
465,1219,5.0,959895907
465,1240,4.0,959895963
465,1370,4.0,959896270
465,1625,4.0,959896143
465,1653,4.0,959896051
465,2028,5.0,959896573
465,2571,4.0,959896015
465,2628,2.0,959895496
465,2762,5.0,959895941
465,3623,2.0,959896292
466,260,1.5,1439885060
466,318,3.0,1439885041
466,356,5.0,1439885221
466,1196,2.5,1439885052
466,2571,4.0,1439885067
466,2959,4.0,1439885103
466,3578,4.0,1439885113
466,3717,3.5,1439915398
466,4022,4.5,1439915273
466,4306,3.0,1439915233
466,4643,3.5,1439915422
466,4896,5.0,1439915283
466,4963,5.0,1439915252
466,4993,4.0,1439885080
466,5218,3.5,1439915329
466,5349,3.5,1439915257
466,5418,4.0,1439915266
466,5459,4.0,1439915394
466,5816,5.0,1439915304
466,5872,3.5,1439915631
466,5952,4.0,1439885197
466,5989,3.5,1439915281
466,6373,4.0,1439915410
466,6377,3.5,1439915251
466,6378,3.5,1439915401
466,6539,4.0,1439915237
466,6874,3.5,1439915264
466,6934,4.0,1439915327
466,7153,4.0,1439885073
466,7254,4.5,1439915952
466,7293,4.0,1439915549
466,7438,3.5,1439915276
466,8368,4.5,1439915315
466,8529,4.5,1439915623
466,8644,4.0,1439915384
466,8665,4.0,1439915308
466,8957,4.0,1439915590
466,8961,3.5,1439915268
466,30793,1.5,1439915474
466,33794,3.5,1439885227
466,40815,4.5,1439915358
466,41566,4.0,1439915468
466,45720,4.5,1439915827
466,45722,4.5,1439915362
466,47099,5.0,1439915798
466,49530,4.0,1439915488
466,50872,4.5,1439915393
466,52722,3.5,1439915700
466,53125,4.0,1439915574
466,54001,4.5,1439915538
466,56174,4.5,1439915506
466,58559,3.0,1439885077
466,59315,4.0,1439915324
466,59784,4.5,1439915649
466,60069,4.5,1439915318
466,63082,2.0,1439915388
466,64957,3.5,1439915661
466,68358,4.0,1439885219
466,68954,5.0,1439885233
466,69122,4.0,1439915445
466,69844,4.5,1439915944
466,73017,4.5,1439915534
466,74458,4.5,1439916017
466,76093,4.5,1439885230
466,77561,4.0,1439915673
466,78499,3.5,1439915533
466,79091,4.5,1439915872
466,79132,4.0,1439885225
466,81845,4.0,1439915524
466,87222,4.0,1439916008
466,89745,3.5,1439915554
466,91500,2.5,1439915733
466,98809,4.0,1439915837
466,109487,4.0,1439885121
466,111759,5.0,1439885202
466,112175,4.0,1439916037
466,112556,3.5,1439885128
466,112852,3.5,1439885199
466,116797,4.5,1439885122
467,527,5.0,919671539
467,780,2.0,919672355
467,1721,4.0,919672054
467,2028,4.0,919671539
468,1,4.0,831400444
468,47,5.0,831400545
468,110,4.0,831400500
468,111,3.0,831400545
468,150,5.0,831400406
468,153,3.0,831400427
468,165,3.0,831400444
468,253,4.0,831400480
468,296,3.0,831400406
468,318,3.0,831400444
468,588,3.0,831400427
469,1,4.0,965336888
469,10,2.0,965334356
469,47,4.0,965336711
469,50,4.0,965336630
469,70,2.0,965334011
469,110,5.0,965333863
469,111,5.0,965662075
469,260,4.0,965333666
469,296,5.0,965336630
469,318,5.0,965662055
469,367,2.0,965336711
469,457,3.0,965333831
469,527,4.0,965845606
469,541,5.0,965335217
469,588,2.0,965425547
469,589,4.0,965333794
469,648,2.0,965334535
469,733,3.0,965334034
469,780,2.0,965334475
469,858,5.0,965333666
469,919,4.0,965662075
469,920,3.0,965662034
469,924,5.0,965335373
469,1028,4.0,965336236
469,1036,4.0,965333794
469,1089,5.0,965336673
469,1090,4.0,965846279
469,1097,4.0,965333419
469,1101,3.0,965334356
469,1136,5.0,965336905
469,1193,5.0,965662034
469,1196,5.0,965333710
469,1198,4.0,965333666
469,1200,4.0,965333750
469,1201,5.0,965333710
469,1208,5.0,965846390
469,1213,4.0,965336611
469,1214,5.0,965333710
469,1219,4.0,965661925
469,1221,5.0,965333666
469,1227,5.0,965336739
469,1240,4.0,965333750
469,1258,5.0,965846167
469,1259,5.0,965336955
469,1265,5.0,965336955
469,1270,3.0,965335350
469,1291,3.0,965333750
469,1370,2.0,965334279
469,1377,4.0,965334211
469,1387,5.0,965333666
469,1527,5.0,965334400
469,1562,2.0,965335097
469,1580,3.0,965334076
469,1584,5.0,965335435
469,1625,4.0,965336345
469,1653,5.0,965335769
469,1676,1.0,965335769
469,1732,5.0,965336263
469,1917,1.0,965334923
469,1923,3.0,965425885
469,1954,4.0,965333863
469,2023,3.0,965334279
469,2028,4.0,965333710
469,2115,3.0,965334034
469,2174,3.0,965425423
469,2288,5.0,965333750
469,2355,3.0,965425464
469,2403,4.0,965334518
469,2571,4.0,965335373
469,2628,3.0,965334591
469,2640,3.0,965334150
469,2762,5.0,965845908
469,2858,5.0,965333510
469,2947,4.0,965333750
469,2949,3.0,965333750
469,3147,5.0,965333531
469,3471,4.0,965335350
469,3527,3.0,965333936
470,1,4.0,849224825
470,10,3.0,849075144
470,47,3.0,849075299
470,50,3.0,849075545
470,110,5.0,849075143
470,150,3.0,849074736
470,153,4.0,849074824
470,165,3.0,849074824
470,253,3.0,849075195
470,296,3.0,849074737
470,318,4.0,849075031
470,356,5.0,849074900
470,364,4.0,849075299
470,367,4.0,849075299
470,377,4.0,849075196
470,457,4.0,849074824
470,527,5.0,849075545
470,588,3.0,849074824
470,589,5.0,849075196
470,648,3.0,849370453
471,1,5.0,1496671820
471,296,4.0,1496671827
471,356,3.0,1496669561
471,527,4.5,1496671869
471,2571,3.5,1496669588
471,2959,4.0,1496668924
471,4886,4.0,1496671855
471,4973,4.0,1496669566
471,6377,4.0,1496671863
471,6539,3.5,1496671946
471,8874,3.5,1496668982
471,8961,3.5,1496671872
471,44191,3.5,1496671954
471,60069,4.5,1496671876
471,68157,4.0,1496671950
471,78499,4.5,1496671862
471,79132,4.0,1496668936
471,116797,3.0,1496669568
472,50,5.0,1345843346
472,318,5.0,1345843348
472,858,5.0,1345843342
472,1193,4.5,1345843364
472,1221,5.0,1345843356
472,4226,1.0,1345843250
472,4993,4.0,1345843258
472,5952,4.0,1345843267
472,7153,4.0,1345843262
472,48516,5.0,1345843264
472,58559,5.0,1345843243
472,91529,5.0,1345843407
472,95510,5.0,1345843418
473,318,5.0,1169351447
473,2329,4.5,1169351946
473,2959,4.0,1169351751
473,4878,4.0,1169351951
473,7361,5.0,1169351618
473,8957,4.0,1169351706
474,1,4.0,978575760
474,47,4.0,979180247
474,50,4.0,979179872
474,110,3.0,1137180852
474,111,4.0,994819405
474,150,4.5,1100119714
474,153,3.0,1046881303
474,260,4.0,975173633
474,296,4.0,979179939
474,318,5.0,979179840
474,356,3.0,1100292489
474,364,4.5,1081177308
474,367,1.0,1046887326
474,377,4.0,974667447
474,457,5.0,974667331
474,527,5.0,979179823
474,541,3.0,1127688948
474,588,4.0,978576063
474,589,4.0,1111499815
474,594,3.0,983032069
474,648,3.5,1053021262
474,733,4.0,1100291781
474,778,4.0,1092012114
474,780,4.0,974667743
474,858,5.0,983033120
474,919,4.5,1100291792
474,920,2.0,1047054549
474,924,4.0,1110994455
474,1028,3.0,978575945
474,1036,3.0,983034060
474,1089,4.0,1109690419
474,1090,3.5,1118667194
474,1097,4.0,1137521202
474,1101,3.5,1087832633
474,1136,4.5,1081177312
474,1193,3.5,1053021005
474,1196,5.0,983034060
474,1198,4.0,983034022
474,1200,3.5,1116853629
474,1201,3.5,1086016563
474,1203,4.0,1047054271
474,1208,3.5,1117481021
474,1209,3.5,1126533605
474,1213,3.5,1053021608
474,1214,4.0,1103379434
474,1219,4.5,1089386307
474,1221,5.0,983033120
474,1240,4.0,1111412847
474,1246,4.5,1100119774
474,1258,4.0,1093878418
474,1259,4.0,974666694
474,1265,3.0,974668666
474,1270,4.5,1081177274
474,1291,4.0,983034060
474,1377,2.0,1046886462
474,1380,4.0,983033588
474,1387,4.5,1053020983
474,1580,4.5,1100119838
474,1584,3.5,1100292223
474,1625,4.0,979180293
474,1653,4.5,1100291475
474,1676,2.0,1047055104
474,1682,4.5,1100119638
474,1721,4.0,974668977
474,1732,3.5,1100119813
474,1907,3.5,1087832623
474,1917,1.5,1053021886
474,1923,3.0,1014923681
474,1954,4.0,983033369
474,1961,4.0,1047054374
474,2028,3.0,974667301
474,2115,2.0,1087832889
474,2174,3.0,978575959
474,2329,4.0,979180103
474,2355,4.0,979180216
474,2571,4.5,1053020932
474,2572,2.5,1087832512
474,2628,4.0,974667509
474,2640,4.0,983033492
474,2761,4.0,1055172901
474,2762,5.0,979179872
474,2858,3.5,1087831985
474,2947,3.0,1189991295
474,2953,1.0,1046886941
474,2959,4.0,1100291874
474,3000,4.0,1002928294
474,3114,4.0,1002927941
474,3147,4.0,1047054328
474,3471,3.5,1087832269
474,3527,2.0,1002757072
474,3578,3.0,974667165
474,4016,3.0,1047933858
474,4022,3.5,1126283581
474,4226,5.0,990751680
474,4262,3.5,1073917643
474,4306,4.5,1081177366
474,4308,3.5,1124807144
474,4366,3.0,1049719551
474,4776,3.5,1060104386
474,4878,4.5,1116256886
474,4886,3.0,1046871268
474,4896,4.5,1081177303
474,4963,4.0,1046871225
474,4973,5.0,1046811889
474,4993,5.0,1013367179
474,4995,3.5,1087832443
474,5218,3.0,1046886657
474,5266,4.0,1069684884
474,5349,4.5,1100291637
474,5418,3.5,1089387181
474,5444,3.0,1046871225
474,5445,4.5,1053021105
474,5464,3.0,1046875127
474,5618,4.5,1081177323
474,5816,4.5,1053021098
474,5952,5.0,1046809381
474,5989,4.0,1087831605
474,5995,4.5,1054300218
474,6365,3.0,1087832458
474,6373,2.5,1074261858
474,6377,4.0,1070397403
474,6378,3.5,1070286880
474,6539,3.5,1075129578
474,6874,4.0,1082256514
474,6934,2.5,1081430620
474,7143,3.0,1084279127
474,7153,5.0,1072654131
474,7293,3.5,1100292444
474,7361,4.5,1080568420
474,7438,4.5,1100291712
474,8368,5.0,1116256984
474,8665,3.5,1102687317
474,8874,4.0,1108734618
474,8961,4.0,1111151849
474,30707,4.0,1107784398
474,30793,4.0,1132423177
474,31658,4.0,1145451850
474,33794,3.5,1130961759
474,34048,3.5,1134343831
474,40815,5.0,1133204269
474,41566,4.5,1136167922
474,44191,4.0,1165540011
474,45517,3.5,1180012509
474,45720,3.5,1180012484
474,45722,3.5,1180012471
474,46530,2.5,1180012491
474,47099,4.0,1180012232
474,48394,3.5,1180012234
474,48516,4.0,1180012354
474,48780,4.0,1180012316
474,51540,4.0,1189991053
474,54001,4.5,1189990598
474,54259,3.5,1201833149
475,165,4.5,1498031585
475,260,5.0,1498029369
475,364,4.5,1498031570
475,367,5.0,1498031622
475,588,5.0,1498031529
475,589,5.0,1498031516
475,1196,5.0,1498029371
475,1198,5.0,1498029334
475,1240,4.5,1498031588
475,1270,5.0,1498031521
475,1291,5.0,1498029409
475,1527,5.0,1498031637
475,1580,5.0,1498031593
475,1676,4.5,1498031862
475,1682,5.0,1498031645
475,2115,5.0,1498031761
475,2571,4.5,1498029365
475,3578,5.0,1498030079
475,3717,4.0,1498030500
475,4306,4.5,1498030086
475,4366,4.5,1498031266
475,4886,4.5,1498030044
475,4896,5.0,1498030073
475,4993,5.0,1498029357
475,5218,4.5,1498030348
475,5349,5.0,1498030075
475,5418,4.5,1498031707
475,5459,4.5,1498029909
475,5618,5.0,1498029807
475,5816,4.5,1498030137
475,5952,5.0,1498029355
475,6365,4.5,1498030124
475,6377,3.5,1498030047
475,6539,4.5,1498029484
475,6564,4.0,1498031128
475,6934,4.5,1498030294
475,7153,5.0,1498029354
475,7254,4.0,1498030411
475,8368,4.5,1498029832
475,8644,4.5,1498030305
475,8665,4.0,1498030190
475,8961,4.5,1498030114
475,31658,5.0,1498030622
475,33794,4.5,1498029421
475,40815,5.0,1498030277
475,41566,5.0,1498030540
475,44022,4.0,1498031118
475,45722,4.5,1498030315
475,48394,4.5,1498030273
475,52722,4.5,1498030804
475,53464,3.5,1498031316
475,54001,4.5,1498030481
475,56174,4.5,1498030497
475,58559,3.5,1498029377
475,59315,4.0,1498029415
475,59501,4.0,1498031376
475,59615,4.0,1498030813
475,59784,4.0,1498029600
475,60040,4.5,1498031052
475,60074,4.5,1498030909
475,68358,4.0,1498029752
475,68791,3.5,1498031182
475,69844,5.0,1498030550
475,70286,5.0,1498030358
475,72998,4.5,1498030229
475,77561,4.0,1498029975
475,79091,3.5,1498030727
475,81564,3.5,1498031139
475,82461,4.0,1498031136
475,86332,5.0,1498030785
475,88140,4.5,1498030855
475,89745,4.0,1498030321
475,91500,4.0,1498030557
475,91529,4.0,1498030346
475,95510,3.5,1498031035
475,101864,4.5,1498031176
475,103042,4.0,1498031248
475,103141,3.0,1498031349
475,103253,4.5,1498031200
475,106487,4.5,1498030787
475,108190,3.5,1498031389
475,109487,4.0,1498030180
475,111362,4.5,1498030822
475,111759,4.0,1498029760
475,112852,4.5,1498029408
475,115713,4.5,1498029541
475,116797,4.5,1498030471
475,116823,4.0,1498031088
475,118696,4.5,1498031219
475,122882,4.5,1498030594
475,122892,4.0,1498030976
475,122904,5.0,1498029411
475,122920,3.5,1498029495
475,135133,4.0,1498031436
475,139385,4.0,1498031081
476,1,4.0,835021447
476,10,3.0,835021420
476,48,4.0,835022192
476,150,4.0,835021273
476,153,3.0,835021342
476,165,3.0,835021342
476,296,3.0,835021274
476,318,5.0,835021384
476,356,5.0,835021592
476,364,4.0,835021563
476,377,3.0,835021982
476,457,5.0,835021470
476,588,5.0,835021342
476,589,5.0,835022128
476,594,4.0,835021778
477,1,4.0,1200939636
477,47,4.0,1200939679
477,150,4.0,1200940406
477,260,4.5,1200939628
477,296,4.5,1200939617
477,318,5.0,1200939396
477,356,5.0,1200939619
477,364,4.0,1200939706
477,367,1.0,1200940274
477,377,3.0,1200943753
477,457,5.0,1200944274
477,527,4.5,1229452307
477,541,5.0,1201158878
477,588,3.0,1200939653
477,589,5.0,1200939634
477,594,3.0,1200940039
477,648,3.0,1200939670
477,733,4.0,1241938832
477,780,4.0,1200939639
477,919,3.5,1200939942
477,924,4.5,1200939944
477,1036,4.5,1279499481
477,1089,4.0,1200939949
477,1097,4.5,1200939754
477,1136,4.5,1200939813
477,1193,4.5,1200939373
477,1196,5.0,1200939665
477,1198,4.0,1200939393
477,1203,4.0,1200940079
477,1208,5.0,1232338078
477,1214,4.5,1200939818
477,1219,4.0,1200940546
477,1240,4.0,1200939768
477,1246,4.5,1200940056
477,1258,4.5,1200940013
477,1259,4.0,1200940002
477,1265,4.0,1200939795
477,1270,4.5,1200939690
477,1291,4.0,1200939811
477,1387,4.0,1200939979
477,1527,4.0,1200939889
477,1580,4.0,1200939760
477,1584,4.0,1200939987
477,1653,3.5,1200942200
477,1676,2.0,1200941242
477,1682,4.5,1200940021
477,1721,3.5,1200939764
477,2028,4.0,1200939714
477,2115,4.0,1200940052
477,2174,3.0,1200940028
477,2288,5.0,1200942180
477,2571,4.0,1200939698
477,2628,4.0,1200939784
477,2761,4.0,1200940826
477,2762,4.0,1200939741
477,2858,4.5,1200939674
477,3000,5.0,1200940541
477,3114,3.0,1200939982
477,3471,4.0,1200942059
477,3527,4.0,1269832587
477,4022,3.5,1200941198
477,4226,4.0,1200939350
477,4306,4.0,1200939854
477,4643,3.5,1200942135
477,4878,5.0,1200940609
477,4973,4.5,1200939429
477,4993,4.5,1200939842
477,5349,4.0,1200940130
477,5444,4.0,1200941819
477,5445,4.0,1200940049
477,5459,3.0,1262795608
477,5464,4.0,1200941143
477,5618,4.0,1200939357
477,5816,3.5,1269832408
477,5952,4.0,1200939884
477,6365,3.5,1201166072
477,6373,4.0,1200941360
477,6377,3.5,1200940263
477,6537,3.5,1200941220
477,6539,3.0,1200945523
477,6754,3.0,1200944714
477,6874,3.5,1200946278
477,6934,3.5,1200940214
477,7143,3.0,1201159467
477,7153,4.0,1200940018
477,7361,4.0,1200940259
477,8529,4.0,1200941267
477,8644,3.5,1200941147
477,8874,5.0,1200939544
477,8961,4.0,1200940137
477,31658,5.0,1205717502
477,32587,5.0,1200940245
477,33004,5.0,1200941545
477,33794,4.0,1200940126
477,34048,3.5,1200941088
477,40815,3.5,1269832366
477,41566,0.5,1269832384
477,41569,4.0,1200941186
477,44191,4.5,1200941073
477,45722,3.0,1201160024
477,46530,4.5,1200941952
477,48394,4.0,1200940225
477,48516,5.0,1202061030
477,48780,4.5,1222050963
477,51540,4.0,1200941275
477,51662,4.5,1200940283
477,52722,3.5,1203917774
477,53464,3.5,1200942157
477,56174,4.0,1200941094
477,57640,4.5,1215911361
477,58559,4.5,1216608858
477,59315,4.5,1210266538
477,59615,4.0,1211689858
477,59784,4.0,1215923079
477,60040,4.0,1213853923
477,60069,5.0,1214714005
477,60684,4.5,1236482587
477,68358,4.5,1242278357
477,68791,4.0,1243401974
477,69122,4.5,1244564338
477,70286,4.5,1250476937
477,71057,4.0,1252898673
477,71535,4.5,1300568809
477,72998,4.0,1262794395
477,74458,5.0,1266816560
477,77561,4.0,1275162896
477,79132,4.5,1280608200
478,594,3.5,1121467296
478,1101,3.0,1121467330
478,1584,2.5,1121467278
478,1917,2.0,1121467320
478,3114,3.0,1121467332
478,33794,4.5,1121467421
478,34048,2.0,1121467435
479,110,2.0,1039360660
479,260,4.0,1039360623
479,858,4.0,1039367658
479,919,5.0,1039362544
479,1198,4.0,1039367579
479,1265,5.0,1039362608
479,2028,3.0,1039367629
479,2161,3.0,1039367712
479,4308,5.0,1039362814
479,4643,2.0,1039392560
479,4886,5.0,1039367856
479,4995,5.0,1039362765
480,1,3.0,1179178004
480,10,4.0,1179177922
480,47,4.5,1179177656
480,50,3.5,1179160287
480,110,5.0,1179160978
480,111,4.5,1179178077
480,150,3.5,1179160667
480,153,1.0,1179177736
480,165,3.0,1179177627
480,253,3.5,1179177945
480,260,4.5,1179160262
480,296,4.0,1179177639
480,318,5.0,1179160238
480,356,5.0,1179161816
480,364,3.5,1179162651
480,367,4.0,1179177752
480,377,3.5,1179177648
480,457,3.5,1179161885
480,527,5.0,1179160233
480,541,4.0,1179160077
480,588,4.0,1179177801
480,589,4.5,1179177674
480,594,3.5,1179178970
480,648,3.0,1179177792
480,733,3.5,1179177642
480,778,4.0,1179178545
480,780,3.0,1179177680
480,858,5.0,1179160125
480,919,5.0,1179177957
480,1028,4.5,1179178910
480,1036,3.5,1179161463
480,1089,4.0,1179178001
480,1090,4.0,1179178499
480,1097,5.0,1179161568
480,1101,4.0,1179178123
480,1136,5.0,1179160187
480,1193,3.5,1179160200
480,1196,5.0,1179160264
480,1198,5.0,1179160219
480,1200,4.0,1179160559
480,1203,5.0,1179160046
480,1208,4.0,1179160664
480,1213,4.0,1179160131
480,1214,5.0,1179160557
480,1221,5.0,1179160127
480,1240,4.0,1179177903
480,1246,5.0,1179161404
480,1258,5.0,1179178128
480,1259,3.5,1179178319
480,1265,3.0,1179162064
480,1270,5.0,1179160718
480,1291,5.0,1179162388
480,1370,3.5,1179178403
480,1377,3.5,1179178733
480,1380,3.0,1179178422
480,1387,3.5,1179162467
480,1527,3.5,1179161759
480,1580,3.5,1179177734
480,1625,2.0,1179161901
480,1653,5.0,1179161916
480,1676,3.0,1179178178
480,1682,4.5,1179178013
480,1721,4.0,1179178328
480,1732,3.5,1179160854
480,1917,3.0,1179177906
480,1923,4.0,1179177799
480,1954,4.5,1179178330
480,1961,4.5,1179177754
480,2023,3.0,1179178699
480,2028,4.5,1179177682
480,2115,5.0,1179162386
480,2174,4.5,1179177778
480,2329,5.0,1179160064
480,2355,3.0,1179161045
480,2571,5.0,1179160175
480,2572,2.5,1179178848
480,2628,2.0,1179177670
480,2640,2.5,1179177858
480,2706,3.5,1179177760
480,2762,4.0,1179160250
480,2858,4.0,1179160061
480,2947,3.0,1179161981
480,2959,4.5,1179160120
480,3000,3.0,1179179290
480,3114,3.0,1179177708
480,3147,4.5,1179162043
480,3471,3.0,1179161227
480,3527,2.5,1179178054
480,3578,4.5,1179161959
480,3623,2.5,1179166167
480,3717,3.0,1179165087
480,4011,3.5,1179163224
480,4016,2.5,1179161617
480,4022,4.5,1179161111
480,4226,4.0,1179160178
480,4262,3.5,1179178650
480,4306,3.5,1179163506
480,4308,4.0,1179163815
480,4643,2.5,1179166220
480,4776,4.0,1179163766
480,4878,5.0,1179160105
480,4886,2.5,1179163392
480,4896,3.5,1179162149
480,4963,3.5,1179163588
480,4973,4.5,1179160059
480,4993,3.5,1179160162
480,4995,4.0,1179160783
480,5218,3.0,1179162308
480,5254,2.0,1179164326
480,5349,4.0,1179163739
480,5418,2.0,1179160952
480,5459,3.0,1179166157
480,5816,3.5,1179162140
480,5872,2.5,1179164507
480,5952,4.5,1179160168
480,5989,5.0,1179161120
480,5995,5.0,1179163003
480,6365,2.5,1179165311
480,6373,3.5,1179164379
480,6377,3.0,1179161764
480,6537,3.0,1179165615
480,6539,3.0,1179163366
480,6754,3.5,1179165658
480,6874,4.0,1179162511
480,6934,2.0,1179165313
480,7143,3.5,1179162586
480,7153,4.0,1179160166
480,7293,2.0,1179163835
480,7361,4.5,1179160117
480,7438,4.0,1179162518
480,7458,4.0,1179165642
480,8368,4.5,1179162143
480,8529,3.5,1179163828
480,8533,3.5,1179163714
480,8644,1.5,1179165151
480,8874,4.0,1179163317
480,8957,2.0,1179164128
480,8961,3.5,1179162375
480,8972,3.0,1179165360
480,8984,3.0,1179165385
480,30707,4.0,1179163064
480,30793,4.0,1179161141
480,32587,4.0,1179163264
480,33615,2.5,1179165295
480,33794,4.0,1179160764
480,34048,4.0,1179165686
480,40815,4.0,1179162145
480,41566,4.0,1179161187
480,41569,4.0,1179163785
480,42738,3.0,1179165660
480,44022,3.0,1179165153
480,44191,4.0,1179163075
480,45517,3.0,1179161097
480,45722,3.5,1179164141
480,46530,3.0,1179164168
480,47099,3.5,1179163566
480,48394,4.5,1179160209
480,48516,4.5,1179160102
480,48780,4.5,1179163006
480,49272,4.5,1179161103
480,49530,4.5,1179160904
480,51662,4.0,1179160481
481,1584,3.0,884773369
481,1653,3.0,884773369
481,1676,3.0,884774220
481,1721,5.0,884773647
482,50,4.0,1105396885
482,648,4.0,1105396863
482,780,4.5,1105396861
482,1036,5.0,1105396867
482,1101,4.5,1105396060
482,1198,4.0,1105396533
482,1200,4.5,1105396870
482,1246,3.5,1105396540
482,1270,5.0,1105396543
482,1527,5.0,1105396530
482,1584,3.0,1105395982
482,1923,4.0,1105395991
482,1961,3.0,1105395968
482,2174,4.0,1105396027
482,2640,5.0,1105397001
482,3527,4.0,1105396978
482,6539,4.0,1105396439
482,6754,4.0,1105396491
482,6934,4.0,1105396560
482,7153,3.0,1105396455
482,8368,5.0,1105396447
482,8529,3.5,1105396463
482,8644,4.5,1105396143
482,8665,4.0,1105396432
482,8961,5.0,1105397124
482,8972,4.0,1105397070
482,8984,4.0,1105397137
482,8985,4.5,1105397449
482,30707,4.5,1105397075
483,1,4.0,1178293130
483,10,2.0,1178293444
483,47,3.5,1178215187
483,48,3.0,1181496689
483,50,4.5,1204405320
483,110,4.0,1178292986
483,150,2.0,1178293393
483,153,2.0,1181494702
483,165,4.5,1226359677
483,253,3.5,1178215303
483,260,4.5,1327276785
483,296,5.0,1178213426
483,318,5.0,1291838563
483,356,5.0,1415579192
483,364,4.0,1178215210
483,367,3.0,1178293175
483,377,1.5,1181496681
483,457,2.5,1178293346
483,527,5.0,1415579196
483,588,4.0,1178293097
483,589,4.0,1178215130
483,648,2.0,1178293442
483,733,3.5,1204277189
483,778,4.5,1178293706
483,780,3.0,1178294810
483,858,4.0,1178213656
483,919,1.0,1181496661
483,920,1.5,1181496632
483,1028,4.5,1178294276
483,1036,3.5,1178293072
483,1097,3.0,1178293533
483,1101,2.0,1181494974
483,1136,4.5,1277996223
483,1193,3.0,1178293569
483,1196,4.5,1327276799
483,1198,4.0,1178292917
483,1200,4.5,1181494833
483,1201,5.0,1311339409
483,1203,5.0,1295093310
483,1214,4.0,1178293094
483,1221,3.5,1181494841
483,1240,3.5,1178215275
483,1246,3.5,1178358678
483,1265,5.0,1215894912
483,1270,4.5,1178215197
483,1291,5.0,1415579027
483,1370,4.0,1204277511
483,1377,3.5,1215895528
483,1380,2.0,1215870826
483,1387,2.0,1181496743
483,1527,3.5,1178293067
483,1562,2.0,1181495409
483,1580,2.0,1178293293
483,1625,4.0,1178211451
483,1653,5.0,1277996325
483,1676,3.0,1178294131
483,1682,3.5,1178293741
483,1721,2.0,1181496542
483,1732,5.0,1178293982
483,1907,3.5,1181495841
483,1917,3.0,1178293355
483,1923,4.5,1178293604
483,2028,4.0,1178293027
483,2115,4.0,1178293773
483,2161,3.5,1415579084
483,2174,4.0,1178215751
483,2329,3.0,1181496656
483,2355,3.5,1178358174
483,2571,4.5,1215548672
483,2572,2.5,1215895855
483,2628,3.0,1327276826
483,2640,3.5,1178293871
483,2706,3.5,1415579359
483,2762,3.5,1178292994
483,2858,4.0,1178215201
483,2953,2.0,1215896524
483,2959,4.5,1215871698
483,3000,5.0,1178211512
483,3114,3.0,1178293259
483,3147,3.5,1215895113
483,3471,2.5,1327277229
483,3527,2.5,1215895483
483,3578,3.5,1178293197
483,3623,0.5,1178293956
483,3717,3.0,1215896015
483,4011,4.0,1178351162
483,4016,4.0,1215872027
483,4226,4.0,1178293035
483,4306,4.0,1178292998
483,4308,4.5,1178358386
483,4643,1.5,1178218092
483,4886,4.5,1178293841
483,4896,4.5,1178358133
483,4963,4.0,1178215672
483,4973,5.0,1178211491
483,4993,4.5,1178292943
483,4995,4.5,1415579293
483,5218,3.5,1415579349
483,5349,4.5,1178293961
483,5418,4.5,1204474300
483,5445,4.5,1178293786
483,5459,3.0,1327277805
483,5464,3.5,1415576140
483,5618,5.0,1178210850
483,5816,3.5,1215895654
483,5952,4.5,1181494857
483,5989,4.5,1415579308
483,6365,2.5,1181496621
483,6373,3.5,1415579295
483,6377,4.5,1178294172
483,6378,3.5,1178358356
483,6539,4.0,1178213524
483,6874,5.0,1415579179
483,6934,1.5,1181496623
483,7153,4.0,1204277340
483,7293,4.0,1215545270
483,7361,5.0,1178211487
483,7438,4.0,1415579177
483,7458,2.5,1215897549
483,8368,5.0,1215873244
483,8529,4.0,1215545278
483,8533,4.0,1415576493
483,8644,4.0,1178358519
483,8874,4.5,1199992424
483,8957,0.5,1415576369
483,8961,4.0,1178213548
483,8972,3.0,1215899004
483,30707,4.0,1178358362
483,30793,4.0,1204277729
483,31658,4.5,1178213557
483,32587,4.0,1415578990
483,33004,4.5,1415579313
483,33794,4.0,1178293086
483,34048,2.0,1178358249
483,40815,3.5,1185098312
483,41566,3.5,1181496704
483,44191,5.0,1226360505
483,45517,2.5,1215872169
483,45722,3.5,1178211699
483,46972,3.5,1178293164
483,48394,5.0,1215897699
483,48516,4.5,1327277441
483,48780,5.0,1199993236
483,49272,3.0,1178293218
483,50872,5.0,1415578969
483,51662,4.0,1215872756
483,52722,1.5,1181496589
483,54001,4.5,1186314344
483,54259,5.0,1199992514
483,56174,3.0,1307314069
483,57640,4.5,1327276645
483,58559,4.0,1226359425
483,58998,4.5,1307313972
483,59315,4.0,1215545403
483,59615,3.5,1215361854
483,59784,4.0,1272483289
483,60069,5.0,1220816302
483,63082,4.5,1234656486
483,64614,5.0,1307314118
483,64957,4.0,1291838765
483,66097,4.5,1246700207
483,68157,4.0,1254323911
483,68954,5.0,1254323939
483,69122,4.5,1291838715
483,69844,4.0,1415574502
483,71535,3.5,1263669789
483,72998,4.5,1262525638
483,73017,4.5,1263605035
483,74789,3.5,1271633598
483,76093,3.5,1292633342
483,78499,5.0,1415579261
483,79132,5.0,1281384288
483,80463,4.0,1415579247
483,81845,5.0,1306694790
483,85414,3.0,1327276612
483,86911,3.5,1415578693
483,87222,3.5,1415578694
483,87869,3.5,1415578596
483,88129,4.0,1415578033
483,88140,3.0,1315436453
483,89745,4.0,1415576449
483,94777,3.0,1415577592
483,94780,2.5,1415577357
483,94864,2.5,1415577343
483,95167,4.0,1415577241
483,97304,4.5,1415574346
483,97752,4.5,1415577026
483,97921,4.5,1415576740
483,97938,5.0,1415574395
483,98203,2.0,1415576914
483,98809,4.5,1364849161
483,99114,5.0,1415574376
483,101076,2.5,1415576227
483,102125,4.5,1415576040
483,103249,1.5,1415575852
483,103341,4.5,1415575772
483,104211,4.0,1415575712
483,104841,5.0,1415577698
483,106696,4.0,1415575259
483,108932,4.0,1415575001
483,109487,5.0,1416133267
483,111362,4.0,1415574767
484,1,4.5,1342295949
484,47,4.0,1342228947
484,48,4.5,1342296910
484,318,5.0,1342982742
484,356,5.0,1342228969
484,364,5.0,1342296027
484,367,3.0,1342295874
484,588,4.5,1342295790
484,594,5.0,1342299220
484,733,4.5,1342295837
484,780,3.0,1342295820
484,919,5.0,1342229153
484,1089,4.0,1342228838
484,1200,1.5,1342295106
484,1213,4.5,1342228582
484,1214,1.5,1342295299
484,1258,3.5,1342229148
484,1380,4.0,1342296299
484,1387,3.5,1342295238
484,1580,3.5,1342295777
484,1625,2.5,1342294867
484,1682,4.0,1342294918
484,1721,3.0,1342295829
484,1917,4.0,1342295986
484,1923,4.0,1342295910
484,2174,4.0,1342296010
484,2329,5.0,1342228684
484,2572,4.0,1342296830
484,2706,4.0,1342295916
484,2762,4.5,1342228861
484,2858,4.5,1342228628
484,2959,5.0,1342228554
484,3717,3.5,1342297106
484,4011,3.0,1342228986
484,4776,3.0,1342294815
484,5266,3.0,1342297102
484,6874,4.5,1342295389
484,7254,3.5,1342296664
484,7293,3.5,1342297222
484,8957,4.0,1342297289
484,30793,3.5,1342296682
484,32587,4.5,1342295900
484,33794,4.0,1342367963
484,48516,5.0,1342228793
484,48780,1.5,1342229033
484,49530,4.5,1342296530
484,50872,5.0,1342296374
484,51662,3.0,1342296124
484,55820,2.0,1342229134
484,58559,3.5,1342228525
484,60684,3.0,1342296465
484,69122,4.0,1342294829
484,74458,2.5,1342296202
484,74789,4.0,1342296871
484,80463,3.0,1342296482
484,81847,5.0,1342297950
484,88129,2.0,1342296750
484,93510,4.5,1342297613
485,10,4.0,837943350
485,110,3.0,837943384
485,150,5.0,837943215
485,165,5.0,837943260
485,253,1.0,837943350
485,356,5.0,837943384
485,457,4.0,837943320
485,588,4.0,837943261
486,10,4.0,839537237
486,47,3.0,839537220
486,110,5.0,839537186
486,150,5.0,839536920
486,153,5.0,839536954
486,165,3.0,839536954
486,253,4.0,839537142
486,296,5.0,839536920
486,318,5.0,839537113
486,356,5.0,839537017
486,377,4.0,839537237
486,457,5.0,839537017
486,588,3.0,839536954
486,589,5.0,839537220
486,648,5.0,839536984
486,733,5.0,839537237
486,780,5.0,839536984
487,260,4.0,1428574154
487,318,3.0,1428574138
487,1198,3.5,1428574150
487,2571,3.0,1428574140
487,2959,4.0,1428574157
487,4306,4.0,1428574200
487,4878,4.0,1428574246
487,4886,3.5,1428574212
487,4963,2.5,1428649983
487,4973,3.0,1428574208
487,4993,4.0,1428574196
487,4995,3.0,1428649954
487,5418,2.0,1428574239
487,5445,3.0,1428574211
487,5952,4.0,1428574197
487,6539,2.5,1428574205
487,6874,3.5,1428574236
487,7153,4.0,1428574203
487,7361,4.0,1428574235
487,7438,4.0,1428574247
487,8874,4.0,1428574269
487,8961,4.0,1428574243
487,31658,3.5,1428574498
487,49272,3.0,1428650016
487,50872,3.0,1428574591
487,60069,3.5,1428574419
487,79132,2.5,1428574143
487,81845,4.0,1428574557
487,109374,3.0,1428574598
487,109487,4.0,1428574546
487,112552,3.0,1428574489
487,116797,4.5,1428650174
488,1,4.5,1112382025
488,150,3.5,1112382786
488,318,5.0,1112382037
488,457,4.0,1112382719
488,527,5.0,1112382044
488,1136,5.0,1112382154
488,1198,3.5,1112382073
488,2762,5.0,1112382068
488,3114,4.0,1112382031
488,3147,3.5,1112382822
488,4306,5.0,1112382088
488,4886,5.0,1112381931
488,4973,5.0,1112382186
488,4993,5.0,1112382145
488,5952,5.0,1112382123
488,5995,4.5,1112382793
488,6377,5.0,1112382039
488,6539,4.0,1112382169
488,7153,5.0,1112382196
488,8368,5.0,1112382096
488,8961,4.0,1112382052
488,30707,4.0,1112382642
489,10,2.5,1333101410
489,47,3.0,1333101316
489,48,4.0,1334587634
489,70,2.0,1385823826
489,110,4.5,1332772116
489,111,3.0,1333101521
489,150,3.5,1333023417
489,153,3.0,1334169992
489,165,3.0,1333830649
489,253,4.0,1332772731
489,296,4.0,1333101247
489,356,4.0,1333101250
489,364,4.0,1333101330
489,367,1.5,1334169929
489,377,3.5,1333101308
489,541,4.0,1333101450
489,588,3.5,1333101295
489,589,3.5,1334170029
489,594,3.5,1334170654
489,648,3.0,1333101322
489,733,3.5,1332772840
489,780,2.5,1333101277
489,919,4.5,1332773015
489,920,4.0,1332773977
489,924,4.0,1333101525
489,1028,4.5,1332774291
489,1036,3.0,1333101447
489,1089,3.5,1385823465
489,1097,4.0,1333101385
489,1101,3.0,1333101619
489,1136,3.5,1333101417
489,1198,4.0,1333101305
489,1200,4.0,1332772670
489,1201,4.0,1332774415
489,1214,4.0,1332772871
489,1219,3.5,1334170450
489,1227,4.5,1333656252
489,1240,3.5,1333101394
489,1246,4.0,1333101663
489,1258,4.0,1333101572
489,1259,3.5,1333101647
489,1265,3.5,1333101421
489,1270,3.5,1333101319
489,1291,4.0,1333101440
489,1370,3.0,1333830655
489,1377,3.5,1334587496
489,1380,3.0,1334170701
489,1387,3.5,1333101597
489,1527,4.5,1332772549
489,1580,3.0,1334170377
489,1676,3.5,1334170904
489,1682,2.5,1332772783
489,1721,3.5,1333101365
489,1917,3.5,1333101566
489,1923,3.5,1332772953
489,1961,4.0,1334170438
489,2028,3.0,1333101345
489,2115,4.0,1333101631
489,2174,4.5,1332772908
489,2288,3.0,1333022600
489,2355,2.5,1333101626
489,2571,4.0,1332772362
489,2572,4.5,1332705170
489,2628,1.0,1333101402
489,2706,2.0,1333101535
489,2762,3.0,1333101341
489,2858,4.0,1333101301
489,2947,3.0,1334171053
489,2953,0.5,1333231722
489,2959,4.5,1332772151
489,3000,5.0,1333022709
489,3147,4.0,1385823556
489,3471,3.5,1385823743
489,3527,4.0,1332773452
489,3578,0.5,1332772197
489,3623,2.5,1334170213
489,3717,1.5,1332774687
489,4022,3.5,1333101709
489,4226,4.5,1332772278
489,4306,4.0,1333101413
489,4308,4.0,1332773481
489,4643,0.5,1332774261
489,4896,3.5,1334170044
489,4963,3.5,1333101608
489,4973,5.0,1332773263
489,4993,4.0,1332772158
489,4995,4.0,1333101658
489,5218,3.5,1334170491
489,5266,1.0,1332774836
489,5349,3.0,1333101600
489,5445,4.0,1333101549
489,5618,4.0,1334170348
489,5816,3.0,1334170302
489,5872,1.0,1333022805
489,5952,4.0,1332772103
489,5989,3.5,1333101797
489,5995,3.5,1332773638
489,6365,1.5,1333101790
489,6373,1.5,1334171090
489,6377,4.0,1332772170
489,6537,2.5,1334170727
489,6539,2.0,1333101545
489,6874,5.0,1332772384
489,6934,0.5,1332772942
489,7153,4.0,1332772253
489,7293,4.0,1332774955
489,7361,4.5,1332772373
489,7438,5.0,1332772313
489,8368,4.0,1334170404
489,8533,5.0,1342572756
489,8874,4.5,1332773285
489,8957,0.5,1332774937
489,8961,3.5,1334170069
489,8972,3.5,1333022971
489,8984,3.5,1332774644
489,30793,2.5,1334170640
489,31658,3.0,1333022550
489,32587,3.0,1334169904
489,33004,3.5,1332774420
489,33615,4.0,1333232549
489,33794,3.5,1334170022
489,40815,3.0,1334170289
489,41569,2.0,1332774053
489,44191,4.0,1332773035
489,46972,2.5,1333232803
489,48394,5.0,1332772742
489,49272,3.5,1334169939
489,51540,4.0,1333022943
489,51662,4.0,1332772608
489,52722,2.5,1332774845
489,53125,2.0,1332774088
489,53972,3.0,1333830639
489,54001,3.5,1334171202
489,54259,3.0,1334587966
489,56174,2.5,1334170479
489,57640,4.5,1333232483
489,58559,4.0,1334170125
489,59315,4.5,1334170359
489,59615,0.5,1332704830
489,59784,3.0,1334587850
489,60069,4.0,1332772747
489,60074,3.0,1333023023
489,60684,4.0,1332774113
489,63082,3.5,1332772799
489,66097,4.0,1333023171
489,68954,4.5,1332772589
489,72998,1.5,1332772267
489,73017,4.0,1335868920
489,74789,2.0,1334171126
489,77561,4.0,1334170868
489,79132,4.5,1332772468
489,81591,5.0,1332772922
489,81845,4.0,1333023537
489,86332,3.0,1335561198
489,88744,3.0,1332773710
489,89745,4.5,1341953639
489,91542,3.5,1332774960
489,92938,0.5,1332773103
489,96079,4.0,1355780666
489,98809,4.0,1355780780
490,1,3.5,1328229305
490,296,4.0,1334940348
490,356,3.5,1324371859
490,367,2.0,1328229369
490,1089,4.0,1328146237
490,1246,3.0,1328145404
490,1721,3.0,1328229354
490,2571,4.0,1324371086
490,2959,3.5,1328145295
490,4226,4.0,1334940351
490,4896,3.0,1328145467
490,4973,4.0,1334940456
490,4993,3.5,1328145287
490,5816,2.5,1324376639
490,5952,3.5,1328145283
490,6365,2.5,1324371120
490,6373,2.5,1328145487
490,6539,3.0,1328145462
490,6934,2.0,1324371104
490,7153,3.5,1328145285
490,7361,4.0,1334940537
490,8368,3.0,1328145387
490,30707,3.5,1324452639
490,33794,3.0,1324371191
490,44191,3.5,1324371162
490,48780,3.5,1324371071
490,53125,2.0,1328145505
490,53972,3.0,1328145357
490,54001,2.5,1324376780
490,58559,4.0,1324371221
490,58998,3.0,1328145399
490,60074,1.5,1328145547
490,63082,3.5,1328145244
490,64614,3.5,1324372436
490,68954,3.5,1334940528
490,69122,3.0,1324374205
490,69844,3.0,1324376770
490,72998,3.0,1324378368
490,74458,3.5,1324371080
490,78499,4.0,1324371584
490,79132,4.0,1324370959
490,80463,4.0,1324371040
490,81591,4.0,1324372022
491,356,4.5,1522605146
491,367,4.5,1522964068
491,1265,4.0,1522605286
491,1682,4.5,1522605223
491,2953,5.0,1526673139
491,4306,2.0,1522605168
491,4896,5.0,1522964129
491,5218,4.5,1526673068
491,5816,5.0,1526672902
491,6373,4.5,1524412163
491,6539,3.0,1526672916
491,7293,4.0,1526673135
491,8529,5.0,1526672907
491,40815,5.0,1522964141
491,45720,4.5,1526672965
491,50872,4.0,1522605385
491,54001,5.0,1526672876
491,69844,5.0,1526672790
491,81845,4.5,1522970496
491,95441,3.0,1526673118
491,97921,2.0,1523814246
491,104211,4.0,1522605515
491,104374,4.5,1526672960
491,106782,4.5,1526673888
491,129354,4.0,1526673901
491,140110,4.0,1526762922
492,1,4.0,863975949
492,260,4.0,863976004
492,648,4.0,863975952
492,733,5.0,863976004
492,778,2.0,863976201
492,780,5.0,863975945
492,858,3.0,863976249
493,110,5.0,1001562412
493,260,5.0,1001562629
493,457,4.0,1001562679
493,589,4.0,1001562662
493,733,4.0,1001562812
493,858,5.0,1001562629
493,1196,5.0,1001562382
493,1198,4.0,1001562629
493,1200,4.0,1001562708
493,1214,2.0,1001562662
493,1221,5.0,1001562471
493,1240,4.0,1001562662
493,1291,3.0,1001562761
493,1527,3.0,1001562930
493,1721,3.0,1001562535
493,1954,5.0,1001562708
493,2028,4.0,1001562535
493,2571,5.0,1001562662
493,2640,4.0,1001562900
493,3527,4.0,1001562873
493,3578,3.0,1001562785
494,110,5.0,1001666439
494,260,5.0,1001666564
494,367,2.0,1000384043
494,589,5.0,1001666641
494,858,5.0,1001666564
494,1036,5.0,1001666641
494,1196,5.0,1001666564
494,1198,5.0,1000384043
494,1200,5.0,1001666589
494,1201,4.0,1001666423
494,1214,5.0,1001666589
494,1221,5.0,1001666564
494,1291,5.0,1001666641
494,2028,5.0,1001666475
494,2571,5.0,1001666589
494,3578,5.0,1001666641
495,50,4.0,1458634563
495,150,4.5,1458635325
495,318,5.0,1458634558
495,356,4.0,1458634556
495,527,4.0,1458634561
495,588,4.0,1458635600
495,780,4.5,1458635950
495,858,4.5,1458634582
495,1193,5.0,1458635276
495,1208,4.5,1458635536
495,1246,5.0,1458635291
495,1259,4.5,1458635281
495,1265,4.0,1458635312
495,1377,4.0,1458636324
495,1580,3.5,1458635792
495,1676,3.5,1458636253
495,1682,4.5,1458635303
495,1721,5.0,1458635859
495,1732,5.0,1458635703
495,1917,5.0,1458636320
495,2028,4.5,1458635260
495,2571,5.0,1458634573
495,2706,4.0,1458636055
495,2762,4.5,1458635237
495,2959,5.0,1458634866
495,3578,5.0,1458635284
495,3717,4.5,1458636290
495,4022,4.5,1458635524
495,4262,4.5,1458635629
495,4643,4.0,1458636416
495,4776,5.0,1458635704
495,4963,5.0,1458635476
495,4993,0.5,1458635247
495,4995,5.0,1458635276
495,5254,3.5,1458636268
495,5952,0.5,1458635266
495,5989,5.0,1458635384
495,6365,3.0,1458636069
495,6373,4.0,1458636141
495,6539,2.5,1458635449
495,6874,5.0,1458635604
495,7254,5.0,1458635602
495,7361,4.5,1458635343
495,7438,5.0,1458635650
495,7458,4.0,1458636037
495,8533,5.0,1458636586
495,8644,2.5,1458635871
495,8984,4.5,1458636109
495,27773,5.0,1458635306
495,45720,5.0,1458636584
495,45722,1.0,1458635892
495,48516,5.0,1458635279
495,49530,4.5,1458635435
495,50872,4.5,1458635438
495,51540,2.5,1458635830
495,55820,2.0,1458635514
495,56174,3.5,1458635787
495,58559,5.0,1458634583
495,58998,5.0,1458635709
495,59369,4.0,1458635490
495,63082,5.0,1458635293
495,63992,4.0,1458636626
495,64614,4.5,1458635310
495,66097,3.0,1458636667
495,68157,4.5,1458635341
495,69122,5.0,1458635578
495,70286,5.0,1458635551
495,72998,5.0,1458635171
495,74458,4.5,1458635362
495,79132,5.0,1458634589
495,79293,2.5,1458636117
495,80463,5.0,1458635472
495,81562,4.0,1458635529
495,86911,0.5,1458636328
495,87869,4.0,1458636105
495,88129,4.0,1458635482
495,89745,4.0,1458635395
495,89774,5.0,1458636698
495,91500,4.5,1458635727
495,97304,5.0,1458635412
495,97921,5.0,1458636554
495,97938,5.0,1458636559
495,99114,5.0,1458635162
495,100383,5.0,1458637108
495,102407,3.0,1458636663
495,104211,4.5,1458636783
495,106100,5.0,1458635402
495,106489,0.5,1458635672
495,106696,5.0,1458635883
495,106782,5.0,1458635479
495,106916,4.5,1458636639
495,107406,4.0,1458636633
495,111759,5.0,1458635333
495,112183,5.0,1458636552
495,112556,5.0,1458636540
495,112852,5.0,1458635410
495,115569,5.0,1458636552
495,116823,4.5,1458635958
495,117529,3.5,1458634708
495,122882,4.5,1458634764
495,122904,5.0,1458634621
495,132796,1.0,1458634739
495,134130,5.0,1458634616
495,136562,4.5,1458634688
495,139385,5.0,1458634761
495,139642,4.0,1458634702
495,139644,4.0,1458634649
495,140715,5.0,1458637035
495,146656,5.0,1458634661
495,148626,5.0,1458634623
496,858,5.0,1415166629
496,1221,4.0,1415166620
496,4306,3.0,1415520455
496,4993,4.0,1415520448
496,5952,4.0,1415520446
496,7153,4.0,1415520444
496,58559,4.5,1415520420
496,95167,3.0,1415166087
496,99149,4.0,1415166336
496,104841,3.0,1415166638
496,106920,4.5,1415166048
496,109374,4.0,1415520463
496,111362,3.5,1415520469
496,112852,3.0,1415520462
496,114713,2.5,1415521047
497,50,3.0,1429127291
497,111,5.0,1432417922
497,260,2.0,1429127353
497,318,3.0,1429127139
497,858,4.0,1429127498
497,1193,5.0,1429127304
497,1198,4.0,1429127325
497,1258,4.0,1430332444
497,2028,3.0,1429127151
497,2329,5.0,1429127358
497,2571,2.5,1429127153
497,2762,5.0,1429127159
497,2858,4.0,1429127731
497,2959,4.0,1429127728
497,4973,3.0,1429127332
497,4993,2.0,1429127309
497,5349,3.0,1429191394
497,5952,2.0,1429127337
497,6539,2.5,1429191384
497,7153,2.0,1429127312
497,7361,5.0,1429177780
497,48394,2.0,1429128018
497,58559,4.0,1429127320
497,68954,5.0,1429127888
497,79132,2.0,1429127364
497,109487,5.0,1429127210
497,111362,2.0,1429191471
497,112183,5.0,1429177789
497,112552,5.0,1429127208
497,112556,3.5,1429127214
498,10,3.0,839197307
498,47,3.0,839197341
498,110,5.0,839197320
498,150,5.0,839197204
498,153,3.0,839196963
498,296,4.0,839197204
498,318,5.0,839197252
498,356,5.0,839197320
498,364,5.0,839197341
498,457,5.0,839197246
498,588,5.0,839197218
498,648,5.0,839197392
499,1201,4.5,1289960416
499,48394,3.5,1289960518
500,1,4.0,1005527755
500,260,4.0,1005527309
500,356,4.0,1005527755
500,364,3.0,1005528236
500,588,4.0,1005528301
500,594,3.0,1005528236
500,1265,3.0,1005527801
500,1580,4.0,1005528065
500,1923,3.0,1005527755
500,2355,5.0,1005528301
500,2572,3.0,1005527406
500,2706,4.0,1005527980
500,2858,5.0,1005527724
500,3114,5.0,1005527784
500,4306,5.0,1005528355
501,10,4.0,844973340
501,50,3.0,844973340
501,780,5.0,844973487
502,318,5.0,1111757439
502,1214,4.5,1111757653
502,1625,0.5,1111757282
502,2640,5.0,1111757693
502,3147,5.0,1111757817
502,3471,5.0,1111757648
502,3623,0.5,1111757292
502,8529,1.0,1111757874
503,296,5.0,1335219269
503,318,4.0,1335219008
503,356,4.0,1335219276
503,364,3.0,1335219351
503,527,4.0,1335219018
503,858,4.5,1335219012
503,924,4.0,1335219595
503,1036,4.5,1335219567
503,1089,4.5,1335219547
503,1193,4.0,1335219029
503,1203,4.0,1335219050
503,1213,5.0,1335219083
503,1214,2.5,1335219463
503,1221,4.0,1335219023
503,1259,5.0,1335219230
503,1721,2.5,1335219591
503,2028,3.0,1335219392
503,2571,4.5,1335219074
503,2762,3.0,1335219348
503,2858,4.0,1335219095
503,2959,3.5,1335219059
503,3114,4.0,1335219439
503,3147,4.5,1335219604
503,4226,4.0,1335219077
503,4878,2.5,1335219513
503,5418,1.5,1335219405
503,6377,3.0,1335219478
503,7361,2.5,1335219384
503,48394,4.0,1335219670
503,48516,4.0,1335219479
503,68157,4.5,1335219485
503,79132,3.5,1335219054
503,91500,2.0,1335219928
503,91976,2.0,1335220010
503,93270,0.5,1335220004
503,93840,4.0,1335219923
503,94015,0.5,1335232826
504,1,4.0,1063644695
504,296,4.0,1064451554
504,377,4.0,1064450770
504,1682,4.0,1063644434
504,2174,3.0,1063644399
504,4022,4.0,1063644523
504,4306,4.5,1063644632
504,4776,3.5,1072066379
504,4993,4.0,1064450665
504,4995,4.0,1072066270
504,5445,3.5,1077909293
504,5952,4.0,1064450662
504,5989,4.0,1072066257
504,6377,4.0,1072066484
504,7153,4.0,1077909201
505,47,5.0,1298780253
505,2959,5.0,1298780215
505,4226,5.0,1298780228
505,8874,5.0,1298780096
505,48780,3.5,1298780266
505,71535,4.0,1298780088
506,45720,3.0,1424486962
506,53125,0.5,1424486935
506,54259,3.0,1424486947
506,58998,5.0,1424486961
506,64957,1.0,1424486943
506,109487,5.0,1424486898
506,112552,3.5,1424486897
506,112556,3.0,1424486905
506,112852,3.5,1424486911
507,47,3.0,838964683
507,110,3.0,838964648
507,150,3.0,838964550
507,153,3.0,838964572
507,165,3.0,838964572
507,253,3.0,838964628
507,356,4.0,838964648
507,377,5.0,838964728
507,457,4.0,838964604
507,589,3.0,838964703
508,1270,4.5,1268298253
509,1,4.0,1435992343
509,48,3.5,1436000115
509,153,2.0,1436027234
509,260,4.0,1435992290
509,296,3.5,1436101835
509,364,4.0,1436000039
509,367,3.5,1435999157
509,588,3.5,1435992627
509,594,3.0,1435992651
509,1136,4.0,1435993023
509,1196,4.0,1435993043
509,1198,4.0,1435992293
509,1265,3.0,1435992443
509,1682,4.0,1435992469
509,1732,3.5,1436101601
509,1907,4.0,1436000045
509,1917,3.0,1436027323
509,2028,3.5,1436393168
509,2161,3.0,1436027395
509,2174,3.5,1436101403
509,2355,3.0,1435992639
509,2571,3.5,1435993006
509,2572,3.5,1435992697
509,2761,4.0,1436027182
509,2762,4.0,1435992313
509,3000,3.5,1436393181
509,3114,3.5,1435992506
509,3578,3.0,1435993248
509,4016,3.5,1435993712
509,4306,4.0,1435992327
509,4366,2.5,1435994536
509,4878,4.0,1435993288
509,4886,3.5,1435992316
509,4896,3.5,1435992593
509,4963,3.5,1435993262
509,4973,4.0,1435992320
509,4993,5.0,1435992277
509,5218,3.5,1435993384
509,5349,2.5,1435993264
509,5444,3.5,1436000130
509,5459,3.0,1435993428
509,5618,4.0,1435993012
509,5816,3.5,1435993332
509,5952,5.0,1435992279
509,6365,2.5,1435993295
509,6373,3.5,1435992791
509,6377,3.5,1435992322
509,6539,3.5,1435993253
509,6874,3.0,1435993272
509,7153,5.0,1435992276
509,7458,2.5,1435993641
509,8368,3.5,1435992373
509,8533,3.5,1435992563
509,8644,3.0,1435993425
509,8961,4.0,1435993274
509,8972,2.0,1435993808
509,8984,3.5,1435993653
509,30793,3.0,1436027394
509,31658,4.0,1435993676
509,32587,3.5,1436083303
509,33004,4.0,1436101323
509,33615,2.0,1435994238
509,40339,1.5,1436000147
509,40815,3.5,1435992376
509,41569,3.0,1435998634
509,44022,3.0,1435994577
509,44191,4.0,1435993324
509,45720,3.0,1435997833
509,45722,3.5,1435993436
509,46972,3.0,1435994476
509,47099,2.5,1435994179
509,48394,4.0,1435993387
509,48780,3.5,1435993404
509,50872,3.5,1436000063
509,51662,3.5,1435992602
509,52722,1.0,1435993842
509,53125,3.5,1436000492
509,54259,3.5,1436393817
509,56174,3.5,1435993585
509,58559,3.5,1435993009
509,59315,3.0,1436393462
509,60040,3.0,1435994421
509,60069,3.5,1436393616
509,60937,2.5,1435997273
509,63082,4.0,1435992355
509,63992,1.5,1435994716
509,64957,2.5,1436424679
509,66097,4.0,1435999279
509,68135,3.5,1435995648
509,68358,3.5,1435993508
509,68554,3.0,1435998388
509,68793,3.0,1435997204
509,68954,3.5,1436393172
509,69122,1.0,1435993516
509,69644,2.5,1435996249
509,70286,3.5,1435993497
509,71057,4.0,1435992676
509,72737,3.5,1435997106
509,73017,3.5,1435993640
509,74530,2.5,1435998910
509,74789,2.5,1435994307
509,76093,4.5,1435993774
509,77561,3.5,1435993839
509,78105,4.0,1435996118
509,78499,4.0,1435992307
509,79091,3.5,1435994338
509,79132,3.5,1435998083
509,81564,3.5,1435992552
509,81845,3.5,1435992324
509,81847,4.0,1435994505
509,82169,3.0,1436393290
509,86332,3.5,1435992685
509,86880,3.5,1435995691
509,88744,3.0,1435994587
509,89745,4.5,1435997974
509,91500,3.5,1435994135
509,91529,4.0,1435993753
509,91542,3.5,1435994503
509,93510,3.0,1435995678
509,93840,4.0,1435992560
509,94478,2.5,1436101422
509,94777,3.0,1435996003
509,94780,2.5,1435999746
509,95167,4.0,1435995737
509,97938,3.5,1435994828
509,98243,3.5,1436101483
509,98809,3.5,1435994285
509,99114,4.0,1435993779
509,99149,3.5,1435997422
509,101864,2.5,1435995955
509,102445,3.5,1435994794
509,103042,3.5,1435995851
509,103335,3.5,1436393218
509,104374,3.5,1435992403
509,104841,2.5,1435994355
509,106072,3.5,1436027300
509,106487,3.5,1435994774
509,106696,4.5,1444255616
509,106916,2.5,1435995762
509,107406,4.0,1435997642
509,108932,4.0,1435995688
509,109374,3.5,1435994464
509,109487,3.0,1435994169
509,110102,3.5,1435995405
509,111362,3.5,1435994914
509,111659,3.5,1435997731
509,112138,3.0,1435997540
509,112175,4.5,1435996472
509,112852,4.0,1436393160
509,115617,4.5,1436000081
509,116823,3.5,1435997134
509,117176,4.5,1435997672
509,117529,3.5,1435996029
509,118997,2.5,1436000441
509,122892,4.0,1435997969
509,130073,4.0,1435997996
509,133419,5.0,1435997941
510,50,4.0,1141160526
510,457,4.5,1141158931
510,527,3.5,1141160575
510,858,4.5,1141160565
510,1036,4.0,1141159020
510,1196,3.5,1141160599
510,1198,4.0,1141159012
510,1208,4.0,1141158708
510,1213,3.5,1141160602
510,1258,4.0,1141158775
510,1259,3.5,1141160606
510,1265,4.0,1141159029
510,1961,3.0,1141158978
510,2174,3.0,1141158751
510,2640,3.0,1141158903
510,2762,2.5,1141160613
510,3527,3.0,1141158941
510,4262,3.5,1141159159
510,4993,2.5,1141160590
510,5952,3.0,1141158768
510,8529,1.0,1141159436
510,8644,3.0,1141159149
510,32587,3.5,1141159125
510,33794,4.0,1141159117
511,318,5.0,1450093982
511,356,4.5,1450094222
511,527,5.0,1450093983
511,1198,5.0,1450093999
511,1653,4.0,1522155957
511,2571,5.0,1450093985
511,2628,4.0,1522155902
511,2959,5.0,1450093988
511,4973,4.0,1450094205
511,4993,5.0,1450093997
511,5349,3.5,1522156000
511,7153,5.0,1450093990
511,41569,3.5,1522154778
511,68954,4.5,1450094228
511,79132,5.0,1450093987
511,89745,4.5,1450094062
511,91500,3.5,1450094072
511,91529,5.0,1450094060
511,96737,3.0,1522156019
511,97752,4.0,1522155971
511,99114,4.0,1450094058
511,103253,3.5,1522155922
511,105844,4.0,1522155933
511,107406,3.5,1522154716
511,109487,4.5,1450094056
511,112623,4.0,1522155936
511,115713,4.5,1450094121
511,122882,4.0,1522156034
511,134130,4.0,1450094078
511,139385,5.0,1522156030
512,47,5.0,841449359
512,50,5.0,841449402
512,110,5.0,841449335
512,150,4.0,841449202
512,165,5.0,841449233
512,253,5.0,841449308
512,296,5.0,841449203
512,318,5.0,841449281
512,356,5.0,841449308
512,364,4.0,841449359
512,367,3.0,841449382
512,377,4.0,841449381
512,457,5.0,841449258
512,527,5.0,841449445
512,588,3.0,841449233
512,589,3.0,841449359
513,110,4.0,1159980717
513,150,4.5,1159980647
513,260,5.0,1159980693
513,296,4.5,1159980578
513,318,5.0,1159980592
513,457,4.5,1159980582
513,780,2.5,1159980704
513,920,5.0,1159980400
513,1101,2.5,1159980360
513,1258,2.5,1159980381
513,2174,3.5,1159980370
513,2858,4.0,1159980549
513,4306,4.0,1159980663
513,5349,4.0,1159980720
513,5952,3.0,1159980557
513,7153,3.5,1159980540
514,1,4.0,1533872400
514,47,4.0,1533872325
514,150,4.0,1533948837
514,260,5.0,1533871727
514,296,4.0,1533945044
514,356,4.0,1533871408
514,364,4.0,1533872439
514,457,4.0,1534051794
514,588,4.0,1533872494
514,589,4.0,1533872281
514,648,4.0,1535252568
514,778,2.5,1533954042
514,919,4.5,1534051777
514,1036,4.0,1533872278
514,1089,4.0,1536456569
514,1090,4.0,1533948858
514,1097,4.5,1533872346
514,1101,3.0,1533954111
514,1136,4.0,1533948683
514,1193,4.0,1533948671
514,1196,5.0,1533871843
514,1198,5.0,1533871625
514,1200,5.0,1534052813
514,1213,4.5,1533872252
514,1214,4.0,1533872256
514,1240,4.0,1533872268
514,1258,4.0,1535943481
514,1259,4.5,1533944378
514,1265,4.0,1533948808
514,1270,5.0,1533872291
514,1291,4.0,1533948866
514,1387,5.0,1534052825
514,1584,4.0,1534052768
514,1625,2.5,1533872597
514,1682,4.0,1533872381
514,1721,4.0,1533954277
514,1954,4.0,1533872398
514,1961,4.0,1533872374
514,2028,4.0,1533872451
514,2115,4.0,1533872366
514,2161,3.0,1533948775
514,2174,4.0,1533872559
514,2288,4.0,1533872463
514,2355,3.5,1533872515
514,2403,3.5,1533953876
514,2571,4.0,1533949050
514,2762,4.0,1533872490
514,2858,4.0,1533953776
514,2959,2.5,1533872414
514,3471,5.0,1533872127
514,3527,4.0,1533872532
514,4306,4.0,1533949329
514,4993,2.0,1533871470
514,4995,4.0,1533949192
514,5952,2.0,1533871481
514,6377,4.0,1533949270
514,7153,3.0,1533871477
514,8368,4.0,1533965374
514,8961,3.5,1533949311
514,49272,3.5,1533949392
514,50872,4.0,1533872588
514,53972,3.0,1534128266
514,54997,4.0,1533948878
514,58559,3.0,1533871489
514,58998,3.5,1533954064
514,59369,4.0,1533872847
514,59615,3.0,1534087207
514,68157,4.0,1536456570
514,68358,4.0,1535945180
514,69122,4.0,1533872710
514,73017,4.0,1533872778
514,74458,4.0,1533872690
514,76093,4.0,1533872585
514,79132,4.0,1533871492
514,80463,5.0,1533871971
514,81562,3.0,1533949079
514,81845,4.0,1533948747
514,82459,4.5,1533948674
514,87869,4.0,1533872875
514,88744,4.0,1534448194
514,91529,3.0,1533954295
514,102903,4.0,1534052650
514,104211,4.0,1533949408
514,104841,3.0,1533872356
514,106782,4.0,1534052685
514,109374,4.0,1533949086
514,109487,4.0,1533872696
514,111759,3.5,1533949405
514,112183,2.5,1533948968
514,112552,4.5,1533948663
514,112852,3.0,1533872836
514,115617,4.0,1533954098
514,115713,3.0,1533949071
514,117590,4.0,1533954035
514,122900,2.0,1533872826
514,128360,3.0,1533948973
514,134130,4.0,1533872649
514,136864,2.5,1533946817
514,148626,4.0,1533948677
514,159093,4.0,1533954152
514,160571,3.0,1533945298
515,50,4.5,1513678307
515,260,5.0,1513602000
515,318,5.0,1513601957
515,356,5.0,1513601965
515,527,5.0,1513601963
515,2028,5.0,1513601986
515,2959,5.0,1513601998
515,3147,5.0,1513601970
515,33794,5.0,1513602035
515,48516,5.0,1513602042
515,48780,5.0,1513602048
515,58559,5.0,1513602034
515,59315,5.0,1513602040
515,60069,5.0,1513602036
515,79132,5.0,1513601987
515,91529,5.0,1513602003
515,112552,5.0,1513601996
515,116797,5.0,1513601990
516,260,5.0,994624788
516,457,4.0,994625059
516,1090,3.0,994625023
516,1198,4.0,994624807
516,1954,5.0,994625023
516,3471,5.0,994625023
516,4306,5.0,994624878
517,1,4.0,1487954343
517,10,0.5,1487957717
517,47,2.0,1487958109
517,110,1.5,1487953160
517,165,2.5,1487957639
517,260,3.5,1487957618
517,318,4.0,1487952883
517,356,3.5,1487953018
517,364,4.5,1487953263
517,367,3.0,1487957222
517,377,3.0,1487957629
517,457,2.5,1487957605
517,527,3.5,1487952885
517,588,3.0,1487956665
517,594,3.5,1487956860
517,780,3.5,1487957666
517,919,4.5,1487954346
517,920,4.0,1487957162
517,1028,5.0,1487954316
517,1097,5.0,1487954369
517,1101,0.5,1487957523
517,1136,2.0,1487957926
517,1193,1.5,1488399289
517,1219,1.0,1487953306
517,1246,2.0,1487953164
517,1265,3.0,1487953444
517,1270,5.0,1487956690
517,1380,1.0,1487958387
517,1580,3.0,1487957663
517,1682,1.5,1487953170
517,1721,3.5,1487953281
517,1954,0.5,1487953271
517,1961,3.5,1487953148
517,2028,3.0,1487953141
517,2115,3.0,1487957659
517,2355,0.5,1487957127
517,2571,2.5,1487962668
517,2858,1.0,1487953199
517,2953,5.0,1487954426
517,3147,4.0,1487952995
517,3578,1.0,1487953195
517,4022,4.0,1487953207
517,4306,4.0,1487954402
517,4308,1.0,1487953559
517,4886,2.0,1487957118
517,4896,4.0,1487956889
517,4963,0.5,1487958104
517,4973,3.0,1487957313
517,4995,3.5,1487953149
517,5218,2.5,1487956733
517,5418,3.0,1487953186
517,5464,3.0,1487958137
517,5816,4.0,1487954410
517,5872,0.5,1488398044
517,5989,2.0,1487953187
517,6373,1.5,1487957988
517,6377,4.0,1487954354
517,6539,2.5,1488397735
517,7153,3.0,1487957608
517,7361,1.5,1487953362
517,8368,4.5,1487956674
517,8529,3.5,1487953182
517,8665,2.5,1487953214
517,8874,1.0,1488397795
517,8972,1.0,1487957735
517,33615,2.0,1488398139
517,40339,0.5,1488398916
517,40815,3.0,1487957052
517,41566,5.0,1487955698
517,45720,0.5,1487953481
517,45722,3.5,1487957891
517,46530,2.5,1487957676
517,46972,2.5,1487956799
517,49272,1.5,1487957751
517,53125,2.5,1487957688
517,54001,3.0,1487956693
517,55820,1.0,1487953446
517,56174,3.0,1487953180
517,59501,4.0,1487957085
517,59784,0.5,1487956808
517,60069,2.5,1487957036
517,63082,4.0,1487953022
517,63113,0.5,1487958197
517,64957,3.5,1487953028
517,66097,1.0,1487955821
517,68157,0.5,1487958643
517,68793,3.0,1487957778
517,68954,5.0,1487956739
517,69844,3.0,1492338888
517,79091,2.0,1487954442
517,81845,3.5,1488397830
517,82169,4.5,1487956708
517,82459,1.0,1487953537
517,86880,3.5,1487957654
517,87222,1.0,1488398597
517,88744,0.5,1487953475
517,90746,2.5,1488398625
517,91535,2.0,1488398518
517,95167,2.5,1487954437
517,96079,1.0,1488397978
517,97938,1.0,1488398134
517,102407,3.0,1487953546
517,105504,3.0,1487953575
517,106696,1.0,1487955739
517,116797,4.0,1492338957
517,119155,3.0,1487956776
517,136020,1.0,1487958095
517,137857,5.0,1487953582
518,1380,2.0,1056907448
518,6365,4.0,1056907712
518,6377,5.0,1056907734
519,318,5.0,1518379626
519,356,5.0,1518380250
519,2329,5.0,1518379802
519,3717,3.5,1518478860
519,4963,4.0,1518478565
519,5989,4.0,1518379967
519,6378,4.0,1518478826
519,59369,5.0,1518478923
519,69122,5.0,1518478773
519,72998,4.0,1518478579
519,104211,5.0,1518479335
519,134393,4.0,1518380373
519,140110,4.0,1518479757
520,10,4.0,1326609139
520,253,4.0,1326609226
520,318,5.0,1326608588
520,356,3.5,1326608943
520,541,5.0,1326609221
520,589,4.5,1326608959
520,858,2.0,1326608568
520,924,3.0,1326608306
520,1136,5.0,1326609174
520,1198,5.0,1326609042
520,1200,5.0,1326609271
520,1214,5.0,1326609215
520,1240,4.0,1326609124
520,1265,5.0,1326608768
520,1270,5.0,1326608497
520,1291,4.0,1326609205
520,1527,3.5,1326608640
520,1580,5.0,1326609091
520,1584,3.5,1326609385
520,1625,4.0,1326609718
520,1682,4.5,1326609326
520,1732,3.5,1326609530
520,2115,3.0,1326609399
520,2161,4.5,1326610286
520,2571,5.0,1326608654
520,2628,1.5,1326609133
520,3000,4.0,1326611548
520,3147,4.0,1326609478
520,4011,4.5,1326609691
520,4022,3.5,1326609562
520,4306,4.0,1326609180
520,4886,4.0,1326609354
520,4973,5.0,1326609390
520,4993,4.0,1326609118
520,4995,4.0,1326609426
520,5349,4.0,1326609365
520,5445,3.5,1326610875
520,5459,4.0,1326610387
520,5618,4.0,1326611401
520,5952,3.5,1326609169
520,6365,3.5,1326609671
520,6754,3.5,1326611070
520,7153,4.0,1326609245
520,7458,2.0,1326687619
520,8644,4.0,1326687428
520,8961,4.0,1326609615
520,8972,4.0,1326611042
520,33004,4.0,1326687608
520,34048,5.0,1326682064
520,48780,3.5,1326610541
520,49272,3.0,1326610318
520,59315,5.0,1326610535
520,59784,4.0,1326611025
520,60069,4.5,1326610546
520,63113,2.5,1326611020
520,68157,4.5,1326611015
520,72998,4.5,1326682091
520,73017,5.0,1326687577
520,81845,5.0,1326687572
521,648,4.0,852713083
521,733,4.0,852713143
521,780,4.0,852713082
522,1,3.0,1253344674
522,10,4.5,1253344761
522,50,4.5,1253430096
522,110,4.0,1253344666
522,260,5.0,1253344662
522,296,5.0,1253343461
522,318,5.0,1253343685
522,356,3.5,1253344654
522,364,3.0,1253344740
522,367,4.0,1253344750
522,541,2.5,1253345721
522,588,4.0,1253344705
522,778,4.0,1254547123
522,780,3.5,1253344677
522,858,4.5,1253343508
522,1036,4.0,1301727749
522,1089,4.0,1254133640
522,1136,4.5,1253344802
522,1193,4.0,1253343369
522,1196,4.5,1253344712
522,1198,3.5,1254100839
522,1200,4.5,1449731613
522,1213,3.5,1253343431
522,1214,5.0,1449731619
522,1221,4.0,1253343510
522,1265,4.5,1253344794
522,1270,5.0,1253344729
522,1291,4.5,1253344805
522,1580,4.0,1253344758
522,1732,4.5,1282293812
522,2023,2.5,1253343514
522,2028,5.0,1253344741
522,2329,4.5,1253430147
522,2571,4.0,1253344718
522,2628,3.0,1253344785
522,2706,3.0,1253345781
522,2858,5.0,1253343711
522,2959,4.0,1253344769
522,3578,4.0,1301727801
522,4011,4.0,1253343477
522,4226,3.5,1253343700
522,4878,4.0,1325711241
522,4963,4.5,1254547310
522,4993,3.5,1301727582
522,5464,4.0,1399611342
522,5816,3.0,1388124669
522,5952,2.5,1253345717
522,6378,4.0,1371443484
522,6539,5.0,1254573690
522,7153,3.5,1255455532
522,7361,4.0,1253344097
522,8874,4.0,1254101264
522,33794,4.0,1253344153
522,44191,4.5,1325711221
522,47200,2.5,1253343400
522,48516,5.0,1253343683
522,49272,5.0,1259346280
522,51662,1.0,1388124796
522,55820,4.5,1449724924
522,58559,5.0,1253343490
522,59315,4.0,1255455578
522,60684,5.0,1325711230
522,63113,4.5,1259346299
522,68157,4.5,1253343807
522,68358,3.5,1399611180
522,69122,4.0,1254101170
522,70286,4.5,1253343721
522,71535,4.0,1258778547
522,72998,1.0,1388124675
522,76093,3.5,1301727656
522,77561,4.0,1399611275
522,79132,5.0,1297482545
522,80463,4.5,1301727597
522,81591,4.5,1301727592
522,81845,5.0,1297482663
522,82459,4.5,1399611165
522,82461,5.0,1297482357
522,85414,4.0,1314228652
522,89745,5.0,1388124779
522,91529,4.0,1388124665
522,96079,4.5,1371443534
522,97304,2.5,1449724955
522,99114,5.0,1388124637
522,102125,3.5,1399611279
522,102445,4.5,1399611171
522,106100,0.5,1449724936
522,110102,5.0,1399611273
522,112852,5.0,1449724951
523,318,5.0,1503126542
523,356,4.5,1503125976
523,364,5.0,1503126110
523,367,4.5,1503126186
523,527,4.5,1507987986
523,594,4.0,1503126413
523,1721,5.0,1503126287
523,2959,4.5,1503126556
523,3147,5.0,1503126548
523,3578,5.0,1503126560
523,4973,5.0,1503125880
523,4993,5.0,1503125899
523,4995,5.0,1507987981
523,5444,4.0,1503126399
523,5618,5.0,1503125806
523,5952,5.0,1503125927
523,5989,5.0,1503127464
523,6539,4.5,1507987910
523,7143,5.0,1503127492
523,7153,5.0,1503125897
523,7361,5.0,1503125938
523,31658,5.0,1503125963
523,33615,4.5,1503126283
523,45722,4.5,1507987900
523,52722,4.5,1503126280
523,56174,5.0,1503126121
523,58559,5.0,1507987988
523,74458,5.0,1507987973
523,76093,5.0,1503126092
523,81591,3.5,1503126132
523,82169,4.5,1503126392
523,91529,5.0,1507987950
523,95167,4.5,1503126296
523,102407,5.0,1503126386
523,103141,4.0,1503126418
523,106782,5.0,1503126153
523,116797,5.0,1503126021
523,122904,5.0,1503126157
523,134130,3.5,1503133609
524,1,4.0,851608466
524,10,4.0,851608818
524,47,5.0,851608960
524,50,2.0,851608781
524,110,3.0,851608745
524,150,5.0,851608745
524,153,3.0,851609297
524,165,3.0,851608818
524,253,3.0,851609837
524,260,5.0,851609016
524,318,1.0,851608745
524,367,5.0,851608818
524,377,5.0,851608745
524,457,5.0,851608781
524,541,5.0,851609310
524,588,4.0,851608745
524,589,5.0,851608875
524,648,3.0,851608466
524,733,4.0,852404489
524,780,3.0,851608466
524,924,4.0,851609506
524,1097,2.0,851609016
524,1101,3.0,851609016
524,1136,5.0,851609412
524,1193,1.0,851609665
524,1196,5.0,851609335
524,1198,5.0,851609256
524,1200,5.0,851609623
524,1201,4.0,851609665
524,1208,4.0,851609788
524,1214,3.0,851609753
524,1240,4.0,851609392
524,1246,3.0,851609506
524,1270,5.0,851609356
524,1291,5.0,851609392
524,1370,3.0,851609545
525,1,4.0,1476475973
525,47,3.5,1476476493
525,48,3.0,1476480566
525,50,4.5,1476476363
525,150,4.0,1476480166
525,260,4.0,1476475805
525,318,4.5,1476475797
525,356,4.0,1476475949
525,364,4.0,1476476559
525,367,3.5,1476477819
525,377,3.5,1476476736
525,457,3.5,1476481405
525,527,4.0,1476481327
525,588,3.5,1476476589
525,594,1.5,1476476724
525,733,4.0,1476482389
525,919,3.5,1476476746
525,920,3.5,1476480627
525,1028,4.5,1476478378
525,1036,4.5,1476475914
525,1101,3.5,1476477463
525,1136,4.5,1476476369
525,1196,4.5,1476475807
525,1198,4.0,1476481383
525,1246,4.5,1476476442
525,1259,4.0,1476481379
525,1265,4.0,1476480715
525,1270,4.0,1476481462
525,1380,4.5,1476478383
525,1527,4.5,1476475991
525,1682,4.5,1476477635
525,1907,3.5,1476480287
525,1923,3.0,1476476618
525,1954,3.5,1476482379
525,2161,3.5,1476480807
525,2174,3.5,1476477626
525,2571,4.0,1476475829
525,2572,4.0,1476477617
525,2628,3.0,1476476276
525,2858,4.0,1476476361
525,2947,4.0,1476482372
525,2959,3.5,1476476380
525,3000,4.0,1476478155
525,3114,4.0,1476478169
525,3578,3.5,1476476000
525,4016,4.0,1476478198
525,4022,3.5,1476479448
525,4226,4.0,1476476441
525,4306,3.5,1476476130
525,4308,4.0,1476478032
525,4366,2.5,1476479849
525,4878,4.0,1476476463
525,4886,3.5,1476478749
525,4896,3.0,1476476203
525,4963,4.5,1476479350
525,4973,4.5,1476476416
525,4995,3.5,1476476678
525,5218,3.0,1476479479
525,5266,3.5,1476480944
525,5444,3.5,1476476912
525,5618,4.5,1476478148
525,5816,3.5,1476479366
525,5989,3.5,1476476138
525,6365,2.5,1476476284
525,6377,4.5,1476479323
525,6378,4.0,1476477479
525,6539,4.5,1476479347
525,6564,2.0,1476479793
525,6874,4.5,1476476091
525,6934,2.5,1476476322
525,7361,3.5,1476477712
525,7438,4.0,1476476525
525,7458,3.5,1476476313
525,8368,4.5,1476479356
525,8533,3.5,1476476897
525,8874,4.5,1476475850
525,8961,3.5,1476476089
525,31658,4.0,1476476503
525,32587,3.5,1476476598
525,33004,4.0,1476476406
525,33615,3.0,1476478249
525,33794,3.0,1476475931
525,40815,3.0,1476476134
525,41566,3.5,1476479543
525,44191,3.5,1476476125
525,45517,3.0,1476479641
525,45720,4.0,1476476530
525,45722,2.0,1476479883
525,46972,3.5,1476480514
525,48394,4.0,1476476411
525,48780,4.0,1476476532
525,49272,3.5,1476476685
525,50872,3.5,1476478189
525,51662,3.5,1476476223
525,53972,3.0,1476481044
525,54001,4.0,1476479546
525,58559,4.0,1476475911
525,58998,4.0,1476477554
525,59315,3.0,1476475926
525,59784,3.0,1476479589
525,60069,3.5,1476476601
525,60072,3.0,1476476259
525,60684,3.5,1476476252
525,63113,3.0,1476476297
525,63992,1.5,1476479759
525,66097,3.5,1476476653
525,68358,3.0,1476475953
525,68954,3.5,1476476057
525,69122,3.0,1476479405
525,69844,4.0,1476479562
525,70286,4.0,1476476748
525,71535,3.5,1476477631
525,72998,3.0,1476476148
525,74530,2.5,1476480590
525,74789,2.5,1476479713
525,76093,4.0,1476476029
525,78499,3.5,1476476641
525,79091,3.0,1476477471
525,79132,4.0,1476475918
525,80463,4.0,1476478087
525,81564,3.5,1476478239
525,81591,4.0,1476476648
525,81845,4.0,1476476523
525,81847,3.5,1476476758
525,86332,3.0,1476476230
525,88140,3.5,1476476161
525,89745,4.5,1476476054
525,91500,3.5,1476476085
525,91529,3.5,1476476041
525,93510,4.0,1476476628
525,94777,3.5,1476476190
525,95167,4.0,1476478251
525,96079,4.0,1476476075
525,97225,3.5,1476480340
525,97304,4.0,1476476515
525,97921,4.0,1476477618
525,97938,3.5,1476476565
525,98243,3.0,1476478213
525,99149,4.0,1476478440
525,102407,3.5,1476476694
525,102445,2.5,1476481079
525,102903,4.0,1476476681
525,103228,4.0,1476475981
525,106487,3.5,1476476082
525,106696,3.5,1476476140
525,108932,3.5,1476476717
525,109374,4.0,1476480665
525,109487,4.0,1476479385
525,110102,4.0,1476476051
525,111362,3.5,1476476045
525,111659,2.5,1476477862
525,111759,4.5,1476475963
525,111921,3.0,1476477796
525,112183,3.0,1476481109
525,112552,3.0,1476476536
525,112556,3.5,1476476450
525,112852,4.5,1476475958
525,116797,4.0,1476476497
525,116823,3.0,1476479834
525,117529,3.5,1476476206
525,122882,4.5,1476475970
525,122892,2.0,1476476098
525,122900,3.5,1476476113
525,122904,3.5,1476475826
525,122920,3.5,1476476765
525,133419,2.5,1476478375
525,134130,4.0,1476476461
525,134853,4.0,1476475988
525,135536,3.0,1476479987
525,142997,3.5,1476478201
526,296,4.0,1502132896
526,318,4.0,1502131858
526,778,4.0,1502132900
526,1246,4.5,1502131983
526,1732,4.5,1502132102
526,1961,4.0,1502131992
526,2028,3.0,1502131903
526,2858,4.0,1502132977
526,2959,4.0,1502131918
526,4973,4.5,1502131985
526,8961,4.0,1502133128
526,30707,3.0,1502132058
526,60069,4.0,1502132012
526,64957,3.0,1502132986
526,68954,3.5,1502132026
526,81845,4.0,1502132055
526,96079,3.5,1502133036
526,106100,4.5,1502132907
526,106782,4.0,1502132937
526,106916,4.0,1502133081
526,106920,4.0,1502132005
526,109374,4.0,1502132908
526,134130,4.5,1502133565
527,48,3.0,1033173290
527,260,5.0,1033173453
527,364,4.0,1033174482
527,527,1.0,1033173319
527,588,5.0,1033175105
527,733,5.0,1033175310
527,780,4.0,1033175078
527,919,5.0,1033175704
527,920,3.0,1033173833
527,1028,3.0,1033173861
527,1097,5.0,1033173716
527,1196,5.0,1033173260
527,1198,5.0,1033175704
527,1214,5.0,1033176358
527,1246,4.0,1033174269
527,1258,5.0,1033176375
527,1259,4.0,1033173885
527,1270,4.0,1033173871
527,1291,4.0,1033175704
527,1387,5.0,1033176375
527,1961,5.0,1033173355
527,2115,5.0,1033175858
527,2161,5.0,1033175938
527,2288,5.0,1033175078
527,2355,5.0,1033174126
527,2947,4.0,1033174372
527,3114,4.0,1033173933
527,3147,5.0,1033174045
527,4016,5.0,1033175431
527,4896,5.0,1033174070
527,5218,4.0,1033174442
528,1,2.5,1391736605
528,110,5.0,1391736104
528,150,4.0,1391736830
528,296,4.0,1391735987
528,356,5.0,1391736163
528,457,4.0,1391736276
528,589,4.0,1391736600
528,778,4.0,1391736243
528,1036,5.0,1391736474
528,1213,4.0,1391735936
528,1240,4.0,1391736817
528,1291,3.5,1391736260
528,1961,3.5,1391736663
528,2329,4.5,1391735974
528,2571,5.0,1391735927
528,2858,1.0,1391735963
528,3147,3.5,1391736303
528,3578,5.0,1391736421
528,4011,5.0,1391736181
528,4886,3.5,1391736859
528,4995,4.5,1391736517
528,5254,4.0,1391734555
528,5418,5.0,1391736760
528,6377,2.0,1391736781
528,6874,3.5,1391736709
528,7438,3.5,1391736898
528,33794,4.5,1391736326
528,44191,3.5,1391736608
528,48516,4.5,1391736036
528,49530,2.5,1391736752
528,55820,1.0,1391736282
528,58559,5.0,1391735904
528,59315,3.0,1391736537
528,64614,3.5,1391736223
528,80463,3.5,1391736916
528,81591,1.5,1391736522
528,89745,3.5,1391736248
528,91529,4.5,1391736159
528,97921,3.5,1391736504
528,105504,4.5,1391736631
528,106782,4.0,1391736611
529,1,3.0,855583216
529,260,5.0,855583422
529,648,3.0,855583216
529,733,5.0,855583292
529,780,4.0,855583215
530,150,4.0,843226673
530,356,5.0,843226801
530,377,3.0,843226940
530,457,5.0,843226768
531,10,4.0,1032961647
531,260,5.0,1032961819
531,733,4.0,1032961914
531,919,3.0,1032961819
531,1198,5.0,1032961819
531,1259,5.0,1032961819
531,1291,5.0,1032961840
531,1961,5.0,1032961546
531,2640,3.0,1032961914
531,4993,5.0,1032961880
531,5349,5.0,1032961880
532,110,5.0,1025523258
532,111,4.0,1025523322
532,318,4.0,1025570372
532,457,5.0,1025523686
532,527,5.0,1025570372
532,589,4.0,1025523716
532,858,5.0,1025523642
532,1198,4.0,1025523148
532,1200,5.0,1025523686
532,1213,5.0,1025570428
532,1214,5.0,1025523686
532,1240,4.0,1025523716
532,1291,5.0,1025523779
532,1580,5.0,1025523815
532,1721,5.0,1025523226
532,1954,3.0,1025523798
532,2023,4.0,1025523392
532,2028,5.0,1025523643
532,2288,4.0,1025523852
532,2329,4.0,1025570451
532,2571,5.0,1025523745
532,2858,4.0,1025570401
532,2959,5.0,1025570428
532,3147,5.0,1025570575
532,4262,4.0,1025523292
533,1,5.0,1424753740
533,356,5.0,1424753674
533,1200,4.0,1424753991
533,1214,4.0,1424753977
533,1258,4.5,1424753985
533,1387,4.0,1424754001
533,2288,5.0,1424754014
533,2571,5.0,1424753506
533,2959,5.0,1424753523
533,4886,5.0,1424753723
533,4973,5.0,1424753646
533,8874,3.0,1424754031
533,68954,5.0,1424753652
533,79132,4.0,1424753514
533,93840,5.0,1424754071
533,103688,5.0,1424754155
533,125914,3.0,1424753585
534,1,4.0,1459787997
534,10,4.0,1459787996
534,47,4.0,1459787998
534,48,4.0,1459792580
534,153,3.5,1459787996
534,165,4.5,1459787998
534,253,4.0,1465036574
534,260,4.5,1459787998
534,356,4.5,1459787998
534,364,4.0,1459787997
534,367,4.0,1459787997
534,588,4.5,1459787997
534,780,4.5,1459787997
534,1036,4.5,1459787998
534,1097,4.0,1459787996
534,1196,4.5,1459787997
534,1198,4.0,1459787998
534,1270,5.0,1459787998
534,1291,4.5,1459787998
534,1370,4.0,1459787998
534,1377,3.5,1459787996
534,1387,4.5,1459787997
534,1527,4.5,1459787997
534,1562,3.0,1459788738
534,1580,4.0,1459787997
534,1676,4.0,1459787997
534,1682,5.0,1459787998
534,1721,4.5,1459787998
534,1907,4.0,1459787997
534,1917,4.5,1459787996
534,1923,4.5,1459787998
534,2028,4.5,1459787998
534,2115,4.0,1459787998
534,2161,4.0,1459793726
534,2174,4.5,1459787997
534,2329,4.0,1459787997
534,2355,3.5,1459787996
534,2571,4.0,1459787998
534,2628,3.5,1459787995
534,2640,4.0,1459787996
534,2706,4.5,1459787999
534,2762,4.0,1459787998
534,2858,3.5,1459787997
534,2947,4.0,1465036794
534,2949,4.0,1465036787
534,2953,3.5,1459787996
534,3114,4.5,1459787997
534,3578,4.5,1459787998
534,4011,4.0,1459787998
534,4306,4.5,1459787998
534,4366,4.5,1459787997
534,4886,4.0,1459787998
534,4896,4.0,1459787996
534,4963,4.0,1459787997
534,4993,4.0,1459787998
534,4995,4.0,1459787997
534,5218,2.5,1459792583
534,5349,3.5,1459787998
534,5418,4.5,1459787997
534,5444,4.0,1459787997
534,5445,4.5,1459787997
534,5459,3.5,1459787997
534,5816,4.0,1459787995
534,5952,4.0,1459787997
534,6373,3.5,1459787999
534,6377,4.0,1459787998
534,6539,4.5,1459787998
534,6754,4.0,1459787996
534,6874,4.5,1459787998
534,7143,4.5,1459787998
534,7153,4.5,1459787997
534,7254,4.5,1459787996
534,7293,4.0,1459787998
534,7438,4.5,1459787998
534,7458,3.5,1459788600
534,8368,3.5,1459787995
534,8644,3.5,1459787997
534,8874,4.5,1459787998
534,8961,4.0,1459787998
534,8972,3.5,1459787995
534,8984,2.0,1459787996
534,32587,4.5,1459787998
534,33004,4.5,1459794869
534,33615,3.5,1459787998
534,33794,3.0,1459787998
534,40815,4.0,1459787997
534,41569,4.0,1459787998
534,44191,4.0,1459787997
534,45186,4.0,1459787996
534,45722,4.0,1459787998
534,46530,2.5,1459795332
534,46972,4.0,1459787996
534,47200,5.0,1459788794
534,49272,4.0,1459787996
534,50872,4.0,1459787998
534,51662,4.0,1459787996
534,52722,3.5,1459787998
534,53125,3.5,1459787995
534,53972,3.5,1459787998
534,54259,4.5,1459787996
534,56174,3.5,1459787997
534,57640,4.0,1459787997
534,58559,2.0,1459787998
534,58998,4.0,1459787998
534,59315,4.0,1459787998
534,59615,3.5,1459787998
534,59784,4.0,1459787998
534,60040,3.5,1459787997
534,60069,2.5,1459788212
534,60072,3.5,1459788648
534,60074,3.0,1459787997
534,60684,2.0,1459787996
534,60937,3.5,1459787996
534,63082,4.0,1459787998
534,63113,3.5,1459787996
534,64957,4.5,1459787997
534,66097,4.5,1459787996
534,68157,4.0,1459787996
534,68358,4.5,1459787997
534,68954,3.0,1459787998
534,69122,4.0,1459787998
534,71535,4.0,1459787998
534,72998,3.0,1459787998
534,73017,4.5,1459787997
534,74530,2.5,1459787997
534,76093,3.5,1459787997
534,77561,3.5,1459787998
534,79091,4.5,1459787998
534,79132,4.5,1459787998
534,79695,4.0,1459787995
534,81564,4.0,1459787997
534,81847,4.5,1459787998
534,82461,3.5,1459787997
534,85414,4.5,1459787998
534,86332,3.5,1459787998
534,86911,4.0,1459787998
534,87222,4.0,1459787995
534,87869,3.0,1459787997
534,88140,3.5,1459787998
534,88744,4.0,1459787997
534,89745,4.0,1459787998
534,90746,3.5,1459795411
534,91485,4.0,1459787995
534,91500,2.5,1459787998
534,91542,4.0,1459793695
534,91630,4.5,1459787997
534,93510,4.0,1459787998
534,94015,4.0,1459789137
534,94018,2.0,1459787997
534,94777,3.5,1459787997
534,94780,3.0,1459787998
534,94864,3.0,1459787995
534,95167,3.0,1459787998
534,95441,1.5,1459787996
534,95510,3.5,1459787997
534,96079,3.5,1459787997
534,96737,4.5,1459787997
534,97225,4.5,1459787997
534,97752,4.5,1459787995
534,97913,4.5,1459787999
534,98243,3.5,1459787998
534,98809,3.0,1459787998
534,99112,4.0,1459787996
534,99114,2.0,1459787998
534,100163,4.5,1459787997
534,100498,2.5,1459787997
534,101076,3.5,1459788980
534,101142,4.0,1459787998
534,101864,4.0,1459787997
534,102125,3.0,1459787998
534,102445,3.5,1459787997
534,102903,2.0,1459787996
534,103042,3.0,1459788590
534,103249,4.0,1459787997
534,103253,1.5,1459787997
534,103335,4.0,1459787998
534,103341,3.5,1459787998
534,103384,3.5,1459788865
534,106072,4.0,1459787998
534,106489,3.0,1459787995
534,106696,3.0,1459787998
534,107406,3.5,1459788762
534,108190,2.0,1459787997
534,108932,4.0,1459787997
534,108945,1.5,1459787997
534,109487,3.5,1459787997
534,109850,4.0,1459789126
534,110102,4.0,1459787998
534,110553,3.0,1459787996
534,111362,3.5,1459787995
534,111759,4.5,1459787997
534,111781,4.0,1459787996
534,112138,3.5,1459787998
534,112175,3.0,1459787995
534,112370,2.0,1459787997
534,112623,1.5,1459787998
534,112818,3.5,1459789115
534,112852,4.5,1459787997
534,112897,4.0,1459787995
534,112911,4.0,1459789008
534,114180,2.5,1459788522
534,115617,2.5,1459788210
534,117529,3.5,1459787998
534,118696,3.0,1459787995
534,119655,3.5,1459793444
534,122882,3.0,1459787998
534,122892,3.5,1459787998
534,122900,3.0,1459787996
534,122904,5.0,1459787995
534,130450,3.0,1459787996
534,130520,4.0,1459787998
534,130634,4.0,1459787996
534,132046,4.5,1459787996
534,132796,2.5,1459788826
534,133419,2.5,1459787996
534,134130,3.0,1459787995
534,134853,3.5,1459787996
534,135532,2.0,1459787995
534,136864,1.5,1459787995
534,138036,3.5,1459787996
535,2571,4.0,939028910
535,2706,4.0,939028383
535,2762,5.0,939028383
535,2858,5.0,939028383
536,110,5.0,832839862
536,150,5.0,832839783
536,165,2.0,832839804
536,253,1.0,832839848
536,356,5.0,832840319
536,457,3.0,832839906
536,527,5.0,832840391
536,589,3.0,832840384
537,318,4.0,1424137997
537,367,4.0,1424317260
537,527,1.0,1424142111
537,1721,3.0,1424141915
537,2329,4.5,1424141439
537,2571,4.0,1424141086
537,3147,4.0,1424142003
537,4963,5.0,1424138250
537,4993,4.5,1424138037
537,5952,4.5,1424138068
537,5989,5.0,1424139594
537,6539,5.0,1424317101
537,7153,4.5,1424138056
537,8533,1.5,1424141947
537,8984,5.0,1424138279
537,45722,5.0,1424317130
537,48516,4.5,1424142662
537,53125,5.0,1424317121
537,58559,3.5,1424138333
537,69122,4.0,1424140089
537,69844,4.0,1424140099
537,72998,5.0,1424140083
537,79132,5.0,1424140067
537,80463,4.0,1424138686
537,86911,3.5,1447538249
537,89745,1.5,1424140553
537,97304,4.5,1424138371
537,99114,4.5,1424140403
537,103341,0.5,1424317219
537,104841,3.0,1424140760
537,105504,5.0,1424141141
537,106782,5.0,1424142673
538,364,4.5,1307846862
538,588,5.0,1307846744
538,1907,4.0,1307846810
538,2572,3.5,1307846099
538,5618,5.0,1307846388
538,8368,4.5,1307847401
538,58559,4.5,1307846156
538,68954,5.0,1307846882
538,69844,4.0,1307847399
538,81845,5.0,1307846161
539,318,4.0,1332474771
539,527,3.5,1332474781
539,1265,3.5,1332474913
539,2329,3.5,1332474869
539,4306,5.0,1332475033
539,4886,4.5,1332475103
539,5218,4.5,1332475093
539,6377,5.0,1332475028
539,6539,4.5,1332475016
539,8961,4.5,1332475106
539,50872,5.0,1332475090
539,54259,5.0,1332475163
539,59784,4.5,1332475301
539,68954,5.0,1332475022
539,69122,5.0,1332475184
539,71535,5.0,1332475166
540,47,4.5,1179109020
540,260,5.0,1179108620
540,296,5.0,1179108599
540,589,4.5,1179108594
540,648,3.5,1179109047
540,1196,5.0,1179108924
540,2028,5.0,1179108788
540,2329,5.0,1180330433
540,2571,4.0,1179108880
540,2628,4.5,1179108685
540,2959,4.5,1179108929
540,4886,3.5,1179108601
540,4993,4.0,1179108930
540,5349,4.0,1179108600
540,5445,4.0,1179108791
540,6365,3.5,1179108682
540,6539,4.5,1179108884
540,8874,4.5,1179107961
540,32587,5.0,1179108848
540,44191,5.0,1179108778
540,45722,4.0,1179108892
540,48516,5.0,1180330457
541,1,3.0,835643027
541,10,4.0,835642985
541,47,1.0,835643038
541,50,5.0,835643052
541,110,5.0,835643027
541,153,3.0,835642942
541,165,3.0,835642942
541,253,4.0,835643013
541,318,4.0,835642969
541,356,5.0,835643134
541,364,3.0,835643080
541,367,2.0,835643118
541,377,3.0,835643239
541,457,5.0,835643013
541,588,3.0,835642942
541,589,3.0,835643205
541,594,5.0,835643759
541,648,5.0,835643598
542,47,5.0,1163386913
542,296,3.5,1163386827
542,318,5.0,1163387043
542,356,5.0,1163386930
542,364,5.0,1163387333
542,594,4.0,1163386465
542,924,4.0,1163387449
542,1097,4.0,1163387020
542,1200,4.0,1163387217
542,1246,5.0,1163387642
542,1377,4.0,1163386627
542,1380,4.5,1163386527
542,1527,5.0,1163387028
542,1580,3.5,1163386854
542,1653,4.5,1163386512
542,1721,3.0,1163387005
542,1732,0.5,1163387651
542,2329,4.0,1163387657
542,2571,5.0,1163386800
542,2572,3.5,1163388443
542,2858,4.5,1163386875
542,2959,5.0,1163387003
542,3623,2.5,1163386532
542,3717,2.5,1163388483
542,4226,5.0,1163386911
542,4306,5.0,1163387194
542,4886,3.5,1163386824
542,4963,5.0,1163386785
542,4973,3.5,1163386898
542,4995,4.5,1163386831
542,5218,4.0,1163387488
542,5266,3.0,1163387955
542,5418,4.0,1163387392
542,5445,3.5,1163386937
542,5989,4.5,1163386996
542,6365,1.0,1163386954
542,6377,4.5,1163386616
542,6378,3.5,1163387349
542,6539,4.0,1163386585
542,6874,2.5,1163386977
542,7254,5.0,1163387790
542,7361,4.0,1163386883
542,7438,1.5,1163386949
542,8529,4.0,1163388074
542,8644,4.0,1163387538
542,8665,2.0,1163387691
542,8874,5.0,1163387369
542,8961,3.0,1163386738
542,8984,3.0,1163388833
542,30707,0.5,1163387358
542,30793,1.0,1163387202
542,33004,4.0,1163387850
542,41566,4.0,1163387528
542,44191,4.0,1163386807
542,45517,4.5,1163388655
542,46530,3.0,1163387465
542,48516,3.5,1163387608
542,48780,4.5,1163388802
543,165,5.0,1377022834
543,356,3.0,1377069244
543,364,5.0,1377069286
543,377,5.0,1377022817
543,588,5.0,1377069262
543,1036,5.0,1377068729
543,1265,5.0,1377022491
543,1270,5.0,1377022503
543,1387,5.0,1377068903
543,1580,5.0,1377022838
543,1917,5.0,1377068493
543,2571,5.0,1377069266
543,2762,5.0,1377069290
543,2858,5.0,1377069270
543,2959,5.0,1377068749
543,4226,5.0,1377023031
543,4886,5.0,1377069078
543,5989,5.0,1377068549
543,6373,5.0,1377022448
543,6377,5.0,1377068751
543,7361,5.0,1377022494
543,33794,5.0,1377068509
543,50872,5.0,1377023099
543,60069,5.0,1230602262
543,63082,5.0,1377068843
543,68157,4.0,1377068823
543,70286,5.0,1377068732
543,72998,5.0,1408809384
543,99114,4.0,1377068620
544,1,3.0,850688537
544,648,4.0,850688537
544,780,5.0,850688537
545,33794,3.5,1240358363
546,70,5.0,973588518
546,589,5.0,973588403
546,1090,1.0,973588384
546,1270,3.0,973588258
546,2858,5.0,973588321
547,541,5.0,942723549
547,2858,5.0,942722850
548,260,3.5,1488825015
548,356,5.0,1488825071
548,733,5.0,1488825455
548,1196,3.5,1488825011
548,2571,5.0,1488243190
548,3578,4.0,1488243584
548,4776,5.0,1488825221
548,6874,4.5,1488825762
548,7458,4.5,1494879815
548,58559,5.0,1488250273
548,122904,3.0,1494879789
548,125916,2.0,1488243259
549,110,3.0,1464282652
549,260,2.0,1464282588
549,318,4.0,1464282580
549,527,1.0,1464282598
549,589,3.0,1464282651
549,1036,4.0,1464282638
549,1196,2.0,1464282591
549,1198,4.5,1464282584
549,1291,3.0,1464282603
549,2028,5.0,1464282657
549,2571,5.0,1464282594
549,2959,5.0,1464282740
549,4226,5.0,1464282746
549,5952,3.5,1464282659
549,48516,5.0,1464282742
549,58559,4.0,1464282654
549,79132,5.0,1464282745
549,122924,5.0,1464282681
549,158813,1.0,1464282672
550,1,4.0,1488728441
550,318,4.5,1488629928
550,356,4.0,1488629938
550,2571,4.5,1488629924
550,5989,4.0,1488728316
550,58559,4.0,1488629936
550,59315,5.0,1488728335
550,60069,4.0,1488728600
550,68954,4.5,1488728559
550,77561,4.0,1488728341
550,79132,5.0,1488629921
550,86332,4.0,1488728409
550,88140,3.5,1488728384
550,89745,5.0,1488728360
550,93510,4.0,1488728507
550,102125,4.0,1488728339
550,106782,4.0,1488629931
550,109487,5.0,1488629933
550,112852,4.5,1488728437
550,115713,4.5,1488728279
550,116797,4.5,1488728286
550,122882,4.0,1488728591
550,122892,4.0,1488728390
550,122904,5.0,1488728439
550,134130,4.0,1488728584
551,47,4.5,1505548073
551,110,3.5,1504317349
551,260,3.5,1505548034
551,296,3.5,1504925815
551,318,4.0,1504316369
551,356,4.5,1504317304
551,377,4.0,1504926029
551,589,4.0,1504925901
551,648,4.0,1504926001
551,1036,4.5,1504925945
551,1270,4.0,1505548027
551,1291,3.0,1506128919
551,1370,4.0,1504926035
551,1527,2.5,1504925905
551,1721,3.5,1505548049
551,1917,4.0,1504926081
551,2028,4.5,1504317297
551,2571,4.0,1504316393
551,2762,4.0,1504320898
551,2959,4.5,1504320876
551,3147,4.0,1504317309
551,3623,4.0,1504925725
551,4226,3.0,1504320903
551,4262,3.5,1504925964
551,4306,4.0,1504320907
551,4993,2.0,1504320880
551,5349,2.0,1506129024
551,5418,4.5,1504925899
551,5445,4.0,1506129018
551,5618,3.0,1504925729
551,5816,4.0,1504925719
551,5952,2.0,1504320891
551,5989,4.0,1504925807
551,6365,4.0,1504925932
551,6377,4.0,1504321031
551,6378,4.0,1504926013
551,6874,0.5,1506129007
551,6934,4.0,1504925976
551,7153,2.0,1504321025
551,7293,3.5,1504925836
551,7438,1.0,1505548110
551,8368,4.0,1505548127
551,45186,4.0,1504926175
551,47099,4.0,1504925164
551,49272,4.5,1504925922
551,49530,4.0,1504925987
551,56174,4.0,1504925916
551,59315,4.0,1504925585
551,59369,4.5,1504925169
551,60069,4.5,1504925592
551,63113,4.0,1504926105
551,64614,3.0,1504925459
551,68954,4.0,1504925811
551,72998,3.5,1504925890
551,73017,4.0,1504925909
551,77561,4.0,1504925940
551,79132,4.0,1504316388
551,88129,4.0,1504926137
551,88140,4.0,1504925970
551,89745,4.0,1504925210
551,91500,3.5,1504925205
551,91535,3.5,1504926078
551,91542,4.0,1504925937
551,96079,4.5,1504321132
551,97938,4.0,1504925154
551,98809,1.0,1504925995
551,103042,4.0,1504926167
551,106487,4.0,1504925948
551,106782,4.0,1504925198
551,111362,3.5,1504925983
551,111659,5.0,1504926183
551,112171,4.5,1504926187
551,112175,3.5,1504926160
551,112183,0.5,1506128951
551,112852,3.0,1504320843
551,114662,4.0,1504926021
551,115210,4.0,1504926084
551,116797,4.0,1504320857
551,117529,1.0,1504925998
551,118696,1.0,1504926003
551,134130,4.5,1504925803
551,135569,4.5,1504926108
551,136020,4.5,1504926009
551,159093,4.0,1504926025
552,296,4.0,1111473067
552,356,4.0,1111473075
552,527,4.0,1112151215
552,541,5.0,1111473071
552,594,4.0,1111472928
552,780,3.0,1111473067
552,1028,3.5,1111473312
552,1136,5.0,1112151123
552,1193,4.0,1111473066
552,1196,5.0,1111473084
552,1201,4.0,1111473316
552,1203,3.5,1111473301
552,1208,4.0,1111472941
552,1259,3.5,1112151210
552,1584,3.5,1111472915
552,1923,4.0,1111472930
552,2115,3.5,1112151110
552,2161,1.5,1111473200
552,2571,4.5,1112151193
552,2628,3.5,1111473043
552,2706,3.5,1111473029
552,2762,4.0,1112151188
552,2953,0.5,1111473169
552,2959,4.5,1111472921
552,3114,4.5,1111472965
552,4308,4.0,1111473107
552,4776,3.0,1111473115
552,4878,5.0,1111473116
552,4896,3.5,1112151308
552,4995,4.0,1112151300
552,5349,4.0,1112151281
552,5464,3.0,1112151276
552,5816,3.5,1112151269
552,6377,4.5,1111473105
552,6378,3.5,1112151271
552,7143,3.5,1112151253
552,7153,5.0,1111473095
552,7361,4.0,1112151247
553,50,4.0,1219557525
553,165,4.5,1230773383
553,296,5.0,1219557512
553,377,3.5,1230773360
553,733,3.0,1230773405
553,778,5.0,1230773527
553,858,5.0,1219557534
553,1089,4.5,1230773491
553,1213,5.0,1219558003
553,1221,5.0,1219559706
553,1653,4.0,1230773599
553,1732,3.5,1219557999
553,1923,3.5,1230773469
553,2571,3.5,1230773369
553,2858,5.0,1219559772
553,2959,5.0,1219557498
553,4011,5.0,1219559269
553,4963,4.5,1230773568
553,5418,4.0,1219565089
553,5989,5.0,1230773849
553,6378,4.5,1219564119
553,7361,5.0,1219557899
553,8665,4.5,1219560511
553,48516,5.0,1219557518
553,49530,4.0,1219560256
553,55820,4.0,1219559145
554,364,4.0,944900147
554,527,5.0,944901744
554,588,5.0,944900147
554,594,3.0,944900237
554,858,5.0,944901513
554,919,5.0,944901822
554,1028,5.0,944900488
554,1097,5.0,944902624
554,1196,5.0,944902514
554,1208,3.0,944902697
554,1213,5.0,944902081
554,1380,5.0,944900580
554,2028,5.0,944902327
554,2571,5.0,944899185
554,2858,5.0,944902514
555,1,4.0,978746159
555,50,5.0,978819462
555,110,5.0,978840250
555,150,4.0,978748797
555,153,3.0,978749155
555,260,5.0,978841221
555,296,4.0,978840045
555,318,5.0,978840009
555,356,5.0,978746471
555,367,3.0,978746552
555,457,4.0,978840147
555,541,4.0,978819723
555,589,5.0,978841345
555,778,5.0,978747779
555,780,4.0,978841695
555,1036,4.0,978820321
555,1089,5.0,978840250
555,1090,5.0,978820179
555,1097,5.0,978821009
555,1196,5.0,978744095
555,1198,4.0,978819723
555,1200,5.0,978748483
555,1208,5.0,978748797
555,1213,5.0,978840077
555,1214,5.0,978748483
555,1240,5.0,978820321
555,1258,5.0,978820321
555,1259,5.0,978820487
555,1265,4.0,978746275
555,1270,3.0,978748996
555,1377,3.0,978749155
555,1527,3.0,978841598
555,1562,3.0,978749155
555,1580,2.0,978746874
555,1584,5.0,978841345
555,1676,1.0,978841648
555,1732,4.0,978749426
555,1917,3.0,978748827
555,2028,5.0,978840102
555,2115,4.0,978822017
555,2161,4.0,978821985
555,2174,4.0,978749241
555,2288,4.0,978841381
555,2329,5.0,978748587
555,2403,3.0,978822865
555,2571,5.0,978840128
555,2572,3.0,978746874
555,2628,5.0,978841879
555,2640,3.0,978841598
555,2706,5.0,978746552
555,2762,4.0,978840128
555,2858,5.0,978744284
555,2959,4.0,978840446
555,3147,5.0,978840381
555,3527,5.0,978821380
556,588,5.0,1534321062
556,4896,5.0,1534320962
556,4993,4.5,1534320935
556,5816,4.5,1534320982
556,5952,4.0,1534320953
556,6539,4.0,1534321011
556,6754,4.0,1534321199
556,7153,4.0,1534320952
556,8368,4.0,1534321009
556,40815,4.0,1534321013
556,41566,3.5,1534320971
556,48394,4.0,1534320956
556,54001,4.0,1534321024
556,63992,2.5,1534321030
556,69844,3.5,1534320977
556,72998,4.0,1534321171
556,74530,3.5,1534321044
556,74789,4.0,1534321017
556,76093,5.0,1534320965
556,78105,4.0,1534321036
556,94780,3.5,1534321052
556,98809,4.0,1534320967
556,112852,5.0,1534321287
556,118997,4.0,1534321209
556,122890,4.0,1534321026
557,10,4.5,1452797765
557,150,4.5,1452874576
557,165,5.0,1452797740
557,260,3.0,1452797284
557,318,4.5,1452797268
557,527,4.0,1452797283
557,648,5.0,1452797714
557,1036,5.0,1452797306
557,1196,3.0,1452797288
557,1198,3.5,1452797292
557,1291,4.0,1453467758
557,1580,3.0,1452874619
557,1721,3.5,1452797735
557,2028,3.5,1452874629
557,2571,4.5,1452797277
557,2628,2.0,1452874621
557,4306,4.5,1452797727
557,4896,4.5,1452875027
557,5618,5.0,1453467894
557,60069,4.0,1453467942
557,134130,3.5,1452934442
558,296,3.0,1035415412
558,367,3.0,1035415962
558,1097,4.0,1035415412
558,1259,4.0,1035416009
558,1721,4.0,1035415303
558,1923,4.0,1035416409
558,2028,4.0,1035415373
558,4306,5.0,1035416189
558,4308,5.0,1035416273
558,4886,4.0,1035415615
558,4993,5.0,1035415811
558,5266,4.0,1035415615
559,1,5.0,865095758
559,10,3.0,845475880
559,48,3.0,845476159
559,110,4.0,845475880
559,150,3.0,845475789
559,153,3.0,845475828
559,165,3.0,845475827
559,253,3.0,845475896
559,260,5.0,865095758
559,296,3.0,845475789
559,318,5.0,845475863
559,356,4.0,845475863
559,364,4.0,845475917
559,367,3.0,845475935
559,377,4.0,845475917
559,457,3.0,845475849
559,588,4.0,845475828
559,589,4.0,845475917
559,594,3.0,845476142
559,648,3.0,865095840
559,733,4.0,865095801
559,780,5.0,865095875
559,1527,5.0,865096128
559,1580,5.0,868277238
560,1,3.0,1469653413
560,47,4.0,1469648029
560,48,2.5,1469654312
560,50,4.0,1469647239
560,70,4.0,1469653546
560,110,4.0,1469652439
560,150,4.0,1469648079
560,260,4.0,1469647797
560,296,4.0,1469647859
560,356,3.5,1469647891
560,367,4.0,1469648910
560,377,4.0,1469653411
560,589,3.0,1469652670
560,778,4.5,1469648003
560,780,3.5,1469648499
560,1089,4.0,1469647269
560,1136,4.0,1469652410
560,1193,3.5,1469652451
560,1196,4.0,1469647857
560,1198,4.0,1469652436
560,1201,4.0,1469652475
560,1208,4.0,1469647925
560,1214,3.5,1470702523
560,1246,3.5,1469648143
560,1291,4.0,1469647842
560,1527,4.5,1469647802
560,1580,4.0,1469648432
560,1653,4.0,1469647907
560,1676,4.5,1469652921
560,1682,4.0,1469648140
560,1721,3.5,1469648742
560,1732,4.5,1469652441
560,1907,3.5,1469654145
560,1917,3.0,1469654083
560,1923,4.0,1469648712
560,1961,3.5,1469648111
560,2028,3.5,1469652483
560,2115,4.0,1469657601
560,2174,4.5,1469648686
560,2329,4.0,1469647863
560,2355,3.0,1469654116
560,2571,4.5,1469647800
560,2628,4.0,1469649995
560,2706,2.5,1469648758
560,2761,3.5,1469654149
560,2762,4.0,1469648014
560,2858,4.0,1469647930
560,2959,4.5,1469647249
560,3000,4.0,1469747560
560,3147,4.0,1469650037
560,3471,3.5,1469652901
560,3578,4.0,1469647827
560,4011,4.0,1469647845
560,4022,3.0,1469650014
560,4226,3.5,1469647836
560,4306,3.5,1469649993
560,4308,4.0,1469649871
560,4878,3.5,1478019769
560,4896,3.0,1469654114
560,4963,4.0,1469650011
560,4973,4.0,1469649999
560,4993,4.0,1469647838
560,4995,3.5,1469648054
560,5349,3.5,1469648598
560,5418,4.0,1469647989
560,5445,3.5,1469647851
560,5618,4.0,1469649842
560,5816,3.0,1469649857
560,5952,4.0,1469647848
560,5989,4.0,1469650019
560,6365,3.5,1469650024
560,6378,3.0,1469648594
560,6537,3.0,1469650150
560,6539,3.5,1469647825
560,6754,3.5,1469648898
560,6874,4.0,1469648076
560,6934,3.5,1469648941
560,7153,4.0,1469647831
560,7361,4.0,1469649373
560,7438,4.0,1469650030
560,8368,3.0,1469648379
560,8529,3.5,1469650323
560,8533,2.5,1469650472
560,8644,3.5,1469648725
560,8665,4.0,1469650045
560,8874,4.5,1469648048
560,8984,4.0,1469649011
560,30707,3.0,1469648588
560,32587,4.5,1469648087
560,33794,3.5,1469647993
560,34048,4.0,1469650260
560,41569,3.0,1469650327
560,42738,3.0,1469648868
560,44191,4.5,1469647828
560,45720,3.0,1469650514
560,45722,3.5,1469650083
560,46972,3.0,1469650784
560,47099,3.0,1469747496
560,48394,4.0,1469649645
560,48516,4.0,1469650026
560,49272,4.0,1469648096
560,49530,3.5,1469653959
560,51662,3.5,1469648133
560,52328,3.5,1469654779
560,54997,3.5,1469650436
560,58559,4.5,1469647816
560,59369,4.0,1469647975
560,60069,4.0,1469648050
560,60072,2.5,1469649136
560,60684,4.5,1469648082
560,63082,3.5,1469648399
560,64614,3.5,1469648372
560,66097,3.5,1469654746
560,68157,4.0,1469652473
560,68954,3.5,1469647904
560,70286,4.0,1469648001
560,71057,2.5,1469654817
560,73017,3.5,1469654714
560,74458,3.5,1469648061
560,78772,0.5,1469655031
560,79132,4.0,1469647819
560,80463,4.0,1469652928
560,81591,4.0,1469657590
560,82459,4.0,1469654732
560,85414,3.5,1469747238
560,87869,3.5,1478040747
560,88129,4.5,1469648568
560,88744,3.5,1469649100
560,91500,3.0,1469649014
560,91529,3.5,1469647985
560,91535,3.5,1478040820
560,93510,3.0,1469649145
560,97752,2.5,1478040713
560,97913,3.5,1469648870
560,99114,3.5,1469648007
560,100383,3.5,1469657722
560,102407,3.0,1469649006
560,102903,1.5,1469649211
560,106100,4.0,1469648578
560,106782,4.0,1469648763
560,107406,2.0,1478040775
560,108932,4.0,1469648960
560,109374,4.0,1469652903
560,109487,3.0,1469652912
560,111759,3.0,1469648012
560,112552,3.5,1469657571
560,112556,4.0,1469648505
560,115569,4.0,1469652434
560,116797,3.0,1469648537
560,122882,4.0,1469648716
560,122890,3.5,1469677869
560,122904,3.0,1469647296
560,128360,3.5,1469647417
560,134130,4.0,1469647282
560,134853,3.5,1469647901
560,136020,2.5,1469647583
560,139385,2.5,1469647349
560,139644,4.0,1469647338
560,148626,4.5,1469647293
560,152077,4.0,1469647368
561,1,4.0,1491094681
561,47,4.5,1491091954
561,50,4.5,1491090860
561,110,5.0,1491090875
561,253,3.0,1491092013
561,260,4.5,1491090699
561,296,4.5,1491092060
561,318,5.0,1491090705
561,356,4.0,1491094623
561,364,4.0,1491091015
561,367,2.0,1491095574
561,377,3.5,1491091127
561,457,4.0,1491092027
561,527,4.0,1491094602
561,589,4.0,1491090844
561,648,3.0,1491091275
561,733,3.0,1491091091
561,780,4.0,1491091239
561,919,3.5,1491094612
561,924,4.0,1491094624
561,1036,4.5,1491090835
561,1089,3.5,1491092055
561,1097,4.5,1491090977
561,1196,5.0,1491090693
561,1198,5.0,1491090690
561,1200,4.5,1491090838
561,1213,4.0,1491091964
561,1214,4.5,1491091923
561,1240,4.0,1491090845
561,1246,4.0,1491090986
561,1258,4.5,1491091945
561,1259,4.0,1491091939
561,1265,4.5,1491091969
561,1270,4.5,1491090819
561,1291,4.5,1491090713
561,1370,3.0,1491095352
561,1380,2.0,1491095292
561,1387,5.0,1491090966
561,1580,3.0,1491091035
561,1682,3.5,1491092233
561,1721,3.0,1491091198
561,1732,5.0,1491091144
561,1954,4.5,1491094627
561,2028,4.5,1491091932
561,2115,4.5,1491092110
561,2161,3.0,1491095000
561,2174,4.0,1491092111
561,2288,4.5,1491091941
561,2329,3.5,1491091952
561,2355,3.0,1491095398
561,2403,4.5,1491092025
561,2571,4.0,1491090825
561,2628,2.0,1491091395
561,2640,4.0,1491094722
561,2762,4.0,1491091986
561,2858,3.5,1491092031
561,2959,4.0,1491092018
561,3114,3.0,1491090961
561,3471,4.0,1491091958
561,3527,5.0,1491090995
561,3578,5.0,1491091995
561,3623,2.5,1491091665
561,4011,4.5,1491092061
561,4262,4.0,1491094974
561,4776,4.0,1491095289
561,4878,5.0,1491092421
561,4886,4.0,1491090971
561,4963,3.5,1491095181
561,4993,5.0,1491090821
561,5266,1.5,1491091858
561,5349,3.5,1491091129
561,5418,4.5,1491090933
561,5445,3.0,1491091089
561,5464,3.0,1491094510
561,5952,5.0,1491090823
561,5989,3.0,1491092299
561,6365,2.5,1491091242
561,6377,3.5,1491092137
561,6378,2.0,1491091296
561,6537,3.0,1491091655
561,6539,4.5,1491095038
561,6754,2.5,1491091289
561,6874,4.5,1491092193
561,6934,1.5,1491091549
561,7143,4.0,1491091119
561,7153,5.0,1491090706
561,7361,3.0,1491092287
561,7438,4.0,1491090900
561,7458,4.0,1491091452
561,8529,2.0,1491094535
561,8644,2.5,1491091285
561,8665,4.0,1491092427
561,8874,4.0,1491092279
561,8961,3.0,1491091031
561,8972,3.0,1491091316
561,30793,2.5,1491094518
561,32587,3.0,1491091214
561,33004,3.0,1491091402
561,33794,4.0,1491090888
561,34048,2.5,1491091574
561,41566,3.0,1491091230
561,41569,3.0,1491094476
561,44191,3.0,1491090915
561,45186,3.5,1491091484
561,48394,1.5,1491091028
561,48516,4.5,1491091045
561,48780,3.5,1491095101
561,49272,3.0,1491090965
561,49530,3.0,1491091051
561,50872,3.0,1491092372
561,51540,3.5,1491095285
561,51662,3.5,1491095443
561,52722,2.0,1491091648
561,54997,2.0,1491092982
561,56174,2.5,1491094550
561,58559,5.0,1491090831
561,59315,3.5,1491090880
561,59369,2.5,1491091077
561,59615,2.5,1491091710
561,59784,3.5,1491091151
561,60040,3.0,1491091458
561,60069,5.0,1491090872
561,63082,4.0,1491090979
561,64614,3.0,1491092326
561,68157,3.5,1491090904
561,68358,4.0,1491090882
561,68791,2.0,1491091613
561,68954,4.5,1491090847
561,70286,3.5,1491091203
561,71535,4.5,1491091174
561,72998,3.0,1491095290
561,73017,4.5,1491095357
561,74458,3.0,1491094828
561,77561,3.0,1491095562
561,78105,3.0,1491091716
561,78499,4.5,1491091085
561,79132,3.5,1491091990
561,79695,2.5,1491091659
561,80463,4.0,1491092356
561,81564,2.0,1491091206
561,82461,3.0,1491091474
561,86332,4.0,1491095546
561,88129,4.5,1491091291
561,88140,3.5,1491091312
561,88744,4.0,1491091377
561,89745,4.5,1491091070
561,90746,3.0,1491091189
561,91485,2.5,1491091694
561,91500,3.0,1491094834
561,91529,4.0,1491091008
561,91535,2.5,1491091339
561,91542,4.5,1491095388
561,93840,3.0,1491090750
561,94864,2.0,1491091469
561,95167,2.5,1491091216
561,95510,3.0,1491094439
561,96079,3.0,1491091196
561,96737,4.0,1491095350
561,97913,4.0,1491090740
561,97938,3.0,1491095239
561,99114,3.0,1491091040
561,101362,2.0,1491091791
561,101864,2.0,1491091428
561,102125,2.5,1491091325
561,102407,2.5,1491094361
561,102445,3.5,1491091225
561,103042,3.0,1491091500
561,103228,3.5,1491094355
561,104879,3.0,1491092388
561,105504,3.5,1491095489
561,106489,3.5,1491091100
561,107406,4.0,1491095149
561,108190,1.0,1491091543
561,108932,3.5,1491090744
561,109374,3.5,1491092270
561,109487,3.0,1491091013
561,110553,2.0,1491091565
561,111759,1.5,1491091102
561,111781,3.0,1491091303
561,112171,3.0,1491091622
561,112623,3.5,1491091357
561,112852,4.0,1491090848
561,115210,3.0,1491091534
561,115617,3.0,1491090869
561,116823,2.5,1491090763
561,120799,1.0,1491091688
561,122882,4.5,1491091283
561,122900,3.5,1491091319
561,122904,2.0,1491095067
561,122920,3.5,1491095413
561,130520,1.0,1491091721
561,134130,3.5,1491092329
561,134853,3.0,1491090885
561,135569,3.5,1491091121
561,136020,2.5,1491094553
561,136864,2.0,1491091855
561,138036,4.0,1491094445
561,139385,3.5,1491092337
561,146656,3.5,1491095479
561,149406,3.5,1491091520
561,160438,2.0,1491091498
562,1,4.5,1368893997
562,50,4.0,1368894758
562,110,4.0,1368893870
562,150,3.0,1368893697
562,296,5.0,1368894104
562,318,5.0,1368892201
562,356,5.0,1368893853
562,364,5.0,1368893720
562,527,4.5,1368892205
562,588,4.0,1368897501
562,589,4.5,1368894027
562,1097,3.5,1368897641
562,1196,3.0,1368892199
562,1200,4.0,1368892357
562,1214,4.5,1368892355
562,1219,4.0,1368892373
562,1240,5.0,1368895343
562,1246,5.0,1368893899
562,1258,4.0,1368892368
562,1259,5.0,1368894067
562,1265,4.0,1368894053
562,1387,3.5,1368892428
562,1527,4.5,1368893851
562,1625,4.5,1368893687
562,1653,4.5,1368893717
562,1682,5.0,1368893987
562,1961,5.0,1368893918
562,2028,3.0,1368894738
562,2288,4.0,1368892473
562,2355,4.0,1368897524
562,2571,5.0,1368892301
562,2762,4.0,1368894025
562,2858,5.0,1368893988
562,2959,4.5,1368892280
562,3147,4.0,1368893862
562,3578,3.5,1368893983
562,4306,5.0,1368893923
562,4776,4.0,1368897486
562,4886,4.5,1368894005
562,4963,4.5,1368893936
562,4995,5.0,1368893959
562,5618,4.0,1368892289
562,5989,4.0,1368893948
562,6377,4.5,1368894014
562,6539,3.0,1368893993
562,6874,4.5,1368895081
562,7293,4.0,1368896722
562,8665,3.0,1368894089
562,8874,2.5,1368892382
562,30707,4.0,1368893846
562,32587,4.5,1368896424
562,48394,4.0,1368896435
562,58559,4.0,1368892215
562,63082,5.0,1368896462
562,68135,3.5,1368896911
562,68157,4.0,1368896444
562,78499,4.5,1368896472
562,79132,3.0,1368892297
562,79695,4.5,1368896281
562,88129,3.0,1368894042
562,91485,4.0,1368896280
562,93840,5.0,1368892476
562,97921,4.5,1368896632
563,48,3.5,1440800284
563,356,4.0,1439932401
563,588,4.0,1439933439
563,919,4.0,1448636460
563,1028,4.5,1441846393
563,1270,3.5,1439932502
563,1387,4.0,1439932655
563,1907,3.5,1448749252
563,2572,3.5,1441846344
563,5618,4.0,1441846640
563,8533,3.5,1439933426
563,40815,3.5,1448077082
563,45720,4.0,1441845093
563,58998,2.5,1448253752
563,63992,1.0,1441846302
563,68135,2.5,1449288397
563,68954,3.5,1439933079
563,69122,2.5,1448253786
563,72407,2.5,1441845631
563,72737,4.0,1441846473
563,78772,3.0,1441845635
563,81591,4.0,1450727682
563,81845,4.0,1439932436
563,91500,3.5,1447185628
563,95441,4.0,1446841063
563,97921,3.5,1439933370
563,98203,1.0,1441845651
563,105844,4.0,1448076923
563,106100,3.5,1439932623
563,106487,3.5,1441845102
563,106920,3.0,1440793732
563,108190,3.5,1441844916
563,111659,3.5,1441846410
563,112552,4.5,1448077006
563,112788,3.0,1447185509
563,114662,3.5,1446856280
563,117176,3.5,1446856259
563,117529,3.5,1439932810
563,118997,4.0,1440800320
563,129354,3.0,1448058689
563,134393,4.5,1446840989
563,134853,4.0,1439932791
563,135887,3.5,1439932776
564,318,3.0,1478451708
564,356,3.0,1478453684
564,1265,5.0,1478454060
564,1270,4.0,1478453735
564,1682,1.0,1481817399
564,1923,4.0,1478452430
564,2572,3.0,1478453983
564,2706,4.0,1478452404
564,8984,3.5,1478454152
564,45720,3.5,1478454535
564,58998,4.0,1478451779
564,64957,1.5,1478454274
564,68135,4.0,1478452259
564,69122,3.5,1478451778
564,71535,3.5,1478453967
564,85414,3.5,1478454273
564,87869,3.5,1478451800
564,90405,2.0,1478451897
564,93270,3.5,1478453978
564,93510,4.0,1478451779
564,95441,3.5,1478451803
564,96079,3.0,1478451939
564,97921,3.5,1478452252
564,102903,4.0,1478451778
564,104211,5.0,1478451808
564,104374,4.0,1478452231
564,106782,3.0,1478453646
564,111659,1.0,1481817397
564,112138,4.0,1478452257
564,113453,3.0,1478453971
564,115617,1.0,1481817394
564,117590,5.0,1481817706
564,119141,4.5,1481817709
564,129354,3.5,1478454813
564,135861,3.0,1478453981
564,138036,3.5,1478452262
564,140110,3.5,1481817415
564,148626,3.5,1478454171
564,159093,4.0,1478452345
565,47,4.0,846533338
565,50,5.0,846533399
565,150,3.0,846533209
565,153,2.0,846533245
565,165,3.0,846533245
565,296,5.0,846533209
565,318,4.0,846533292
565,356,4.0,846533292
565,367,3.0,846533338
565,377,4.0,846533338
565,457,4.0,846533273
565,527,5.0,846533428
565,588,3.0,846533245
566,10,3.0,849005345
566,50,5.0,849005642
566,110,5.0,849005345
566,150,3.0,849005096
566,165,3.0,849005206
566,253,5.0,849005495
566,296,4.0,849005100
566,318,5.0,849005292
566,356,5.0,849005256
566,364,2.0,849005578
566,367,4.0,849005578
566,377,4.0,849005495
566,457,4.0,849005206
566,527,5.0,849005642
566,541,4.0,849008838
566,588,3.0,849005206
566,648,4.0,849006157
566,780,3.0,849006044
567,1,3.5,1525286001
567,50,1.0,1525282012
567,260,2.0,1525288368
567,356,3.0,1525287534
567,364,2.5,1525288073
567,541,3.5,1525286579
567,648,2.5,1525287900
567,924,1.0,1525289415
567,1196,2.0,1525288379
567,1198,2.5,1525287993
567,1203,4.5,1525283592
567,1219,2.5,1525287875
567,1653,3.0,1525287107
567,1907,1.5,1525288648
567,2355,2.5,1525288091
567,2628,0.5,1525289756
567,3000,1.0,1525289351
567,3114,3.5,1525286028
567,4226,3.5,1525282023
567,4878,3.5,1525282268
567,4993,3.0,1525287066
567,5349,2.5,1525285039
567,5618,2.0,1525288428
567,5952,3.0,1525287070
567,6377,3.0,1525285046
567,7153,3.0,1525287071
567,7361,5.0,1525282255
567,8874,2.5,1525288164
567,8961,3.5,1525286051
567,27773,4.5,1525283295
567,33794,2.5,1525285041
567,34048,1.0,1525289571
567,48394,3.0,1525286819
567,48780,3.5,1525286462
567,50872,4.0,1525283874
567,52722,2.5,1525286418
567,58559,4.0,1525285588
567,59315,3.0,1525287103
567,59615,1.0,1525289467
567,59784,2.5,1525287840
567,60040,1.5,1525288699
567,60069,3.0,1525374553
567,60514,0.5,1525289795
567,68358,1.0,1525289368
567,68954,3.0,1525286751
567,70286,3.0,1525287517
567,72998,1.0,1525289335
567,74530,0.5,1525289812
567,76093,2.5,1525287804
567,77561,2.0,1525288518
567,78499,2.0,1525288289
567,79091,0.5,1525289639
567,79132,3.0,1525287376
567,80463,3.5,1525286310
567,81847,2.0,1525288296
567,82461,2.5,1525288000
567,86332,1.5,1525289201
567,87222,2.5,1525287842
567,87430,1.0,1525289545
567,88140,1.5,1525289212
567,88744,1.5,1525289245
567,89745,4.0,1525285523
567,89774,2.5,1525288125
567,91500,1.0,1525289376
567,91535,2.5,1525288114
567,91630,2.5,1525287911
567,92938,1.5,1525289189
567,95167,2.0,1525288540
567,95510,2.0,1525288566
567,96079,3.0,1525287359
567,97913,2.5,1525288182
567,97938,2.0,1525288214
567,99149,2.5,1525287767
567,101142,2.5,1525290802
567,101362,1.5,1525288898
567,101864,1.5,1525289257
567,102125,3.0,1525287139
567,102445,2.0,1525288448
567,102903,2.0,1525288273
567,103042,2.0,1525288223
567,103141,2.5,1525287824
567,103249,1.5,1525289250
567,103335,0.5,1525290033
567,103384,1.5,1525288670
567,104841,1.5,1525289264
567,105504,3.0,1525286920
567,106072,1.5,1525289144
567,106487,2.5,1525287756
567,106696,0.5,1525289874
567,107406,3.0,1525286772
567,108190,0.5,1525289973
567,108932,4.5,1525283667
567,108945,1.5,1525288941
567,109374,5.0,1525282277
567,109487,3.0,1525287553
567,109578,2.0,1525288314
567,110102,3.5,1525286435
567,110553,1.0,1525289562
567,110730,0.5,1525289743
567,111360,1.0,1525289328
567,111362,3.0,1525287093
567,111759,2.5,1525287963
567,111781,2.5,1525287910
567,112175,2.5,1525287832
567,112370,1.5,1525289127
567,112552,3.5,1525286265
567,112623,2.0,1525288584
567,112852,3.5,1525285306
567,112911,1.5,1525288949
567,113378,1.0,1525289382
567,114180,1.0,1525289609
567,115617,2.0,1525288606
567,116797,3.0,1525286857
567,117529,2.0,1525288550
567,117895,0.5,1525289976
567,118997,1.0,1525289397
567,120799,1.5,1525288931
567,122882,4.0,1525283831
567,122892,2.0,1525288574
567,122900,3.0,1525287128
567,122920,2.5,1525287982
567,122924,1.5,1525289135
567,130490,0.5,1525289970
567,134130,3.0,1525287673
567,134853,2.0,1525284843
567,135133,1.5,1525289234
567,135137,1.0,1525289436
567,135536,0.5,1525289276
567,135569,2.5,1525287932
567,135887,0.5,1525290039
567,136016,1.0,1525289494
567,136020,1.0,1525289344
567,136864,1.5,1525289271
567,138036,3.0,1525287186
567,139385,3.0,1525287401
567,139644,3.5,1525286553
567,140174,3.0,1525287476
567,142448,2.5,1525287922
567,143385,1.0,1525289405
567,146656,3.5,1525286374
567,148626,3.0,1525287694
567,149406,2.0,1525287844
567,152063,0.5,1525290000
567,152077,3.0,1525287438
567,152079,0.5,1525289708
567,156607,0.5,1525289987
567,159093,1.0,1525289321
567,160438,1.5,1525288657
568,50,5.0,1243576177
568,296,4.5,1253767257
568,356,5.0,1253767272
569,10,4.0,849190709
569,50,3.0,849190709
569,153,5.0,849190609
569,165,5.0,849190610
569,296,5.0,849190587
569,356,3.0,849190633
569,377,5.0,849190709
569,588,4.0,849190610
570,1,4.0,1181476989
570,10,3.5,1181477300
570,47,3.5,1181477162
570,110,3.5,1181476971
570,111,3.0,1181477646
570,150,4.0,1181476644
570,153,2.5,1181477153
570,165,4.0,1181477140
570,253,3.0,1181477393
570,260,3.5,1181476632
570,318,4.0,1181476497
570,356,4.0,1181478668
570,364,3.5,1181477198
570,367,1.0,1181477275
570,377,3.5,1181477087
570,457,4.0,1181476678
570,527,4.5,1181477018
570,589,4.0,1181476984
570,648,3.5,1181477128
570,733,3.5,1181477232
570,778,4.0,1181477946
570,780,3.5,1181477002
570,858,3.0,1181477206
570,920,2.5,1181478283
570,1036,4.0,1181554299
570,1097,4.5,1181477282
570,1101,3.0,1181477909
570,1193,3.0,1181477509
570,1196,4.0,1181555518
570,1198,4.0,1181476551
570,1200,4.0,1181555711
570,1214,3.5,1181477531
570,1219,3.0,1181478116
570,1240,3.5,1181477372
570,1246,3.5,1181478093
570,1258,3.0,1181478000
570,1265,4.0,1181477469
570,1270,4.0,1181477168
570,1291,4.0,1181478635
570,1387,3.0,1181477831
570,1527,4.0,1181478981
570,1580,4.0,1181477315
570,1584,4.5,1181477850
570,1625,4.0,1181478692
570,1653,4.0,1181478355
570,1682,3.5,1181478046
570,1721,3.0,1181477324
570,1917,3.0,1181477881
570,1923,3.5,1181477657
570,1961,3.5,1181477628
570,2028,4.0,1181477215
570,2115,4.0,1181478097
570,2571,4.5,1181477188
570,2628,3.5,1181477428
570,2640,3.0,1181478347
570,2706,3.0,1181477870
570,2762,4.0,1181477285
570,2858,4.0,1181477172
570,2959,4.0,1181477595
570,3114,3.5,1181477835
570,3147,4.0,1181554309
570,3578,4.0,1181478670
570,4022,4.5,1181554622
570,4226,4.0,1181478033
570,4306,4.0,1181477611
570,4878,4.5,1181555671
570,4886,3.5,1181478215
570,4993,4.0,1181554077
570,5349,4.0,1181478738
570,5445,4.5,1181478127
570,5989,3.5,1181476668
570,6539,3.5,1181479344
570,7153,3.5,1181478106
570,7254,4.0,1181554585
570,7361,4.0,1181555666
570,33794,3.5,1181476562
570,45722,4.0,1181479329
570,47099,4.0,1181478710
570,48516,3.5,1181476479
570,48780,3.5,1181476515
570,49272,4.0,1181476664
570,49530,3.5,1181476472
570,52328,3.5,1181555656
570,53125,3.0,1181479289
571,70,2.0,966900368
571,253,5.0,966900555
571,1196,3.0,966900054
571,1214,2.0,966900180
571,1219,4.0,966900180
571,1258,5.0,966900368
571,1270,4.0,966900003
571,1387,5.0,966900228
571,2288,2.0,966900228
572,1,4.0,945892484
572,111,4.0,945889997
572,150,4.0,945889951
572,260,5.0,945888912
572,318,5.0,945889361
572,356,4.0,946482678
572,457,5.0,945893822
572,527,5.0,945889382
572,648,2.0,945888747
572,858,5.0,945889215
572,924,5.0,945889997
572,1136,4.0,979923820
572,1193,5.0,945889361
572,1196,5.0,945888912
572,1198,4.0,945888912
572,1208,5.0,945889382
572,1214,4.0,979922376
572,1221,5.0,945889273
572,1259,4.0,945888944
572,1265,1.0,979923721
572,1291,4.0,945888944
572,1387,5.0,946483138
572,1682,3.0,979924065
572,1917,3.0,945888784
572,1954,4.0,945890267
572,1961,5.0,946485151
572,2028,5.0,945889361
572,2355,5.0,945893736
572,2761,4.0,945887030
572,3114,4.0,945887660
573,1,5.0,1186722182
573,10,4.5,1186722464
573,47,5.0,1186589586
573,50,5.0,1248841981
573,110,5.0,1186589227
573,150,3.0,1186722115
573,153,1.5,1186722291
573,165,5.0,1186722398
573,260,5.0,1186589669
573,296,5.0,1186589250
573,318,4.5,1299222415
573,356,4.5,1186589781
573,364,4.5,1186722302
573,367,3.0,1186590087
573,377,5.0,1186722390
573,457,4.5,1186589725
573,588,4.5,1186722460
573,589,5.0,1186722180
573,648,4.5,1341798453
573,733,4.5,1248842423
573,780,5.0,1186722183
573,858,5.0,1415676012
573,919,4.0,1186722604
573,1036,5.0,1186589677
573,1089,4.5,1186589585
573,1090,3.5,1186589654
573,1136,4.5,1186589741
573,1193,4.0,1248842434
573,1196,5.0,1186589671
573,1198,5.0,1186589562
573,1200,4.0,1248842041
573,1213,4.5,1186589246
573,1214,4.5,1248842008
573,1221,3.0,1248842030
573,1240,4.5,1186722390
573,1259,4.0,1186589712
573,1270,4.5,1186590311
573,1291,5.0,1186589585
573,1370,4.5,1187044988
573,1377,4.0,1187045095
573,1387,4.5,1186722617
573,1527,4.5,1248842035
573,1562,0.5,1187045088
573,1580,4.5,1187044783
573,1625,4.5,1341798424
573,1721,1.5,1186722299
573,1917,3.0,1186722488
573,1923,4.5,1186722513
573,2028,5.0,1186589564
573,2115,5.0,1186722096
573,2329,5.0,1186589533
573,2403,4.5,1371063458
573,2571,5.0,1186589585
573,2628,3.5,1248840104
573,2640,4.0,1186722632
573,2706,4.5,1186590180
573,2761,5.0,1341798420
573,2762,4.0,1248842677
573,2858,2.0,1186590377
573,2953,4.5,1186590059
573,2959,5.0,1186589334
573,3114,5.0,1186722557
573,3527,5.0,1341798750
573,3578,3.5,1186589637
573,4011,4.5,1248841842
573,4022,3.5,1186722443
573,4226,5.0,1186589556
573,4262,5.0,1186589260
573,4306,4.5,1248842418
573,4776,4.5,1186589362
573,4878,4.5,1186589732
573,4886,4.0,1186590247
573,4993,5.0,1248840083
573,5218,4.0,1186590168
573,5254,4.5,1186589230
573,5349,5.0,1186589361
573,5445,4.5,1186722529
573,5952,4.5,1248840084
573,5989,4.0,1186589235
573,6365,4.5,1186722424
573,6373,4.5,1186590106
573,6377,4.0,1186589779
573,6378,4.0,1186722628
573,6539,5.0,1186589649
573,6754,4.5,1186722140
573,6874,4.5,1186589696
573,6934,3.0,1248842649
573,7143,4.0,1186589794
573,7153,5.0,1248841816
573,7293,2.5,1186590127
573,8665,4.5,1186722440
573,8874,4.5,1186590206
573,8957,4.5,1186589257
573,8961,4.5,1186589698
573,8985,4.0,1187045013
573,32587,4.5,1186589651
573,33794,4.5,1186589567
573,41569,4.5,1186722589
573,45722,5.0,1186590165
573,48394,4.0,1186589454
573,48516,5.0,1186589538
573,48780,5.0,1341797729
573,49272,4.5,1248842715
573,49530,4.0,1186589535
573,51662,4.5,1186589183
573,52722,2.5,1248839872
573,53125,4.5,1186589308
573,53464,2.5,1186589311
573,53972,4.5,1186589294
573,58559,5.0,1248839758
573,58998,4.5,1370377729
573,59315,4.5,1248840031
573,59369,4.5,1248841897
573,60040,4.0,1248840039
573,60069,4.5,1248841824
573,60072,4.5,1248843015
573,60684,5.0,1248841902
573,64614,4.5,1248842144
573,66097,4.5,1248840022
573,68157,5.0,1341798215
573,68358,4.5,1254442476
573,68954,4.5,1248842153
573,69122,4.5,1248839741
573,70286,5.0,1254442288
573,71535,4.5,1370377744
573,72998,5.0,1370377625
573,74458,4.5,1340518809
573,78499,5.0,1299222433
573,79132,5.0,1299222424
573,80463,5.0,1370377624
573,85414,4.5,1340518813
573,86332,4.5,1341797590
573,88129,4.0,1340518797
573,88140,4.0,1341797581
573,88744,4.5,1341797629
573,89745,5.0,1340518834
573,91529,5.0,1370377585
573,91630,4.5,1341797602
573,93840,4.5,1341797699
573,94864,4.5,1341797587
573,96079,5.0,1370377579
573,98809,5.0,1370377439
573,99114,5.0,1370377598
573,102125,5.0,1370377430
573,102445,5.0,1370377430
573,109487,5.0,1415675757
573,111362,5.0,1415675786
573,112852,4.5,1415675776
574,47,5.0,834634527
574,110,5.0,834634504
574,150,4.0,834634383
574,153,3.0,834634408
574,296,3.0,834634383
574,318,5.0,834634443
574,588,5.0,834634408
575,296,5.0,926510724
575,1259,5.0,926510687
575,2571,4.0,926510261
575,2572,2.0,926510403
577,110,4.0,945966190
577,260,5.0,945965658
577,318,5.0,945966689
577,356,5.0,945966456
577,377,3.0,945967371
577,457,4.0,945967303
577,527,5.0,945966109
577,541,3.0,945966819
577,733,3.0,945967541
577,780,3.0,945966506
577,858,5.0,945966632
577,919,3.0,945966744
577,920,5.0,945966158
577,924,3.0,945966819
577,1036,3.0,945965283
577,1090,3.0,945966476
577,1097,4.0,945967031
577,1101,4.0,945967480
577,1196,3.0,945966131
577,1198,4.0,945965283
577,1200,3.0,945966456
577,1203,4.0,945966653
577,1213,4.0,945966718
577,1214,4.0,945966986
577,1221,4.0,945966674
577,1240,4.0,945967015
577,1259,3.0,945965683
577,1270,5.0,945966986
577,1291,4.0,945965737
577,1387,5.0,945967287
577,1580,3.0,945965825
577,1584,4.0,945967015
577,1954,4.0,945967351
577,1961,4.0,945978437
577,2023,4.0,945967458
577,2028,5.0,945966132
577,2115,3.0,945965866
577,2161,2.0,945965825
577,2288,4.0,945967115
577,2640,4.0,945965795
577,2947,5.0,945967393
577,2949,4.0,945967415
578,8533,5.0,1300996817
578,45720,4.5,1300996651
578,72407,3.5,1300990637
578,73017,5.0,1300996791
578,81562,5.0,1300996352
578,81845,5.0,1300996688
579,1,4.0,958881146
579,48,4.0,958881238
579,110,5.0,958881746
579,356,5.0,958879296
579,364,5.0,958881192
579,367,4.0,958879861
579,527,5.0,958880791
579,780,5.0,958881895
579,1580,4.0,958881895
579,1653,5.0,958881825
579,1907,4.0,958881277
579,1917,4.0,958881915
579,1923,5.0,958882329
579,2028,3.0,958879593
579,2355,4.0,958881146
579,2571,5.0,958881789
579,2762,3.0,958881622
579,3114,5.0,958881086
579,3623,4.0,960115660
579,3717,4.0,961621938
580,1,3.0,1167792349
580,10,3.5,1167792602
580,47,5.0,1167791127
580,50,5.0,1167789884
580,70,5.0,1167673477
580,110,4.5,1167789859
580,111,4.0,1167673449
580,153,2.0,1167674840
580,260,4.0,1167860858
580,296,5.0,1167789886
580,318,5.0,1167673438
580,356,4.0,1167789921
580,364,3.0,1167673486
580,367,3.5,1167674978
580,457,3.0,1167791336
580,527,3.0,1167790845
580,541,5.0,1167789987
580,588,2.0,1167673410
580,589,4.0,1167790721
580,778,5.0,1167791131
580,780,3.0,1167792634
580,858,4.5,1167789986
580,919,2.0,1167673498
580,924,3.5,1167673406
580,1036,4.0,1167673418
580,1089,5.0,1167789893
580,1090,4.0,1167791222
580,1097,3.0,1167860946
580,1136,5.0,1167673425
580,1193,4.0,1167789891
580,1196,4.0,1167673444
580,1198,4.5,1167673435
580,1200,4.5,1167789904
580,1201,4.0,1167791046
580,1203,0.5,1167790938
580,1208,3.5,1167790956
580,1213,4.0,1167790635
580,1214,4.0,1167792663
580,1221,4.0,1167790632
580,1240,3.5,1167790561
580,1246,4.0,1168086971
580,1270,3.5,1167792864
580,1291,4.0,1167792469
580,1377,3.0,1167674837
580,1380,3.5,1167790133
580,1527,4.5,1167791482
580,1580,4.0,1167792444
580,1584,3.5,1167792660
580,1625,4.0,1167790419
580,1653,4.0,1167792842
580,1676,4.0,1167673492
580,1682,4.5,1167791409
580,1721,4.0,1167790146
580,1732,4.5,1167790706
580,1917,3.5,1167860614
580,1923,4.0,1167790046
580,1961,4.0,1167790390
580,2028,5.0,1167673436
580,2115,3.5,1167792434
580,2329,4.0,1167789610
580,2355,3.5,1167792353
580,2571,5.0,1167783678
580,2628,4.0,1167792623
580,2640,3.0,1167674843
580,2762,4.5,1167791226
580,2858,5.0,1167789898
580,2959,5.0,1167783675
580,3114,3.5,1167792356
580,3147,3.0,1167791294
580,3471,4.0,1167792783
580,3527,3.5,1167792670
580,3578,4.0,1167674171
580,3623,3.5,1167792571
580,4011,4.0,1167673981
580,4226,5.0,1167783666
580,4262,4.0,1167789909
580,4306,4.0,1176756045
580,4776,3.5,1167790752
580,4878,4.0,1167783695
580,4963,4.0,1167791407
580,4973,4.5,1167790644
580,4993,4.5,1167673962
580,4995,3.5,1167861744
580,5218,4.0,1167673479
580,5254,3.0,1167674832
580,5349,3.5,1167793008
580,5418,4.5,1167674193
580,5444,3.0,1167792736
580,5445,4.5,1167674258
580,5816,3.0,1167792437
580,5952,4.5,1167673966
580,6365,5.0,1167673488
580,6377,4.5,1167792346
580,6537,4.0,1167792956
580,6539,4.0,1167673988
580,6874,5.0,1167673986
580,6934,5.0,1167673490
580,7143,4.0,1167674236
580,7153,4.0,1167673964
580,7254,3.5,1167861592
580,7361,4.0,1167790261
580,7438,4.5,1167673975
580,8644,4.5,1167792888
580,8665,2.5,1167674242
580,8961,4.5,1167674561
580,30707,4.5,1167789911
580,30793,3.0,1167792387
580,32587,5.0,1167673994
580,33004,4.0,1167792883
580,33794,5.0,1167673968
580,34048,4.0,1167792727
580,40339,1.5,1167792756
580,41566,3.5,1167790027
580,41569,4.0,1167790038
580,44022,3.5,1167792560
580,44191,4.5,1167673983
580,45186,4.5,1167789677
580,45720,3.5,1167789707
580,45722,4.5,1167789680
580,46530,3.0,1167674588
580,48516,4.5,1167790234
580,49272,4.5,1167791650
580,51662,5.0,1212342492
580,53972,4.5,1212342527
580,56174,4.5,1212342537
581,318,5.0,1447007073
581,356,4.5,1447007134
581,527,5.0,1447007076
581,2571,3.5,1447007088
581,2762,4.5,1447007127
581,2959,4.5,1447007154
581,3147,5.0,1447007136
581,4022,4.5,1447007430
581,4226,4.5,1447007261
581,4306,4.5,1447007408
581,4886,4.5,1447007410
581,4896,5.0,1447007435
581,4973,3.5,1447007158
581,4993,4.5,1447007092
581,4995,4.5,1447007422
581,5349,4.5,1447007420
581,5816,5.0,1447007463
581,5952,4.5,1447007282
581,5989,3.5,1447007433
581,5995,5.0,1447007147
581,6377,4.5,1447007413
581,7153,4.5,1447007091
581,7361,5.0,1447007285
581,8368,4.5,1447007472
581,44191,4.5,1447007453
581,48394,3.0,1447007231
581,59315,4.0,1447007469
581,60069,4.0,1447007150
581,68954,4.0,1447007152
581,79132,4.5,1447007371
581,81845,4.5,1447007148
581,109487,4.5,1447007301
581,112552,4.5,1447007302
581,116797,4.0,1447007183
581,134130,4.0,1447007291
582,260,4.0,1446792609
582,1196,4.0,1446792616
582,2571,5.0,1446792623
582,2959,4.0,1463474222
582,4226,4.0,1463474240
582,4993,3.5,1446792639
582,5618,3.5,1446794188
582,8368,4.5,1463474261
582,40815,4.5,1463474262
582,44191,3.5,1446794200
582,48516,4.0,1446794162
582,48780,3.5,1446794164
582,49272,4.5,1446794191
582,54001,4.0,1446794199
582,58559,4.5,1446792626
582,59315,4.5,1463474268
582,60069,4.0,1446794147
582,68157,4.0,1446794177
582,68358,4.5,1463474260
582,68954,3.5,1446794153
582,69844,4.5,1446794183
582,74458,4.0,1446792653
582,76093,4.5,1446792715
582,77561,2.5,1446792729
582,79091,5.0,1446792747
582,79132,5.0,1446792651
582,81564,4.0,1446794070
582,85414,2.5,1446792736
582,89745,5.0,1446792664
582,91500,4.0,1446792725
582,91529,4.5,1446792661
582,91630,4.0,1446794049
582,94864,4.0,1446794052
582,96079,4.5,1446792754
582,97752,3.0,1446794081
582,97913,3.0,1446794082
582,99114,4.5,1446792668
582,102125,4.5,1446794053
582,104841,4.5,1446792750
582,109374,4.0,1446794154
582,109487,4.5,1446794142
582,115617,3.5,1446794168
582,116797,3.5,1463474243
582,134130,4.0,1446792676
583,296,4.0,1481474161
583,356,4.0,1481474148
583,588,3.5,1481474263
583,594,2.0,1481474431
583,1380,3.0,1481474416
583,1721,4.0,1481474572
583,1732,3.5,1481474236
583,1907,4.0,1481474543
583,2572,5.0,1481474408
583,2706,3.0,1481474247
583,4016,4.0,1481474190
583,4306,3.0,1481474165
583,7293,4.0,1481474280
583,8533,2.0,1481474433
583,69122,3.0,1481474158
583,71535,3.0,1481474152
583,76093,4.0,1481474186
583,106696,3.0,1481474420
583,117590,2.5,1481474297
583,133419,4.0,1481474578
584,1,5.0,834987643
584,10,5.0,834987172
584,47,5.0,834987730
584,48,5.0,834988006
584,110,5.0,834987672
584,150,5.0,834987019
584,153,3.0,834987064
584,165,5.0,834987064
584,253,3.0,834987643
584,296,3.0,834987020
584,356,5.0,834987866
584,364,5.0,834987843
584,367,3.0,834987843
584,377,5.0,834987989
584,457,4.0,834987672
584,588,4.0,834987064
584,589,5.0,834987989
585,111,4.5,1307581719
585,296,5.0,1307418531
585,858,5.0,1307417181
585,1089,4.5,1307417625
585,1213,5.0,1307580821
585,1732,4.0,1307417747
585,2329,5.0,1307417508
585,2858,4.5,1307581816
585,2959,5.0,1307417775
585,4011,5.0,1307418362
585,4262,3.0,1307417324
585,4776,4.0,1307417402
585,4878,3.0,1307418454
585,7254,2.5,1307417533
585,32587,4.0,1307418348
585,48516,4.5,1307581053
585,55820,4.5,1307581832
585,58559,4.0,1307581703
585,64614,4.5,1307416497
585,66097,4.0,1307418433
585,68157,5.0,1307418137
585,74458,5.0,1307417380
585,79132,4.0,1307581711
585,80463,4.5,1307581851
586,110,5.0,1529899907
586,260,4.5,1529899127
586,318,5.0,1529899248
586,457,4.5,1529903259
586,527,2.5,1529899262
586,588,4.5,1529903478
586,589,5.0,1529899916
586,733,4.0,1529899989
586,858,3.0,1529899254
586,1097,4.0,1529901514
586,1196,4.5,1529899129
586,1198,5.0,1529899130
586,1200,5.0,1529903306
586,1221,3.0,1529899256
586,1265,4.5,1529899624
586,1270,4.5,1529899793
586,1291,4.0,1529899137
586,1580,5.0,1529900271
586,2028,2.5,1529899290
586,2571,5.0,1529899309
586,2640,3.5,1529901442
586,2762,3.0,1529899276
586,3114,4.5,1529899943
586,3147,4.0,1529899247
586,3578,5.0,1529899284
586,4016,4.0,1529903269
586,4886,5.0,1529899525
586,4963,4.0,1529899279
586,4993,5.0,1529899282
586,5418,3.5,1529899263
586,5445,4.0,1529900253
586,5459,4.5,1529901651
586,5952,5.0,1529899142
586,6365,4.0,1529901492
586,6373,4.0,1529901560
586,6539,5.0,1529899560
586,7143,3.0,1529899259
586,7153,5.0,1529899268
586,8368,5.0,1529899519
586,8644,3.0,1529899272
586,8665,5.0,1529899252
586,33615,5.0,1529899569
586,33794,4.0,1529899382
586,41566,4.5,1529899645
586,42738,4.5,1529899958
586,45517,5.0,1529903247
586,50872,5.0,1529903062
586,54001,4.5,1529899314
586,58559,4.5,1529899285
586,59315,5.0,1529903173
586,59369,5.0,1529899854
586,59501,4.0,1529900217
586,59784,5.0,1529903162
586,60069,5.0,1529903056
586,65682,4.5,1529899655
586,68157,4.0,1529899358
586,68954,5.0,1529903132
586,69644,3.5,1529899629
586,72737,3.5,1529899363
586,72998,4.0,1529900138
586,74458,3.0,1529899949
586,76093,5.0,1529899334
586,77561,5.0,1529899964
586,78499,4.5,1529903138
586,79091,5.0,1529899384
586,81845,3.0,1529899591
586,81847,4.5,1529903135
586,82169,4.5,1529899985
586,86880,5.0,1529899912
586,87222,5.0,1529899400
586,87876,4.0,1529901521
586,89745,4.5,1529899288
586,91500,3.5,1529899582
586,91529,4.5,1529899306
586,91630,4.0,1529899540
586,95167,5.0,1529899341
586,95510,4.5,1529900260
586,96079,3.5,1529899579
586,96861,5.0,1529903426
586,97225,4.0,1529899371
586,98243,5.0,1529899506
586,98809,4.5,1529899331
586,101142,5.0,1529899573
586,101362,4.5,1529903321
586,102125,4.5,1529899493
586,102445,4.0,1529899537
586,103141,5.0,1529899355
586,103335,4.5,1529899328
586,106487,3.5,1529899511
586,106489,5.0,1529903235
586,106696,5.0,1529899352
586,108932,4.5,1529903169
586,110102,5.0,1529899366
586,111362,4.5,1529899367
586,111659,3.0,1529899554
586,111781,4.5,1529899852
586,112852,5.0,1529899249
586,116823,4.5,1529899832
586,117851,5.0,1529899644
586,118696,5.0,1529899513
586,120635,5.0,1529900178
586,120799,4.0,1529901322
586,122890,4.0,1529903431
586,122900,4.5,1529899562
586,122904,4.0,1529899267
586,122920,5.0,1529899316
586,122924,4.5,1529903346
586,130520,4.5,1529899897
586,134130,2.5,1529899322
586,134853,5.0,1529903054
586,135133,5.0,1529899369
586,135569,4.0,1529899534
586,149406,5.0,1529903200
586,160438,5.0,1529899576
587,1,5.0,953137847
587,50,5.0,953141366
587,153,3.0,953140530
587,296,5.0,953141880
587,356,4.0,953138612
587,1028,4.0,953138012
587,1101,4.0,953142065
587,1193,5.0,953136994
587,1259,4.0,953137911
587,1270,5.0,953137847
587,1380,3.0,953138653
587,1580,4.0,953138475
587,2571,4.0,953141652
587,2858,5.0,953137693
587,3114,4.0,953137743
587,3471,4.0,953137197
588,10,3.0,839316215
588,47,3.0,839316278
588,50,5.0,839316659
588,110,5.0,839316241
588,150,3.0,839316050
588,165,4.0,839316092
588,253,2.0,839316215
588,296,5.0,839316050
588,318,5.0,839316184
588,356,3.0,839316241
588,364,3.0,839316278
588,367,1.0,839316350
588,457,5.0,839316184
588,527,4.0,839316637
588,589,3.0,839316350
588,733,4.0,839316797
588,778,5.0,839316600
589,111,5.0,856043304
589,150,4.0,856043430
589,296,5.0,856045408
589,318,5.0,856043369
589,356,5.0,856043369
589,527,5.0,856043304
589,733,2.0,856038894
589,780,5.0,856038815
589,1097,4.0,856043430
590,1,4.0,1258420408
590,10,3.5,1258420600
590,47,3.0,1258420506
590,50,4.5,1264910688
590,110,4.0,1258420384
590,111,4.0,1260379976
590,150,4.5,1258416681
590,153,2.5,1258416677
590,165,3.0,1266472448
590,260,5.0,1258416665
590,296,4.5,1258420369
590,318,4.5,1258416487
590,356,5.0,1258416659
590,364,4.5,1258417725
590,367,3.0,1258419667
590,377,3.0,1258420459
590,457,4.0,1258420419
590,527,5.0,1258416466
590,541,4.5,1258416649
590,588,4.0,1258416644
590,589,4.5,1258416631
590,594,5.0,1258416935
590,648,3.5,1258419662
590,733,3.0,1258420571
590,780,4.0,1258417707
590,858,5.0,1258416477
590,919,5.0,1258420814
590,920,5.0,1258416931
590,924,5.0,1258420784
590,1028,3.5,1258421323
590,1036,4.0,1258420659
590,1089,4.0,1258416629
590,1090,3.5,1258421124
590,1097,4.5,1258420584
590,1101,3.0,1258420879
590,1136,3.5,1258419551
590,1193,4.5,1258416482
590,1196,5.0,1258420454
590,1198,5.0,1258416451
590,1200,4.5,1258420736
590,1201,4.5,1297830384
590,1203,5.0,1258416446
590,1208,4.5,1258416620
590,1213,4.0,1258420771
590,1214,4.5,1258420654
590,1219,5.0,1258420975
590,1221,5.0,1258416472
590,1240,4.5,1258420596
590,1246,3.5,1258420954
590,1258,4.0,1258420875
590,1259,3.5,1264794736
590,1265,4.0,1258416614
590,1270,4.5,1258420500
590,1291,4.0,1258420639
590,1377,2.5,1258421469
590,1380,3.0,1258421067
590,1387,4.5,1258420853
590,1527,3.0,1258416593
590,1562,2.0,1258422407
590,1580,3.5,1258420589
590,1584,3.0,1258419657
590,1653,3.0,1258421018
590,1676,2.5,1258421157
590,1721,3.5,1258416578
590,1732,4.0,1258421003
590,1917,2.5,1258418170
590,1923,2.5,1258418163
590,1954,4.5,1258421257
590,1961,4.0,1258420730
590,2023,3.0,1258421624
590,2028,4.0,1258420540
590,2115,3.5,1258416848
590,2174,2.5,1258420892
590,2329,3.0,1258418095
590,2403,3.5,1258417217
590,2571,4.0,1258419539
590,2628,2.5,1258429919
590,2640,4.0,1258419800
590,2706,2.5,1258416588
590,2762,3.5,1258420545
590,2858,3.0,1258420464
590,2947,4.5,1258419780
590,2949,4.0,1258427610
590,2953,2.5,1258417186
590,2959,3.5,1258416553
590,3147,4.5,1258418013
590,3471,4.5,1258421298
590,3527,3.5,1258416752
590,3578,4.5,1258416547
590,3623,2.5,1258421057
590,4011,4.0,1258421293
590,4022,3.5,1258421047
590,4226,3.5,1266472486
590,4262,4.5,1258417972
590,4306,4.0,1258419637
590,4643,2.5,1258422631
590,4776,3.5,1258419714
590,4878,3.0,1260490920
590,4896,3.5,1258421231
590,4963,3.5,1258417935
590,4993,4.5,1258420625
590,4995,4.0,1258416711
590,5218,4.0,1258417922
590,5266,2.5,1267150640
590,5349,3.0,1258420945
590,5418,3.5,1258421142
590,5445,3.0,1258420859
590,5459,2.5,1258422488
590,5816,3.5,1258421536
590,5872,2.0,1258428453
590,5952,5.0,1258416542
590,5989,3.5,1258417855
590,6365,3.0,1258421238
590,6373,2.5,1258422955
590,6377,3.5,1258420970
590,6378,3.0,1258422599
590,6537,3.0,1258422933
590,6539,4.0,1258420924
590,6874,4.0,1258421062
590,6934,2.0,1258422247
590,7143,3.0,1258422493
590,7153,4.5,1258420756
590,7438,4.0,1258421245
590,7458,3.0,1267150598
590,8368,4.0,1258422259
590,8529,2.5,1267150589
590,8644,3.0,1258422950
590,8665,3.0,1258427665
590,8874,3.0,1264793942
590,8961,4.0,1258416706
590,8972,2.5,1258428245
590,30707,4.0,1258417789
590,30793,3.0,1258427035
590,32587,4.0,1258421584
590,33615,3.0,1258427076
590,33794,4.0,1266472415
590,34048,2.5,1258419993
590,40815,3.0,1267236679
590,41566,3.0,1258423145
590,41569,3.5,1258428037
590,44191,3.5,1258419680
590,45186,3.0,1258428259
590,45517,3.5,1258426957
590,45722,3.0,1258428296
590,46530,3.0,1258429022
590,47099,3.5,1258418358
590,48394,3.5,1258429475
590,48516,4.0,1258422392
590,48780,3.0,1258418397
590,49272,4.0,1258422594
590,49530,3.0,1267237745
590,51662,3.5,1258427787
590,52722,3.0,1258417005
590,53125,2.0,1258428766
590,53972,3.0,1258427930
590,54001,4.0,1297830498
590,55820,4.0,1258429234
590,58559,4.5,1258422583
590,58998,3.0,1258417421
590,59315,3.5,1266472391
590,59369,3.0,1258419048
590,59615,3.0,1258428605
590,60040,3.0,1258427954
590,60069,4.0,1258426852
590,60074,3.0,1258428550
590,60684,3.0,1258427756
590,63082,4.5,1258783233
590,63113,3.0,1267238636
590,64614,4.0,1258417402
590,64957,3.5,1258417394
590,68157,4.5,1260379967
590,68358,4.0,1258427299
590,68954,4.0,1258426822
590,69122,3.0,1267238361
590,69844,4.0,1297830495
590,70286,4.0,1266473601
590,72998,3.5,1264793973
590,81591,4.0,1297830456
590,82459,4.0,1297830258
591,260,5.0,970524685
591,356,4.0,970524486
591,2355,4.0,970524802
591,2571,5.0,970524610
591,2628,5.0,970524685
591,2706,3.0,970524744
591,2761,4.0,970524956
591,2762,4.0,970524648
591,2959,2.0,970524881
591,3114,5.0,970525244
591,3578,5.0,970524619
591,3623,3.0,970525021
591,3717,4.0,970524940
592,10,3.0,837349966
592,110,5.0,837349998
592,150,5.0,837349827
592,153,3.0,837349868
592,165,3.0,837349867
592,253,4.0,837349966
592,296,4.0,837349829
592,318,4.0,837349901
592,356,5.0,837350034
592,364,5.0,837350033
592,367,4.0,837350111
592,377,3.0,837350148
592,457,5.0,837349924
592,588,5.0,837349868
592,589,5.0,837350111
592,594,3.0,837350487
592,648,4.0,837350451
592,733,5.0,837350680
592,780,5.0,837350932
593,50,4.5,1181007737
593,110,3.0,1181007627
593,150,3.0,1181008132
593,260,5.0,1181007473
593,318,4.5,1181007485
593,356,4.0,1181007781
593,364,3.5,1181007903
593,377,2.5,1181007844
593,527,3.5,1181007696
593,588,3.5,1181007645
593,648,3.0,1181007861
593,780,2.5,1181007449
593,858,5.0,1181007913
593,1196,5.0,1181007435
593,1221,4.0,1181008279
593,1265,2.5,1181007950
593,1580,1.5,1181007882
593,1721,4.0,1181007536
593,1923,3.0,1181007874
593,2355,2.5,1181008115
593,2571,2.5,1181008043
593,2628,2.5,1181008458
593,2706,2.5,1181008122
593,2858,4.5,1181007561
593,2959,4.0,1181007676
593,3578,5.0,1181007548
593,4306,3.0,1181007676
593,4896,2.0,1181008039
593,4963,2.5,1181007686
593,4973,3.5,1181007827
593,4993,4.5,1181007493
593,4995,4.0,1181007958
593,5816,2.0,1181007928
593,5952,4.0,1181007502
593,5989,2.0,1181008210
593,6377,3.0,1181007457
593,6539,1.0,1181007588
593,7153,4.5,1181007545
593,8368,3.5,1181007997
593,8961,3.0,1181007510
593,41566,2.0,1181008172
593,44191,4.0,1181007785
593,45722,1.0,1181007836
593,49272,3.0,1181007776
593,53464,2.0,1181007732
594,48,4.5,1109038257
594,70,3.5,1108951120
594,110,5.0,1109036538
594,150,3.5,1109036542
594,165,4.5,1109036671
594,253,0.5,1108950825
594,364,5.0,1109036722
594,367,4.0,1109036766
594,377,4.5,1109036660
594,457,4.5,1109036572
594,588,4.5,1109036651
594,589,5.0,1109036592
594,594,4.0,1108798815
594,648,5.0,1109036667
594,780,4.5,1109036527
594,858,4.0,1109036743
594,919,4.0,1108798681
594,920,4.5,1109037759
594,1036,5.0,1109036966
594,1208,3.0,1108798893
594,1214,4.0,1109036961
594,1240,5.0,1109036906
594,1370,4.5,1109037952
594,1527,3.0,1108798565
594,1580,4.5,1109036895
594,1676,4.5,1109038125
594,1721,4.5,1109036893
594,1917,4.5,1109037826
594,1923,4.0,1108798820
594,2028,4.0,1109036780
594,2571,5.0,1109036795
594,2628,4.0,1109036951
594,2640,4.0,1109038068
594,2706,3.5,1109037683
594,2762,4.0,1109036899
594,3578,4.5,1109037101
594,6373,5.0,1111977531
594,6754,5.0,1108951175
594,8533,4.0,1137994867
595,50,5.0,938807286
595,780,4.0,938807441
595,2628,4.0,938806929
595,2761,5.0,938807031
596,1,4.0,1535709666
596,50,3.5,1535709301
596,150,3.5,1535827366
596,153,2.5,1535711533
596,260,4.0,1535627138
596,356,3.5,1535709659
596,364,4.0,1535709751
596,367,3.0,1535711660
596,457,3.5,1535827096
596,527,4.0,1535827023
596,541,4.0,1535827006
596,589,3.0,1535709683
596,858,3.5,1535709558
596,919,4.0,1535826725
596,924,4.0,1535827439
596,1028,4.0,1535826867
596,1036,4.0,1535827278
596,1097,4.0,1535827243
596,1136,4.0,1535709619
596,1196,3.5,1535627133
596,1198,3.5,1535627318
596,1200,3.5,1535709667
596,1214,4.0,1535709656
596,1221,3.0,1535709743
596,1265,3.0,1535827379
596,1270,4.0,1535709729
596,1291,3.5,1535709691
596,1377,3.0,1535711520
596,1527,3.5,1535827368
596,1562,2.0,1535711554
596,1653,3.5,1535827374
596,1907,4.0,1535709651
596,1961,3.0,1535827266
596,2288,5.0,1535827560
596,2571,4.0,1535709487
596,2640,3.5,1535711544
596,2762,4.0,1535709608
596,2959,4.0,1535709472
596,3000,5.0,1535708657
596,3114,3.5,1535709752
596,3147,3.5,1535827380
596,3578,3.0,1535708234
596,3623,2.5,1535708359
596,3717,2.5,1535708483
596,4022,3.0,1535708697
596,4226,4.5,1535708239
596,4306,4.0,1535708237
596,4308,3.5,1535708422
596,4366,4.0,1535827080
596,4878,5.0,1535708338
596,4886,3.5,1535708252
596,4896,3.5,1535708342
596,4963,3.5,1535708292
596,4973,4.0,1535708250
596,4993,4.0,1535627335
596,4995,3.0,1535708291
596,5218,3.5,1535708397
596,5254,3.0,1535712077
596,5349,3.5,1535708298
596,5418,3.5,1535708323
596,5444,4.5,1535827295
596,5445,3.5,1535708295
596,5459,2.5,1535708434
596,5464,3.0,1535708589
596,5618,4.5,1535708620
596,5952,3.5,1535708244
596,5989,3.0,1535708327
596,6365,3.0,1535708712
596,6377,4.0,1535708253
596,6537,2.5,1535708503
596,6539,3.0,1535708248
596,6874,3.5,1535708284
596,6934,4.0,1535708402
596,7153,3.5,1535627339
596,7293,1.5,1535708553
596,7361,3.5,1535708285
596,7438,3.5,1535708325
596,7458,2.5,1535708569
596,8665,3.5,1535708358
596,8874,4.5,1535708382
596,8961,4.0,1535708318
596,30707,2.5,1535708432
596,30793,2.0,1535708484
596,31658,5.0,1535708584
596,32587,3.5,1535708713
596,33794,4.0,1535708299
596,40815,3.5,1535708394
596,44191,3.5,1535708699
596,46530,2.5,1535711532
596,48780,4.0,1535709630
596,49272,3.0,1535827494
596,49530,2.5,1535708487
596,52722,2.5,1535709918
596,53464,2.5,1535711551
596,54001,3.5,1535708457
596,58559,4.0,1535627189
596,59315,3.5,1535627196
596,59784,4.0,1535827135
596,60040,3.0,1535709906
596,60069,4.5,1535708340
596,60684,3.5,1535708520
596,64957,3.0,1535708576
596,66097,4.0,1535709650
596,68157,3.0,1535627202
596,68358,4.0,1535826934
596,68954,3.5,1535627198
596,69844,3.5,1535708467
596,70286,4.5,1535708409
596,71057,4.0,1535827098
596,71535,3.5,1535827216
596,71838,3.0,1535827352
596,72998,3.0,1535708708
596,73017,3.5,1535708445
596,74458,3.5,1535708406
596,76093,4.5,1535826865
596,77561,3.0,1535709827
596,78499,3.5,1535708446
596,79091,3.5,1535709685
596,79132,4.0,1535627191
596,80463,3.0,1535708468
596,81564,4.0,1535711563
596,81845,3.5,1535708438
596,82459,3.0,1535827370
596,85414,3.5,1535827361
596,86332,3.5,1535709825
596,88140,4.0,1535709842
596,89745,3.5,1535709723
596,90746,3.5,1535826991
596,91529,3.5,1535708390
596,91542,3.5,1535827425
596,92938,2.0,1535711656
596,93510,3.5,1535827450
596,95167,4.0,1535627502
596,95510,3.0,1535709899
596,96079,3.0,1535709753
596,96737,4.0,1535709594
596,97752,3.0,1535827204
596,97913,4.0,1535826920
596,98243,4.0,1535827280
596,98809,3.5,1535708581
596,99149,3.5,1535828165
596,102125,4.0,1535709834
596,102445,3.0,1535827137
596,102903,4.0,1535627488
596,103042,3.0,1535709903
596,106072,3.0,1535709902
596,106696,3.5,1535827238
596,107406,4.5,1535826040
596,108932,3.5,1535709681
596,109487,3.5,1535709470
596,110102,5.0,1535709675
596,110553,2.5,1535711538
596,111362,3.0,1535709898
596,111759,4.0,1535708521
596,111781,3.5,1535827475
596,111921,3.5,1535827343
596,112852,3.5,1535708424
596,115617,4.0,1535708586
596,116823,3.5,1535627499
596,122882,5.0,1535708481
596,122892,3.0,1535709830
596,122900,3.5,1535709687
596,122904,4.0,1535709074
596,122920,3.5,1535709553
596,122924,2.5,1535711539
596,134130,4.0,1535709440
596,134853,4.5,1535709490
596,135536,3.0,1535711661
596,135569,4.5,1535709626
596,136864,3.0,1535709925
596,138036,4.5,1535709739
596,139644,3.5,1535826710
596,149406,4.0,1535827378
596,160438,3.5,1535709735
597,1,4.0,941557863
597,10,3.0,941729264
597,47,4.0,940361541
597,50,5.0,940362491
597,70,2.0,941559139
597,110,5.0,940420585
597,153,3.0,941729824
597,260,5.0,940420585
597,356,5.0,941557913
597,377,4.0,941729132
597,457,5.0,940362150
597,541,4.0,940362325
597,588,4.0,941558405
597,589,5.0,940421094
597,648,4.0,941729483
597,733,1.0,940420917
597,778,5.0,940362008
597,780,1.0,941729029
597,858,5.0,940361738
597,919,4.0,941631197
597,1036,4.0,940362197
597,1089,4.0,940362491
597,1090,5.0,941639399
597,1097,5.0,941639399
597,1101,5.0,941729698
597,1136,4.0,941640314
597,1193,5.0,941640888
597,1196,5.0,940420585
597,1198,5.0,941730854
597,1200,5.0,941729229
597,1201,4.0,941729264
597,1208,5.0,941640239
597,1214,5.0,940420585
597,1221,5.0,940361738
597,1227,4.0,941639716
597,1240,4.0,940420695
597,1246,5.0,941639716
597,1259,5.0,941639716
597,1265,5.0,941557914
597,1270,5.0,941641148
597,1291,5.0,940420695
597,1370,4.0,941729657
597,1377,3.0,941730230
597,1380,5.0,941640505
597,1387,5.0,940421389
597,1527,4.0,941729029
597,1562,1.0,941730774
597,1580,3.0,941558308
597,1721,4.0,941631197
597,1732,4.0,941559248
597,1917,1.0,941730273
597,1923,5.0,941558175
597,1954,5.0,940421094
597,1961,5.0,941639536
597,2023,3.0,940361738
597,2028,5.0,941730854
597,2115,3.0,941729229
597,2174,4.0,941641110
597,2288,5.0,941729322
597,2403,5.0,941728937
597,2572,3.0,940420065
597,2628,3.0,940420799
597,2640,4.0,941640505
597,2706,5.0,941558175
597,2762,5.0,940360674
597,2858,5.0,940360674
597,2947,4.0,941730164
597,2949,5.0,941729862
598,4226,1.0,1430616896
598,4306,1.0,1430616891
598,4963,4.0,1430616903
598,5418,4.0,1430616915
598,5816,5.0,1430616936
598,7361,5.0,1430616909
598,54001,5.0,1430616999
598,63082,4.0,1430616973
598,79132,5.0,1430616930
598,130490,5.0,1430616732
599,1,3.0,1498524204
599,10,3.5,1498500281
599,47,4.0,1498499364
599,50,3.5,1498500777
599,70,3.5,1498501183
599,110,3.5,1498501202
599,111,3.5,1498500979
599,150,2.5,1498518425
599,153,2.0,1498511246
599,165,3.0,1498521550
599,253,3.0,1519120397
599,260,5.0,1498533468
599,296,5.0,1498456867
599,318,4.0,1498498867
599,356,3.5,1498797749
599,364,3.0,1498521329
599,367,3.0,1498525039
599,377,3.0,1498523288
599,457,3.0,1498523638
599,541,4.5,1498539290
599,588,3.0,1498523587
599,589,4.5,1498459510
599,594,3.5,1498501494
599,648,3.0,1498521434
599,733,3.5,1498797515
599,778,3.5,1498501560
599,780,3.5,1498542387
599,858,4.0,1498499662
599,919,3.0,1498523826
599,920,3.0,1498523846
599,924,5.0,1498456847
599,1028,2.5,1519120305
599,1036,4.0,1498498596
599,1089,5.0,1498533764
599,1090,3.5,1498501447
599,1097,4.0,1498498804
599,1101,2.5,1519119750
599,1136,4.5,1498539536
599,1196,5.0,1519029372
599,1198,3.5,1498500961
599,1200,5.0,1498533615
599,1201,3.5,1498500787
599,1208,5.0,1519029295
599,1213,4.0,1498500397
599,1214,5.0,1519029442
599,1219,3.0,1498526185
599,1221,4.0,1498499670
599,1240,3.5,1498501551
599,1246,4.0,1498498795
599,1258,3.5,1498501732
599,1259,3.0,1498524712
599,1265,4.0,1498499477
599,1270,3.5,1498501586
599,1291,4.0,1498498683
599,1370,2.5,1498516042
599,1377,4.5,1498539572
599,1380,3.0,1498524887
599,1387,3.5,1498500815
599,1527,4.0,1498498913
599,1562,1.5,1498504878
599,1580,3.0,1498525900
599,1584,2.0,1498510384
599,1625,2.5,1498517373
599,1653,3.5,1498797939
599,1676,3.0,1498521588
599,1682,4.0,1498498834
599,1721,3.0,1498524231
599,1732,5.0,1498456250
599,1917,3.0,1498523011
599,1923,3.0,1498525465
599,1954,4.0,1498499381
599,1961,3.5,1498542397
599,2023,2.5,1498518322
599,2028,3.5,1498537662
599,2115,3.5,1498501134
599,2161,4.0,1498499195
599,2174,3.5,1498501042
599,2288,3.5,1519117275
599,2329,4.0,1498499284
599,2355,3.0,1498521543
599,2403,3.0,1498522024
599,2571,5.0,1519029461
599,2572,3.0,1498522997
599,2628,3.0,1498524385
599,2640,4.0,1498499019
599,2706,2.5,1498518434
599,2761,3.0,1519118030
599,2762,3.5,1498501147
599,2858,5.0,1498533774
599,2947,4.0,1498499646
599,2949,2.5,1519121895
599,2953,2.5,1498517617
599,2959,5.0,1498456882
599,3000,3.0,1498519053
599,3147,3.0,1498525850
599,3471,3.5,1519118887
599,3527,4.0,1498498760
599,3578,3.5,1498501113
599,4011,3.0,1498519789
599,4022,2.5,1498516526
599,4226,4.5,1498762577
599,4262,3.5,1498500892
599,4306,2.5,1498516815
599,4308,2.5,1498511831
599,4776,3.0,1498523425
599,4878,3.5,1498501693
599,4886,2.5,1498515011
599,4896,3.0,1498525142
599,4963,4.0,1498499728
599,4973,5.0,1498533410
599,4993,4.0,1498499417
599,4995,2.5,1498518536
599,5254,3.5,1498501417
599,5266,2.5,1498515721
599,5349,3.5,1498501062
599,5418,3.0,1498525228
599,5445,2.5,1498517900
599,5464,3.0,1498525258
599,5618,2.5,1498532092
599,5816,3.0,1498525316
599,5952,3.0,1498523254
599,5989,3.0,1498523331
599,5995,4.0,1498499537
599,6365,3.0,1498525122
599,6378,2.5,1498517678
599,6537,2.5,1498516631
599,6539,2.5,1498516218
599,6754,2.5,1498515495
599,6874,5.0,1498457174
599,6934,3.0,1498525204
599,7143,4.0,1498499261
599,7153,3.0,1498526223
599,7254,1.5,1498504835
599,7361,3.0,1498519103
599,7438,4.0,1498499752
599,8529,2.0,1498510464
599,8665,3.0,1498525746
599,8874,3.0,1498523206
599,8961,2.5,1498518350
599,8984,2.5,1498515619
599,8985,1.5,1498504551
599,27773,4.0,1498499042
599,31658,2.5,1498533131
599,32587,3.5,1498500807
599,33794,3.0,1498521865
599,41566,2.5,1498515157
599,42738,2.5,1498515505
599,44191,3.5,1498542540
599,45186,3.0,1498523321
599,45720,2.5,1519119059
599,45722,2.5,1498528161
599,46530,3.0,1498523867
599,47099,2.5,1498517391
599,47200,2.5,1498514300
599,48394,3.0,1498519823
599,48516,3.0,1498522886
599,48780,3.0,1498522449
599,49272,3.0,1498521825
599,50872,3.0,1498525929
599,51540,3.0,1498524774
599,51662,3.0,1498525295
599,52328,4.0,1498499032
599,52722,2.5,1498515534
599,53125,2.5,1498528178
599,55820,3.0,1498523161
599,56174,2.5,1498530930
599,57640,3.5,1498501083
599,58559,3.5,1498798185
599,59315,3.0,1498521596
599,59369,2.5,1498518401
599,59615,2.0,1519119101
599,60040,3.0,1498524765
599,60069,4.0,1498498842
599,60074,2.0,1519120522
599,60684,3.0,1498523348
599,63082,3.5,1498539942
599,63113,2.5,1498527040
599,68157,3.5,1498500693
599,68358,3.5,1498501835
599,68954,3.0,1498524302
599,69122,3.0,1501801531
599,70286,3.0,1498523626
599,71535,3.0,1498524922
599,72998,2.5,1498518529
599,73017,3.0,1498523086
599,76093,2.5,1519118719
599,77561,3.5,1498798280
599,78105,2.0,1498537382
599,78499,2.5,1498516552
599,79091,3.0,1498524628
599,79132,3.0,1498521715
599,80463,4.5,1498539543
599,81562,4.0,1498499688
599,81591,4.0,1498499440
599,81845,3.0,1498521335
599,82459,3.0,1498523247
599,82461,3.5,1498615708
599,85414,3.0,1498524663
599,86332,2.5,1498517636
599,86880,2.5,1498528187
599,88129,3.5,1498501748
599,88140,3.0,1498524604
599,88744,3.0,1498527509
599,89745,3.0,1498522896
599,90405,2.5,1498514919
599,91529,3.0,1498527139
599,91542,3.0,1502113392
599,91630,3.0,1498528639
599,93510,2.5,1498529982
599,93840,3.5,1498501074
599,94478,2.0,1519134416
599,94864,3.5,1498542492
599,95441,2.0,1498532387
599,95510,3.0,1498524794
599,96079,3.5,1498527663
599,96737,3.5,1498542370
599,97752,3.0,1498523028
599,97921,3.0,1498521872
599,98809,2.5,1501802084
599,99114,3.5,1498528776
599,101864,3.0,1498530998
599,102125,3.0,1498523185
599,102445,3.0,1498523177
599,103042,2.5,1498517831
599,103228,3.0,1498528070
599,104841,3.0,1498528388
599,105844,3.5,1498528415
599,106072,2.5,1498529505
599,106782,3.0,1498528478
599,106916,3.5,1498501775
599,106920,3.0,1498528397
599,107406,3.5,1498529748
599,108945,2.5,1498530955
599,109487,3.5,1498532289
599,110102,3.0,1498528427
599,111360,3.0,1498541937
599,111362,3.5,1498501765
599,111759,3.5,1498529897
599,112171,3.0,1498529922
599,112183,3.5,1498529772
599,112552,3.0,1498589282
599,112556,3.5,1498529803
599,112623,3.0,1498527521
599,112852,3.5,1498529560
599,114180,2.5,1498530427
599,115617,2.0,1498529865
599,115713,3.5,1498528866
599,117895,2.5,1498530435
599,121231,3.5,1502116887
599,122882,4.0,1498854698
599,122892,2.5,1498529314
599,122900,2.5,1498529280
599,122904,3.5,1519457935
599,122920,2.5,1498529307
599,122924,2.5,1498529459
599,128360,3.0,1498528806
599,134130,3.5,1498677020
599,135569,3.0,1498524157
599,136562,3.5,1498528721
599,139644,3.0,1498778240
599,148626,3.0,1498629562
600,1,2.5,1237764347
600,47,4.0,1237852430
600,110,2.0,1237759135
600,150,2.0,1237710443
600,165,2.5,1237713030
600,253,4.5,1237713014
600,260,4.0,1237714798
600,296,4.5,1237712505
600,318,3.5,1237714787
600,356,4.0,1237852400
600,364,2.5,1237760758
600,367,3.0,1237715117
600,377,2.0,1237714778
600,457,3.0,1237712980
600,527,3.0,1237857081
600,588,3.5,1237709466
600,589,3.0,1237859381
600,594,3.0,1237742642
600,648,3.0,1237742329
600,778,3.5,1237712974
600,780,2.0,1237760690
600,858,4.0,1237712965
600,919,3.0,1237764353
600,924,4.0,1237708613
600,1028,3.0,1237713479
600,1036,3.0,1237859371
600,1097,2.0,1237764434
600,1136,4.5,1237850747
600,1196,4.0,1237760638
600,1198,4.0,1237850738
600,1200,2.0,1237759117
600,1213,2.0,1237742323
600,1214,2.5,1237709566
600,1219,4.0,1237858963
600,1240,3.0,1237715083
600,1246,2.5,1237759360
600,1258,3.5,1237850727
600,1259,3.0,1237858994
600,1265,4.0,1237858421
600,1270,4.5,1237711743
600,1291,4.0,1237859361
600,1370,3.0,1237715350
600,1380,3.5,1237759323
600,1584,2.0,1237712936
600,1676,0.5,1237850849
600,1682,3.5,1237712926
600,1721,3.0,1237742320
600,1732,3.5,1237759308
600,1917,2.0,1237710564
600,1923,3.0,1237712921
600,1954,2.0,1237713426
600,1961,3.5,1237857063
600,2115,3.5,1237715303
600,2161,3.5,1237715291
600,2174,4.5,1237858294
600,2329,4.0,1237743404
600,2355,3.0,1237759283
600,2571,3.0,1237712912
600,2572,3.0,1237708482
600,2628,1.0,1237712907
600,2640,3.5,1237764516
600,2706,1.5,1237709923
600,2762,3.5,1237857060
600,2858,4.5,1237710044
600,2953,3.0,1237715841
600,2959,4.5,1237743321
600,3000,4.0,1237759223
600,3114,2.0,1237759102
600,3147,3.0,1237715218
600,3471,4.0,1237759194
600,4226,4.0,1237742307
600,4306,3.5,1237712656
600,4308,4.0,1237850782
600,4643,2.0,1237761554
600,4886,3.0,1237761503
600,4896,4.0,1237713120
600,4963,1.0,1237759148
600,4973,4.0,1237709789
600,4993,5.0,1237714397
600,4995,3.0,1237711025
600,5349,3.5,1237715185
600,5459,2.5,1237761474
600,5618,5.0,1237746672
600,5816,4.0,1237713080
600,5952,5.0,1237764306
600,6377,4.0,1237858799
600,6874,4.5,1237859423
600,7153,5.0,1237759080
600,7293,3.0,1237708931
600,7361,5.0,1237712524
600,7438,4.5,1237859420
600,8368,4.0,1237713057
600,8533,3.0,1237714291
600,8644,0.5,1237761053
600,8665,0.5,1237761050
600,8874,4.5,1237742365
600,8972,1.0,1237851440
600,8984,1.0,1237761838
600,30793,3.0,1237715619
600,31658,5.0,1237746593
600,32587,2.0,1237850770
600,33794,2.5,1237760993
600,40815,4.0,1237761766
600,41566,1.0,1237764404
600,44191,0.5,1237760968
600,45186,3.0,1237760083
600,45722,4.0,1237715576
600,48394,4.5,1237764332
600,49530,1.0,1237851408
600,53125,4.0,1237713628
600,58559,3.5,1237851393
600,66097,4.0,1237708457
601,1,4.0,1521467801
601,47,4.0,1521467863
601,50,5.0,1441639169
601,318,5.0,1441639169
601,527,5.0,1441639169
601,858,5.0,1441639429
601,1136,4.0,1521467856
601,1193,4.0,1521467829
601,1198,4.0,1521467805
601,1203,5.0,1521398258
601,1221,4.5,1441639465
601,1527,4.0,1521398196
601,1584,3.5,1521397691
601,1721,4.0,1521398191
601,1917,4.0,1521397618
601,2028,5.0,1441639463
601,2355,4.5,1521397687
601,2571,5.0,1441639169
601,2762,4.5,1521398194
601,2959,5.0,1441639461
601,3000,4.0,1521467860
601,3114,3.5,1521467831
601,3578,4.5,1521398192
601,4226,5.0,1441639866
601,4306,4.0,1521467821
601,4886,5.0,1441639868
601,4963,4.5,1441639875
601,4993,5.0,1441639520
601,4995,4.0,1441639880
601,5445,4.0,1441639872
601,5618,5.0,1521397600
601,5952,5.0,1441639519
601,5989,4.5,1441639889
601,6377,5.0,1441639871
601,7153,5.0,1441639521
601,7361,4.5,1441639878
601,8961,5.0,1441639891
601,31658,5.0,1521467824
601,33794,4.5,1521467678
601,44191,4.0,1521467758
601,48394,4.0,1521467754
601,48516,5.0,1521467762
601,48780,4.5,1521467750
601,49272,4.0,1521467766
601,50872,5.0,1521398256
601,59315,5.0,1513712154
601,60069,5.0,1513712149
601,63082,4.0,1513712159
601,68157,4.0,1513712157
601,68954,5.0,1513712151
601,70286,4.5,1513712164
601,72998,4.0,1513712155
601,74458,4.5,1513712162
601,76093,5.0,1521398267
601,78499,4.0,1521397837
601,79132,5.0,1441639524
601,80463,4.5,1521397834
601,81845,4.0,1521397826
601,89745,4.5,1521397828
601,91529,4.5,1521397831
601,95167,4.0,1521397882
601,99114,4.0,1521397830
601,106782,4.5,1521397833
601,109487,5.0,1441639184
601,112556,4.0,1441639189
601,112852,4.0,1521467672
601,115617,4.5,1521398264
601,116797,4.0,1441639186
601,134853,5.0,1521397599
602,10,3.0,840875622
602,47,5.0,840875668
602,50,5.0,840875720
602,110,5.0,840875647
602,150,4.0,840875508
602,153,4.0,840875538
602,165,5.0,840875538
602,253,3.0,840875621
602,260,5.0,840875999
602,296,5.0,840875508
602,318,5.0,840875594
602,356,3.0,840875622
602,364,4.0,840875667
602,367,5.0,840875700
602,377,4.0,840875700
602,457,5.0,840875558
602,527,5.0,840875779
602,589,5.0,840875667
602,648,4.0,840875999
602,733,4.0,840876188
602,780,4.0,840876371
603,1,4.0,963178147
603,70,4.0,953925705
603,110,1.0,963177645
603,111,5.0,953926758
603,153,1.0,963177510
603,253,3.0,963176251
603,260,4.0,953926816
603,296,5.0,953925131
603,356,3.0,953926642
603,377,5.0,963177624
603,457,3.0,963177606
603,527,3.0,953925102
603,541,3.0,953925349
603,648,2.0,963177428
603,778,2.0,963179517
603,858,5.0,953926758
603,919,5.0,963177308
603,920,4.0,954482255
603,924,5.0,1000194332
603,1028,4.0,963176642
603,1036,4.0,953927732
603,1089,5.0,953925210
603,1097,4.0,953927858
603,1101,1.0,953928433
603,1193,4.0,953924781
603,1196,3.0,953927628
603,1198,4.0,953927655
603,1200,4.0,953927759
603,1201,5.0,963177205
603,1208,5.0,953926787
603,1213,4.0,963179312
603,1214,5.0,953925452
603,1219,5.0,953925452
603,1221,5.0,953926758
603,1227,4.0,953928000
603,1240,4.0,953927348
603,1246,3.0,953927908
603,1258,3.0,953925483
603,1265,5.0,954482210
603,1270,2.0,953927759
603,1291,3.0,953927884
603,1377,2.0,963177406
603,1380,4.0,953927040
603,1387,4.0,953925452
603,1580,4.0,963177406
603,1625,1.0,963176362
603,1653,4.0,963179791
603,1676,5.0,963177406
603,1682,2.0,963179734
603,1721,3.0,954482414
603,1732,5.0,963176362
603,1923,4.0,963178398
603,1954,4.0,953926900
603,2023,2.0,963177853
603,2028,5.0,963177579
603,2115,3.0,953928033
603,2174,4.0,953927858
603,2329,3.0,963179487
603,2571,5.0,963177606
603,2572,3.0,953925933
603,2628,1.0,963177792
603,2640,2.0,953926995
603,2706,2.0,953925933
603,2762,5.0,953926273
603,2858,5.0,953925031
603,2947,4.0,963177205
603,2949,4.0,963176570
603,2959,4.0,963176105
603,3147,4.0,963176151
603,3471,3.0,953926816
603,3578,4.0,963175947
603,3623,3.0,963175989
603,4011,4.0,1000194455
603,4226,5.0,1000194311
603,4643,1.0,1000194231
603,4776,4.0,1002403253
604,1,3.0,832079851
604,110,3.0,832079938
604,111,4.0,832079983
604,153,3.0,832079796
604,165,4.0,832079796
604,253,5.0,832079869
604,296,5.0,832079767
604,364,4.0,832081000
604,367,3.0,832081063
604,588,3.0,832079796
605,1,4.0,1277097561
605,110,3.0,1277097540
605,150,5.0,1277096909
605,153,4.0,1277097287
605,260,5.0,1277097531
605,296,2.0,1277097498
605,356,3.0,1277097509
605,367,4.0,1277176570
605,588,3.5,1277096156
605,589,3.5,1277097552
605,594,3.0,1277175753
605,780,3.5,1277097571
605,919,2.0,1277176088
605,1028,4.0,1277175750
605,1270,4.0,1277097144
605,1377,4.0,1277097292
605,1562,3.0,1277097247
605,1917,3.0,1277096948
605,2174,3.5,1277176674
605,2572,5.0,1277095714
605,3000,3.0,1277175648
605,3114,3.5,1277175677
605,4306,3.5,1277175745
605,4366,3.0,1277097020
605,4886,3.0,1277175594
605,4896,3.5,1277175611
605,4993,5.0,1277175627
605,5618,3.0,1277175651
605,5816,3.5,1277175857
605,5952,5.0,1277175638
605,6373,3.0,1277176552
605,6539,5.0,1277175742
605,6754,3.5,1277176591
605,7153,5.0,1277175635
605,7293,2.0,1277095858
605,8368,4.0,1277175600
605,30793,2.5,1277175883
605,31658,3.0,1277175622
605,33794,3.5,1277097267
605,40815,3.5,1277175603
605,41566,4.5,1277175810
605,42738,3.0,1277175806
605,45722,3.0,1277175866
605,46530,3.0,1277176632
605,46972,4.0,1277176500
605,51662,3.0,1277095823
605,53125,2.5,1277176614
605,54001,3.5,1277175607
605,54259,4.0,1277175689
605,59501,4.0,1277176583
605,60040,3.5,1277175876
605,60937,2.5,1277176939
605,63992,3.0,1277176508
605,68554,3.5,1277096822
605,69844,4.5,1277175829
605,72407,3.0,1277176141
605,72737,3.5,1277175682
605,72998,3.5,1277097079
605,74530,3.0,1277176182
605,76093,4.0,1277175655
605,78105,3.5,1277176533
606,1,2.5,1349082950
606,47,3.0,1171927423
606,50,4.5,1171234887
606,70,4.0,1171733439
606,110,3.5,1172969333
606,111,3.5,1171831405
606,260,4.5,1171324078
606,296,5.0,1171231349
606,318,3.5,1171927228
606,356,4.0,1171231370
606,367,3.0,1171754864
606,527,5.0,1171231423
606,541,5.0,1171325962
606,589,3.5,1171325855
606,594,3.5,1184619962
606,648,2.5,1228165022
606,778,4.0,1172952489
606,780,2.5,1173644144
606,858,4.0,1171234955
606,920,4.0,1175637519
606,924,5.0,1171310501
606,1028,4.0,1171501294
606,1089,5.0,1171327143
606,1090,4.0,1171233601
606,1097,3.5,1175636650
606,1101,2.5,1228165028
606,1136,4.0,1171736505
606,1193,4.5,1171376383
606,1196,4.5,1171324086
606,1198,3.5,1171310364
606,1200,3.5,1177104994
606,1201,4.0,1171237257
606,1208,4.5,1171309724
606,1209,4.5,1171379582
606,1214,4.0,1171325965
606,1219,4.5,1171326504
606,1221,4.0,1171237134
606,1227,4.0,1171236765
606,1240,4.0,1171325849
606,1246,4.0,1175637546
606,1258,4.5,1171236754
606,1259,4.0,1171825255
606,1270,3.5,1171325845
606,1291,4.0,1171754643
606,1380,3.5,1179353066
606,1527,4.0,1171325944
606,1580,2.5,1171310310
606,1584,3.5,1171831415
606,1653,3.5,1191610031
606,1682,4.5,1171814392
606,1721,4.0,1171325893
606,1732,4.5,1171311016
606,1923,3.0,1171407023
606,1954,3.5,1180224597
606,1961,4.0,1171927098
606,2028,4.0,1171233580
606,2115,3.5,1171754613
606,2161,4.0,1175637415
606,2174,4.0,1171580064
606,2329,4.0,1171927475
606,2355,3.0,1368460577
606,2571,5.0,1171325929
606,2628,3.5,1197932958
606,2706,1.0,1177539632
606,2762,4.0,1171360350
606,2858,4.5,1171323814
606,2947,3.5,1171755467
606,2959,5.0,1171231517
606,3000,5.0,1175637373
606,3147,3.5,1172157210
606,3578,3.5,1171323835
606,4022,3.5,1172927885
606,4226,4.0,1171231507
606,4262,4.0,1171817620
606,4306,4.0,1175637342
606,4308,4.0,1171501533
606,4886,4.0,1173570104
606,4896,4.0,1171322878
606,4963,4.0,1171365290
606,4973,4.5,1171233963
606,4993,4.5,1171376047
606,4995,4.0,1171323919
606,5218,4.5,1259446272
606,5349,4.0,1171408549
606,5418,4.0,1171736716
606,5445,4.0,1171762778
606,5459,2.0,1172011338
606,5618,4.5,1172441052
606,5816,4.0,1171322855
606,5952,4.5,1171310163
606,5989,3.0,1232574627
606,5995,4.5,1171233543
606,6365,2.0,1171761126
606,6373,2.5,1171814481
606,6377,4.0,1171310356
606,6539,3.0,1172015230
606,6564,2.0,1172012541
606,6874,4.5,1171235842
606,6934,2.0,1171761135
606,7143,4.0,1171311738
606,7153,4.5,1171310090
606,7361,4.0,1171814375
606,7438,4.5,1171233859
606,8368,4.0,1171322871
606,8529,3.0,1175636440
606,8961,4.0,1171237031
606,27773,3.5,1179872432
606,30707,4.0,1173392907
606,30793,4.0,1171361068
606,31658,4.0,1171311961
606,32587,4.0,1174427243
606,33004,3.0,1174786155
606,33615,4.0,1349083024
606,40815,3.5,1171322869
606,41566,3.5,1175285400
606,44022,4.0,1259446275
606,45517,3.5,1171578534
606,45720,3.5,1174786173
606,45722,2.0,1244571964
606,47099,3.5,1207232706
606,48394,4.0,1171375779
606,48516,3.5,1180223008
606,48780,4.0,1171237202
606,49530,3.5,1232574634
606,50872,4.0,1201790023
606,52722,2.0,1182202158
606,53125,2.0,1244571961
606,54001,3.5,1184173188
606,55820,3.0,1205248811
606,56174,2.5,1207232593
606,60069,4.0,1227191783
606,63082,5.0,1232573400
606,64614,4.5,1291933072
606,69644,4.0,1349091598
606,69844,4.0,1253746811
606,72998,3.0,1368460014
606,76093,4.0,1368460114
606,91500,4.5,1349082477
606,97225,3.5,1368460191
606,98243,3.0,1368460316
607,1,4.0,964744033
607,110,5.0,963078901
607,150,5.0,963079343
607,153,3.0,963080497
607,165,4.0,963080256
607,260,3.0,963078880
607,296,3.0,963079311
607,318,5.0,963080679
607,377,5.0,963080047
607,457,5.0,963078932
607,527,5.0,963079311
607,589,4.0,963078960
607,780,4.0,963080278
607,858,4.0,963078880
607,919,5.0,964744224
607,920,2.0,963078392
607,1036,5.0,963078932
607,1097,5.0,964744550
607,1101,4.0,963079043
607,1196,3.0,963078880
607,1213,4.0,963079311
607,1214,3.0,963079420
607,1219,3.0,963079420
607,1240,5.0,963078960
607,1258,5.0,963079441
607,1259,5.0,963079238
607,1265,3.0,963079131
607,1270,3.0,964744367
607,1291,4.0,963078932
607,1370,5.0,963080089
607,1377,3.0,963080345
607,1387,4.0,963078960
607,1527,4.0,963079014
607,1580,3.0,963079043
607,1625,5.0,964744168
607,1917,5.0,963080278
607,1954,4.0,963078960
607,2028,5.0,963078901
607,2115,3.0,963079043
607,2403,5.0,963078960
607,2571,5.0,963080047
607,2628,3.0,963171321
607,2762,5.0,963080679
607,2858,3.0,963079100
607,3114,3.0,963079100
607,3147,5.0,964743229
607,4022,4.0,997847173
608,1,2.5,1117408267
608,10,4.0,1117408486
608,47,4.5,1117162426
608,48,0.5,1117161754
608,50,4.5,1117491010
608,70,3.0,1117415406
608,110,4.0,1117162428
608,111,3.0,1147544014
608,150,2.0,1117162618
608,153,2.5,1117408484
608,253,3.0,1117162063
608,260,3.5,1117162625
608,296,5.0,1117162592
608,318,4.5,1147210910
608,356,3.0,1117162603
608,364,3.5,1117408428
608,367,2.0,1117408436
608,377,2.5,1117415171
608,457,3.0,1117162610
608,527,4.0,1117415161
608,541,3.5,1117490759
608,588,3.0,1117408230
608,589,3.0,1117415154
608,594,2.5,1147211020
608,648,3.5,1117415371
608,733,4.0,1117408408
608,778,3.0,1117336733
608,780,3.0,1117408246
608,858,5.0,1117408367
608,919,2.5,1117408378
608,924,3.0,1147210995
608,1036,3.0,1117415358
608,1089,4.0,1117407755
608,1097,2.5,1117504315
608,1101,3.0,1117408357
608,1136,3.0,1117491522
608,1193,3.5,1117503152
608,1196,4.0,1117491243
608,1200,4.5,1117491293
608,1208,3.0,1117408362
608,1213,4.5,1189471142
608,1214,4.0,1117491494
608,1219,3.0,1117503132
608,1221,4.5,1117503038
608,1240,3.5,1117491402
608,1258,4.0,1189471100
608,1265,3.5,1117491561
608,1270,2.0,1117162329
608,1291,4.0,1117491212
608,1377,2.5,1117408352
608,1387,2.5,1117491608
608,1527,4.0,1117162143
608,1562,2.0,1117504777
608,1580,3.5,1117490704
608,1584,2.5,1117408347
608,1625,4.0,1147794853
608,1653,5.0,1117162487
608,1676,3.5,1117408304
608,1682,4.5,1117162316
608,1721,2.0,1117408294
608,1732,4.0,1147794788
608,1907,3.5,1117504918
608,1917,3.5,1117504416
608,1923,3.5,1117408287
608,1954,4.5,1117504516
608,1961,4.5,1117409451
608,2023,4.5,1189471155
608,2028,4.5,1117415309
608,2115,3.0,1117162059
608,2161,3.0,1117504685
608,2174,3.0,1117408291
608,2329,4.0,1117162555
608,2355,4.0,1117504396
608,2571,5.0,1117162423
608,2628,4.0,1117408301
608,2640,2.5,1117415294
608,2706,2.5,1117490694
608,2761,4.5,1117502634
608,2762,4.5,1189471095
608,2858,5.0,1117336673
608,2953,1.0,1117505162
608,2959,5.0,1117336631
608,3114,2.5,1117504405
608,3147,4.0,1117337020
608,3471,2.5,1117490710
608,3527,3.0,1117162141
608,3578,4.0,1117162075
608,3623,3.5,1117408243
608,3717,3.5,1189471151
608,4011,5.0,1117162177
608,4016,4.0,1117162351
608,4022,3.0,1117408281
608,4226,4.5,1147794895
608,4262,4.0,1147964288
608,4306,4.5,1117491236
608,4308,0.5,1117490806
608,4366,3.0,1117675131
608,4643,3.0,1117415413
608,4776,4.5,1147794936
608,4878,4.5,1117336655
608,4886,4.0,1117162255
608,4896,3.0,1117162371
608,4963,4.5,1117162382
608,4993,4.5,1117407739
608,4995,4.5,1189471185
608,5218,4.0,1147794876
608,5254,4.5,1117415398
608,5266,4.5,1117502912
608,5349,3.0,1117408260
608,5418,4.5,1147794807
608,5444,3.5,1117491513
608,5445,4.5,1147794899
608,5459,4.0,1117491650
608,5464,4.0,1189471112
608,5618,3.5,1117407759
608,5816,3.0,1117162364
608,5872,3.5,1117507938
608,5952,4.5,1117407736
608,5989,4.0,1189471178
608,6365,5.0,1117408161
608,6373,4.5,1117408463
608,6377,4.0,1117162293
608,6378,4.5,1117161981
608,6537,4.0,1117490772
608,6539,4.0,1117162561
608,6754,4.5,1189471086
608,6874,4.0,1189471139
608,6934,5.0,1117503355
608,7143,4.0,1117161996
608,7153,4.0,1117162552
608,7254,4.0,1117162467
608,7361,4.5,1147794846
608,7438,4.0,1189471137
608,8368,4.0,1117162241
608,8529,2.5,1117502907
608,8644,4.5,1117336993
608,8665,4.0,1147794810
608,8874,5.0,1117491297
608,8957,3.5,1117491318
608,8961,4.0,1117162564
608,8972,4.5,1117674616
608,8984,4.5,1117503249
608,32587,5.0,1117162247
608,34048,4.5,1147211844
608,42738,4.0,1147794430
608,44191,4.0,1147964276
608,51662,5.0,1189563889
609,1,3.0,847221025
609,10,4.0,847220937
609,110,3.0,847220990
609,150,3.0,847220802
609,253,4.0,847220990
609,296,4.0,847220802
609,318,4.0,847220907
609,356,4.0,847220869
609,457,4.0,847220843
609,589,3.0,847220990
610,1,5.0,1479542900
610,47,5.0,1479545853
610,50,4.0,1493844757
610,70,4.0,1495959282
610,110,4.5,1479545829
610,111,5.0,1479542162
610,153,3.0,1479544720
610,260,5.0,1479543007
610,296,5.0,1479545817
610,318,3.0,1479541963
610,356,3.0,1493844769
610,367,3.5,1479544707
610,377,5.0,1479545866
610,457,4.5,1479545836
610,527,3.5,1479545826
610,541,5.0,1493850255
610,589,5.0,1479542983
610,778,5.0,1479542077
610,780,3.5,1479545838
610,858,5.0,1479545844
610,919,3.5,1493850305
610,924,4.5,1493850330
610,1036,5.0,1493850224
610,1089,5.0,1479542947
610,1090,4.0,1493850277
610,1097,4.5,1479542978
610,1136,5.0,1479543327
610,1196,5.0,1479544565
610,1198,5.0,1479545833
610,1200,5.0,1479544099
610,1201,5.0,1479542951
610,1208,5.0,1479542936
610,1209,5.0,1479544789
610,1213,5.0,1479542160
610,1214,4.5,1493850227
610,1221,5.0,1479542899
610,1227,4.0,1479544796
610,1240,5.0,1479544100
610,1258,5.0,1479543008
610,1265,4.5,1493850236
610,1270,5.0,1479542897
610,1291,4.5,1493850234
610,1527,4.5,1479542785
610,1676,5.0,1479545766
610,1682,5.0,1479543017
610,1721,3.0,1479544112
610,1732,4.5,1479544321
610,1923,5.0,1479544264
610,2028,5.0,1479545856
610,2161,4.0,1493879450
610,2288,5.0,1479542921
610,2355,3.5,1493846606
610,2403,4.5,1493850303
610,2571,5.0,1479545822
610,2628,3.0,1493879393
610,2762,4.5,1479545862
610,2858,3.5,1479545841
610,2959,5.0,1479541966
610,3114,5.0,1479542923
610,3147,2.5,1479544627
610,3527,5.0,1479545223
610,3578,5.0,1493844672
610,3623,3.0,1479542001
610,3717,2.5,1493845921
610,4011,4.5,1493844858
610,4016,3.5,1493846482
610,4022,3.5,1493844852
610,4226,5.0,1493844685
610,4262,4.5,1493850328
610,4306,3.5,1493844678
610,4308,2.5,1493844949
610,4643,2.0,1493845414
610,4776,4.5,1493845937
610,4878,5.0,1493844843
610,4886,4.0,1479542968
610,4896,4.0,1493844855
610,4963,4.0,1493844817
610,4973,4.0,1479543012
610,4993,5.0,1479545850
610,5254,4.0,1493848113
610,5266,3.5,1493845169
610,5349,4.5,1479542641
610,5418,4.0,1493844837
610,5444,3.5,1493846492
610,5445,4.0,1493844814
610,5459,3.0,1493844971
610,5464,3.5,1493845116
610,5618,4.0,1493844894
610,5816,4.0,1493844904
610,5952,5.0,1479545858
610,5989,3.5,1493844847
610,6365,4.0,1493844872
610,6373,3.5,1479544716
610,6377,4.0,1493844706
610,6378,3.5,1493844983
610,6537,3.5,1493845399
610,6539,4.0,1493844694
610,6754,3.0,1493846017
610,6874,4.5,1493844709
610,6934,3.5,1493845393
610,7143,3.5,1493844937
610,7153,5.0,1479545863
610,7293,3.5,1493847055
610,7361,5.0,1479543278
610,7438,4.5,1493844840
610,8368,4.5,1493844901
610,8644,3.0,1493844931
610,8665,4.5,1493845012
610,8874,5.0,1479542569
610,8957,3.0,1493847395
610,8961,5.0,1493844829
610,8985,2.5,1493845630
610,27773,5.0,1479545109
610,30793,3.0,1493846721
610,32587,4.5,1493844885
610,33004,3.5,1493846744
610,33794,4.0,1493844834
610,34048,4.0,1493845446
610,40815,3.5,1493846711
610,41569,3.5,1493846756
610,42738,2.5,1493845614
610,44191,3.5,1493844860
610,45186,4.0,1493846058
610,45517,3.0,1493846485
610,45722,3.5,1493844944
610,46530,3.5,1493845554
610,47200,3.0,1493847508
610,48394,4.0,1479542910
610,48516,5.0,1479542152
610,48780,4.0,1479542917
610,49272,5.0,1493845898
610,49530,3.0,1493845930
610,50872,5.0,1493846461
610,51540,5.0,1493845248
610,51662,4.0,1493845902
610,52328,4.0,1479542085
610,52722,3.5,1479542644
610,53125,3.5,1493845941
610,53972,4.0,1493846012
610,54001,4.0,1493846714
610,54259,4.0,1493847815
610,54997,3.5,1493849956
610,55820,5.0,1479544325
610,56174,4.0,1493845074
610,57640,4.0,1493846790
610,58559,4.5,1493844688
610,58998,4.0,1493849378
610,59315,4.0,1493844870
610,59369,3.5,1493845948
610,59615,3.0,1493846768
610,59784,3.5,1479542284
610,60040,3.5,1493845556
610,60069,4.5,1493844866
610,60072,2.0,1493849053
610,60074,3.0,1493846015
610,60684,3.5,1493845433
610,63082,5.0,1479542074
610,63113,3.5,1493846027
610,66097,4.0,1493846499
610,68157,5.0,1493845023
610,68358,4.0,1493844951
610,68791,3.0,1493846130
610,68954,3.5,1493844881
610,69122,4.0,1493844961
610,69844,4.0,1493846723
610,70286,4.5,1479542926
610,71057,3.0,1493845648
610,71535,3.5,1493847030
610,72998,4.5,1479544106
610,73017,3.5,1493845069
610,74458,4.5,1479542157
610,76093,5.0,1493846467
610,77561,3.5,1493845451
610,78499,5.0,1493846463
610,79091,4.0,1493846478
610,79132,4.0,1493844703
610,79293,3.0,1493849102
610,79695,3.0,1479545724
610,81562,4.0,1479542082
610,81591,3.5,1493849078
610,81845,3.5,1493845059
610,82459,4.0,1479544338
610,82461,3.5,1493845579
610,85414,3.0,1493849084
610,85788,3.5,1493849748
610,86332,3.5,1493846761
610,86880,3.0,1493846112
610,87222,3.5,1479542292
610,87869,3.5,1493847206
610,87876,2.5,1493846648
610,88129,5.0,1493845236
610,88744,4.0,1493846002
610,89745,5.0,1479542608
610,90746,3.5,1493846275
610,91485,3.0,1493846912
610,91500,4.0,1493845427
610,91529,4.5,1493844922
610,91535,3.5,1493846223
610,91542,3.5,1493847422
610,91630,4.5,1493846078
610,92420,5.0,1479542965
610,93840,5.0,1479542624
610,94777,3.5,1493846162
610,94864,3.5,1493845520
610,95167,3.5,1493846610
610,95441,4.0,1493847201
610,95510,3.5,1493847823
610,96079,4.0,1493846754
610,96811,4.0,1493847640
610,96861,2.0,1493850474
610,97304,4.0,1479542971
610,97752,3.5,1493845575
610,97913,4.0,1493846512
610,97921,4.5,1493845228
610,97938,4.0,1493846036
610,98809,3.5,1493846747
610,99112,3.5,1493849675
610,99114,4.5,1493844914
610,100163,3.0,1493847984
610,100383,3.5,1493847671
610,101864,2.5,1493846142
610,102125,5.0,1479545231
610,102445,3.0,1493845494
610,102903,3.0,1493849558
610,103042,3.0,1493846164
610,103075,2.5,1493848216
610,103141,3.5,1493846613
610,103228,4.5,1493845597
610,103249,3.0,1493845313
610,103253,3.5,1493846159
610,103341,5.0,1479542567
610,103384,3.5,1493846980
610,103688,4.0,1493849694
610,104374,4.0,1493845608
610,104879,4.0,1493847493
610,104908,3.0,1493848350
610,105504,3.0,1493849587
610,106072,3.5,1493846174
610,106100,4.0,1493845281
610,106487,4.0,1493846765
610,106782,4.5,1479542155
610,106916,4.0,1493847503
610,106920,5.0,1479542973
610,107406,5.0,1479545166
610,108932,4.0,1493846510
610,109374,4.5,1493845137
610,109487,3.5,1493845041
610,109578,3.5,1493849211
610,110102,4.5,1493845487
610,110553,2.0,1493846882
610,111360,3.0,1479542789
610,111362,4.0,1493846769
610,111759,4.0,1493845961
610,111781,4.0,1493849614
610,112138,4.5,1493846249
610,112171,3.5,1493847589
610,112175,5.0,1493846811
610,112183,5.0,1493845270
610,112556,4.0,1493845119
610,112623,4.5,1493845590
610,112818,3.0,1493848354
610,112852,4.5,1493845402
610,113345,2.5,1479543342
610,113348,2.5,1493848016
610,113573,3.0,1493847726
610,114180,3.5,1493845620
610,114795,2.5,1493847994
610,115210,4.0,1493849803
610,115569,4.5,1493845291
610,115617,4.0,1493845995
610,116823,4.0,1493845570
610,116977,3.0,1479544278
610,117529,3.5,1493846119
610,120466,3.5,1493845723
610,120635,1.0,1493850489
610,120799,2.5,1493845842
610,121231,5.0,1493848188
610,122882,5.0,1493845444
610,122892,4.0,1479542606
610,122900,3.5,1493846126
610,122904,3.0,1493845981
610,122920,5.0,1493845626
610,122924,3.5,1493845868
610,128360,4.5,1493847496
610,129937,3.0,1493849305
610,130634,4.5,1493846403
610,132046,3.0,1493846961
610,134130,3.5,1479543002
610,134393,3.5,1479542759
610,134853,3.5,1493845106
610,135133,4.0,1493846237
610,135536,2.5,1493847638
610,135569,3.5,1493846966
610,136016,3.5,1493846626
610,136020,3.5,1493846863
610,136864,3.5,1493846904
610,137857,4.0,1493846975
610,138036,3.5,1493846318
610,139385,4.5,1493846777
610,139644,4.5,1493846253
610,140174,4.0,1493849625
610,140267,4.0,1493848268
610,143385,4.0,1493849643
610,148626,4.0,1493847175
610,149406,3.5,1479542295
610,152077,4.0,1493845817
610,158872,3.5,1493848024
610,159093,3.0,1493847704
610,160080,3.0,1493848031
610,160571,3.0,1493848537
